desarrollo,colonia,m2_interiores,m2_totales,m2_jardin,m2_terraza,estacionamientos,eje,precio_listado,precio_cerrado,descuento_pct,fecha_creacion,fecha_firma,anio_firma,mes_firma,dias_creacion_a_firma,precio_m2
Paseo Miró C,Zibatá,128.7,173.4,44.7,0.0,2.0,Horizontal,2285000.0,2285000.0,0.0,2018-04-24,2019-05-18,2019.0,5.0,389.0,17754.467754467754
Alegra Towers,Juriquilla Santa Fe,97.6,106.0,0.0,8.4,2.0,Vertical,3250538.55,3055506.24,6.0,2016-07-04,2019-04-29,2019.0,4.0,1029.0,31306.41639344263
Alegra Towers,Juriquilla Santa Fe,344.1,357.1,0.0,13.0,3.0,Vertical,11685104.7,10750296.32,8.0,2016-07-04,2019-05-15,2019.0,5.0,1045.0,31241.779482708513
Paseo Miró C,Zibatá,165.7,194.0,28.3,0.0,2.0,Horizontal,2475992.63,2475992.63,0.0,2018-04-24,2019-04-19,2019.0,4.0,360.0,14942.622993361498
Alegra Towers,Juriquilla Santa Fe,97.6,106.0,0.0,8.4,2.0,Vertical,3153361.4,2964159.72,6.0,2016-07-04,2019-04-29,2019.0,4.0,1029.0,30370.488934426234
Amara,Altos Juriquilla,165.3,245.3,80.0,0.0,2.0,Horizontal,3009956.29,3009956.29,0.0,2017-10-26,2019-04-27,2019.0,4.0,548.0,18209.051966122202
Alegra Towers,Juriquilla Santa Fe,97.5,105.9,0.0,8.4,2.0,Vertical,3290250.0,3092835.0,6.0,2016-07-04,2019-04-29,2019.0,4.0,1029.0,31721.384615384617
Alegra Towers,Juriquilla Santa Fe,132.2,144.1,0.0,11.9,2.0,Vertical,2669165.0,2669165.0,0.0,2016-07-04,2019-04-23,2019.0,4.0,1023.0,20190.35552193646
El Motivo,Zakia,148.7,196.7,0.0,48.0,2.0,Horizontal,2042947.44,2042947.44,0.0,2017-08-01,2019-05-03,2019.0,5.0,640.0,13738.718493611299
Amara Grand,Altos Juriquilla,179.5,233.4,53.9,0.0,2.0,Horizontal,3179564.6,3179564.6,0.0,2018-07-09,2019-04-29,2019.0,4.0,294.0,17713.45181058496
El Motivo,Zakia,146.7,214.7,0.0,68.0,2.0,Horizontal,2122974.82,2150874.82,0.0,2017-08-01,2019-05-07,2019.0,5.0,644.0,14661.723381049762
Paseo Miró C,Zibatá,142.5,158.3,15.8,0.0,2.0,Horizontal,2276645.0,2276645.0,0.0,2018-04-24,2019-05-23,2019.0,5.0,394.0,15976.456140350878
Esencia,Zakia,121.5,154.9,33.4,0.0,2.0,Horizontal,2017471.4,1987209.33,1.5,2017-03-02,2019-04-30,2019.0,4.0,789.0,16355.632345679012
Amara,Altos Juriquilla,177.5,193.9,16.4,0.0,2.0,Horizontal,2965041.7,2919365.66,2.5,2017-10-26,2019-05-17,2019.0,5.0,568.0,16447.13047887324
Paseo Monet,Zibatá,205.8,242.1,36.3,0.0,2.0,Horizontal,3020948.77,2965475.05,2.5,2017-06-02,2019-04-29,2019.0,4.0,696.0,14409.499757045674
Paseo Miró C,Zibatá,165.7,194.0,28.3,0.0,2.0,Horizontal,2524672.48,2527349.12,0.5,2018-04-24,2019-04-30,2019.0,4.0,371.0,15252.559565479785
Paseo Miró C,Zibatá,165.7,194.0,28.3,0.0,2.0,Horizontal,2512502.52,2512502.52,0.0,2018-04-24,2019-04-30,2019.0,4.0,371.0,15162.960289680146
Amara,Altos Juriquilla,143.2,170.5,27.3,0.0,2.0,Horizontal,2705780.71,2651665.1,2.0,2017-10-26,2019-04-30,2019.0,4.0,551.0,18517.21438547486
El Motivo,Zakia,156.8,223.3,66.5,0.0,2.0,Horizontal,2389111.96,2389111.96,0.0,2017-08-01,2019-07-12,2019.0,7.0,710.0,15236.683418367345
El Motivo,Zakia,136.1,194.1,0.0,58.0,2.0,Horizontal,2000637.54,2016037.54,0.0,2017-08-01,2019-07-16,2019.0,7.0,714.0,14812.913592946365
El Motivo,Zakia,155.3,162.3,0.0,7.0,2.0,Horizontal,2065019.3,2065019.3,0.0,2017-08-01,2019-07-27,2019.0,7.0,725.0,13296.969092079844
El Motivo,Zakia,156.8,276.3,119.5,0.0,2.0,Horizontal,2575111.96,2575111.96,0.0,2017-08-01,2019-07-18,2019.0,7.0,716.0,16422.907908163263
El Motivo,Zakia,156.8,221.4,64.6,0.0,2.0,Horizontal,2558320.82,2558320.82,0.0,2017-08-01,2019-07-22,2019.0,7.0,720.0,16315.821556122446
Esencia,Zakia,143.2,168.2,25.0,0.0,2.0,Horizontal,2287350.53,2330350.53,0.0,2017-03-02,2019-07-31,2019.0,7.0,881.0,16273.397555865922
Ambrosía,Lomas de Juriquilla,207.2,248.1,40.9,0.0,2.0,Horizontal,3351460.92,3291460.92,0.0,2017-01-09,2019-07-24,2019.0,7.0,926.0,15885.429150579152
Amara Grand,Altos Juriquilla,238.8,283.8,45.0,0.0,2.0,Horizontal,4122218.7,4122218.7,0.0,2018-07-09,2019-08-09,2019.0,8.0,396.0,17262.222361809047
Esencia,Zakia,180.6,208.7,28.1,0.0,2.0,Horizontal,2803038.58,2803038.58,0.0,2017-03-02,2019-07-29,2019.0,7.0,879.0,15520.70088593577
Paseo Dalí,Zibatá,192.9,261.5,68.6,0.0,2.0,Horizontal,3173205.0,3046276.8,4.0,2015-08-10,2019-07-31,2019.0,7.0,1451.0,15791.999999999998
Paseo Miró C,Zibatá,165.7,194.0,28.3,0.0,2.0,Horizontal,2512502.52,2512502.52,0.0,2018-04-24,2019-08-22,2019.0,8.0,485.0,15162.960289680146
Paseo Miró B,Zibatá,149.4,161.06,0.0,11.66,2.0,Subvertical,2791437.0,2755285.45,1.5,2019-07-25,2020-03-06,2020.0,3.0,225.0,18442.339022757697
El Motivo,Zakia,156.8,221.4,64.6,0.0,2.0,Horizontal,2558320.82,2558320.82,0.0,2017-08-01,2019-07-28,2019.0,7.0,726.0,16315.821556122446
Paseo Miró B,Zibatá,252.1,322.67,0.0,70.57,2.0,Subvertical,4172686.0,4278076.62,4.0,2019-07-31,2019-08-18,2019.0,8.0,18.0,16969.760491868306
Armonía,Zakia,180.0,206.7,26.7,0.0,0.0,Horizontal,2989623.13,2989623.13,0.0,2019-01-17,2019-07-28,2019.0,7.0,192.0,16609.01738888889
Paseo Miró B,Zibatá,148.1,159.76,0.0,11.66,2.0,Subvertical,3012338.0,3011314.62,1.0,2019-07-25,2019-08-17,2019.0,8.0,23.0,20332.98190411884
Amara,Altos Juriquilla,121.2,154.6,33.4,0.0,2.0,Horizontal,2309750.67,2309750.67,0.0,2017-10-26,2019-08-31,2019.0,8.0,674.0,19057.348762376238
Paseo Miró B,Zibatá,160.3,216.12,0.0,55.82,2.0,Subvertical,2565273.33,2539620.6,1.0,2019-07-31,2020-11-13,2020.0,11.0,471.0,15842.923268870867
Paseo Miró B,Zibatá,149.2,224.66,63.8,11.66,2.0,Subvertical,3417616.65,3383440.48,1.0,2019-07-25,2019-09-07,2019.0,9.0,44.0,22677.215013404828
Paseo Miró B,Zibatá,106.9,145.45,0.0,38.55,2.0,Subvertical,1993622.0,1913877.12,4.0,2019-07-25,2020-03-20,2020.0,3.0,239.0,17903.434237605237
Amara,Altos Juriquilla,158.0,179.0,21.0,0.0,2.0,Horizontal,2734267.2,2734267.2,0.0,2017-10-26,2019-08-22,2019.0,8.0,665.0,17305.488607594936
Paseo Miró B,Zibatá,198.6,245.46,0.0,46.86,2.0,Subvertical,3008957.0,2938957.0,0.0,2019-07-25,2020-02-22,2020.0,2.0,212.0,14798.373615307151
Paseo Miró B,Zibatá,112.2,123.93,0.0,11.73,1.0,Subvertical,2450295.09,2352283.29,4.0,2019-07-25,2020-02-27,2020.0,2.0,217.0,20965.091711229947
Paseo Miró B,Zibatá,198.6,245.46,0.0,46.86,2.0,Subvertical,3023957.0,2978597.65,1.5,2019-07-25,2020-03-01,2020.0,3.0,220.0,14997.974068479356
Paseo Miró B,Zibatá,74.2,80.04,0.0,5.84,1.0,Subvertical,1669514.0,1694471.29,1.5,2019-07-25,2020-03-01,2020.0,3.0,220.0,22836.540296495958
Paseo Miró B,Zibatá,74.2,80.04,0.0,5.84,1.0,Subvertical,1698014.0,1681033.86,1.0,2019-07-25,2020-03-06,2020.0,3.0,225.0,22655.442857142858
Paseo Miró B,Zibatá,112.2,123.93,0.0,11.73,1.0,Subvertical,2049438.0,2049438.0,0.0,2019-07-25,2020-04-08,2020.0,4.0,258.0,18265.935828877005
Paseo Miró B,Zibatá,112.2,123.93,0.0,11.73,1.0,Subvertical,2461295.09,2362843.29,4.0,2019-07-25,2020-03-09,2020.0,3.0,228.0,21059.20935828877
Paseo Monet,Zibatá,192.5,248.1,55.6,0.0,2.0,Horizontal,2906259.0,2919859.0,0.0,2017-06-02,2019-08-16,2019.0,8.0,805.0,15168.0987012987
Amara,Altos Juriquilla,192.1,276.6,15.0,69.5,2.0,Horizontal,3102345.9,3102345.9,0.0,2017-10-26,2019-07-29,2019.0,7.0,641.0,16149.640291514836
Paseo Miró B,Zibatá,148.3,256.63,96.6,11.73,2.0,Subvertical,3092614.0,3075149.67,1.0,2019-07-25,2020-07-10,2020.0,7.0,351.0,20736.00586648685
Paseo Miró C,Zibatá,184.5,224.3,39.8,0.0,2.0,Horizontal,2747000.0,2700975.44,2.5,2018-04-24,2019-08-08,2019.0,8.0,471.0,14639.43327913279
Paseo Miró B,Zibatá,149.4,161.06,0.0,11.66,2.0,Subvertical,2784937.0,2826167.88,1.0,2019-07-25,2020-11-30,2020.0,11.0,494.0,18916.786345381526
Paseo Miró B,Zibatá,74.2,112.04,32.0,5.84,2.0,Subvertical,1794654.0,1722867.84,4.0,2019-07-25,2020-03-13,2020.0,3.0,232.0,23219.243126684636
Paseo Miró B,Zibatá,148.1,159.76,0.0,11.66,2.0,Subvertical,2777193.0,2749421.07,1.0,2019-07-25,2019-08-15,2019.0,8.0,21.0,18564.625725860904
Paseo Miró B,Zibatá,186.3,203.83,0.0,17.53,2.0,Subvertical,3789987.05,3752087.18,1.0,2019-07-31,2019-08-31,2019.0,8.0,31.0,20140.02780461621
Paseo Miró B,Zibatá,252.1,322.67,0.0,70.57,2.0,Subvertical,3871846.9,3729273.02,4.0,2019-07-25,2019-07-31,2019.0,7.0,6.0,14792.832288774296
El Motivo,Zakia,155.3,162.3,0.0,7.0,2.0,Horizontal,2065019.3,2065019.3,0.0,2017-08-01,2019-07-31,2019.0,7.0,729.0,13296.969092079844
Paseo Miró B,Zibatá,149.4,161.06,0.0,11.66,2.0,Subvertical,2902410.25,2906610.25,0.0,2019-07-31,2020-07-24,2020.0,7.0,359.0,19455.22255689424
Paseo Miró B,Zibatá,112.2,123.93,0.0,11.73,1.0,Subvertical,2179463.49,2157668.86,1.0,2019-07-31,2022-03-04,2022.0,3.0,947.0,19230.560249554364
Paseo Miró C,Zibatá,184.5,224.3,39.8,0.0,2.0,Horizontal,2769821.08,2769821.08,0.0,2018-04-24,2019-08-08,2019.0,8.0,471.0,15012.580379403795
Paseo Miró B,Zibatá,106.9,145.45,0.0,38.55,2.0,Subvertical,2120125.87,2098924.61,1.0,2019-07-31,2020-10-01,2020.0,10.0,428.0,19634.46782039289
Paseo Miró B,Zibatá,198.6,245.46,0.0,46.86,2.0,Subvertical,3077818.51,3047040.32,1.0,2019-07-31,2020-10-01,2020.0,10.0,428.0,15342.59979859013
Paseo Miró B,Zibatá,74.2,80.04,0.0,5.84,1.0,Subvertical,1773454.0,1823747.35,0.5,2019-07-31,2020-10-30,2020.0,10.0,457.0,24578.80525606469
Amara,Altos Juriquilla,165.7,206.99,28.8,12.49,2.0,Horizontal,2881319.5,2841859.05,1.55,2017-10-26,2019-08-30,2019.0,8.0,673.0,17150.62794206397
Paseo Miró B,Zibatá,74.2,80.04,0.0,5.84,1.0,Subvertical,1834735.0,1834735.0,0.0,2019-07-31,2019-09-07,2019.0,9.0,38.0,24726.886792452828
Armonía,Zakia,165.3,186.6,21.3,0.0,2.0,Horizontal,2586456.7,2586456.7,0.0,2019-01-17,2019-08-15,2019.0,8.0,210.0,15647.045977011494
Paseo Miró B,Zibatá,160.3,216.12,0.0,55.82,2.0,Subvertical,2436716.0,2412171.53,2.3,2019-07-25,2020-03-09,2020.0,3.0,228.0,15047.857330006236
Vista Esmeralda,Los Olvera,272.0,272.0,0.0,0.0,2.0,Horizontal,2874747.15,2845999.68,1.0,2013-01-16,2019-08-16,2019.0,8.0,2403.0,10463.23411764706
Amara Grand,Altos Juriquilla,179.5,207.8,28.3,0.0,2.0,Horizontal,3090447.21,3090447.21,0.0,2018-07-09,2019-08-23,2019.0,8.0,410.0,17216.976100278553
Paseo Miró C,Zibatá,184.5,224.3,39.8,0.0,2.0,Horizontal,2632228.88,2692978.88,0.0,2018-04-24,2019-08-13,2019.0,8.0,476.0,14596.091490514904
Paseo Miró C,Zibatá,184.5,224.3,39.8,0.0,2.0,Horizontal,2835292.96,2796510.64,2.5,2018-04-24,2019-10-18,2019.0,10.0,542.0,15157.239241192412
Paseo Miró B,Zibatá,112.2,123.93,0.0,11.73,2.0,Subvertical,2212743.49,2068915.16,6.5,2019-07-31,2020-11-28,2020.0,11.0,486.0,18439.529055258467
El Motivo,Zakia,130.9,147.9,0.0,17.0,2.0,Horizontal,1944257.11,1895650.68,2.5,2017-08-01,2019-08-21,2019.0,8.0,750.0,14481.670588235293
Amara,Altos Juriquilla,145.6,188.07,23.3,19.17,2.0,Horizontal,2511915.96,2511915.96,0.0,2017-10-26,2019-09-28,2019.0,9.0,702.0,17252.170054945054
Alegra Towers,Juriquilla Santa Fe,173.7,190.34,0.0,16.64,2.0,Vertical,4665958.0,4665958.0,0.0,2018-08-29,2020-09-21,2020.0,9.0,754.0,26862.16465169833
Paseo Miró B,Zibatá,148.1,159.76,0.0,11.66,2.0,Subvertical,2777193.0,2749421.07,1.0,2019-07-25,2021-01-08,2021.0,1.0,533.0,18564.625725860904
Paseo Miró C,Zibatá,165.7,194.0,28.3,0.0,2.0,Horizontal,2588442.91,2588442.91,0.0,2018-04-24,2019-08-30,2019.0,8.0,493.0,15621.260772480387
Amara,Altos Juriquilla,192.1,276.6,15.0,69.5,2.0,Horizontal,3154131.39,3075278.11,2.5,2017-10-26,2019-08-31,2019.0,8.0,674.0,16008.735606454971
Paseo Miró B,Zibatá,74.2,80.04,0.0,5.84,1.0,Subvertical,2032000.0,2032000.0,0.0,2019-07-31,2020-05-07,2020.0,5.0,281.0,27385.44474393531
Alegra Towers,Juriquilla Santa Fe,172.4,189.3,0.0,16.9,2.0,Vertical,4263225.15,3964799.39,7.0,2016-06-29,2019-09-09,2019.0,9.0,1167.0,22997.676276102087
Amara,Altos Juriquilla,145.6,188.07,23.3,19.17,2.0,Horizontal,2441915.96,2441915.96,0.0,2017-10-26,2019-08-24,2019.0,8.0,667.0,16771.400824175824
El Motivo,Zakia,136.1,194.1,0.0,58.0,2.0,Horizontal,2000637.54,1956018.41,3.0,2017-08-01,2019-08-26,2019.0,8.0,755.0,14371.92072005878
Paseo Miró B,Zibatá,213.1,275.71,0.0,62.61,2.0,Subvertical,3228892.0,3245692.0,0.0,2019-07-25,2020-03-01,2020.0,3.0,220.0,15230.83998122947
Paseo Miró B,Zibatá,74.2,80.04,0.0,5.84,1.0,Subvertical,1807077.0,1814841.62,0.5,2019-07-31,2021-03-03,2021.0,3.0,581.0,24458.78194070081
Paseo Monet,Zibatá,205.1,235.8,30.7,0.0,2.0,Horizontal,3200642.22,3168635.8,1.0,2017-06-02,2019-09-12,2019.0,9.0,832.0,15449.223793271574
Amara,Altos Juriquilla,141.9,158.3,16.4,0.0,2.0,Horizontal,2441088.79,2416677.9,1.0,2017-10-26,2019-09-13,2019.0,9.0,687.0,17030.85200845666
Amara,Altos Juriquilla,146.7,169.4,22.7,0.0,2.0,Horizontal,2434605.25,2452237.25,0.0,2017-10-26,2019-09-08,2019.0,9.0,682.0,16716.00034083163
Paseo Miró B,Zibatá,112.2,123.93,0.0,11.73,2.0,Subvertical,2226715.99,2226715.99,0.0,2019-07-31,2020-11-12,2020.0,11.0,470.0,19845.95356506239
Paseo Miró B,Zibatá,198.6,245.46,0.0,46.86,2.0,Subvertical,3227618.0,3227618.0,0.0,2019-07-31,2019-09-21,2019.0,9.0,52.0,16251.85297079557
Paseo Miró B,Zibatá,149.4,161.06,0.0,11.66,2.0,Subvertical,2964966.0,2964966.0,0.0,2019-07-31,2020-11-12,2020.0,11.0,470.0,19845.82329317269
Amara,Altos Juriquilla,130.4,213.3,82.9,0.0,2.0,Horizontal,2552214.02,2592614.02,0.0,2017-10-26,2019-09-17,2019.0,9.0,691.0,19882.00935582822
Alegra Towers,Juriquilla Santa Fe,97.6,106.0,0.0,8.4,2.0,Vertical,1948661.0,1948661.0,0.0,2016-07-04,2019-09-06,2019.0,9.0,1159.0,19965.78893442623
Paseo Miró C,Zibatá,165.7,194.0,28.3,0.0,2.0,Horizontal,2512502.52,2511564.98,1.5,2018-04-24,2019-09-30,2019.0,9.0,524.0,15157.302232951117
Paseo Miró B,Zibatá,186.3,203.83,0.0,17.53,2.0,Subvertical,3560768.0,3598368.0,0.0,2019-07-31,2020-11-20,2020.0,11.0,478.0,19314.911433172303
Alegra Towers,Juriquilla Santa Fe,97.7,105.6,0.0,7.9,2.0,Vertical,3348386.4,3106166.65,7.23,2018-08-29,2019-09-21,2019.0,9.0,388.0,31792.90327533265
Amara,Altos Juriquilla,146.7,169.4,22.7,0.0,2.0,Horizontal,2434605.25,2452237.25,0.0,2017-10-26,2019-09-20,2019.0,9.0,694.0,16716.00034083163
Van Gogh,Zibatá,173.9,201.3,27.4,0.0,2.0,Horizontal,2798528.0,2798528.0,0.0,2019-09-06,2019-09-21,2019.0,9.0,15.0,16092.742955721678
Van Gogh,Zibatá,222.0,263.1,41.1,0.0,2.0,Horizontal,3411655.76,3377539.2,1.0,2019-09-06,2019-09-30,2019.0,9.0,24.0,15214.140540540542
El Motivo,Zakia,115.2,193.0,77.8,0.0,2.0,Horizontal,2199946.82,2133948.42,3.0,2017-08-01,2019-09-17,2019.0,9.0,777.0,18523.8578125
Van Gogh,Zibatá,222.0,263.1,41.1,0.0,2.0,Horizontal,3550373.87,3550373.87,0.0,2019-09-06,2019-09-21,2019.0,9.0,15.0,15992.67509009009
Paseo Miró B,Zibatá,112.2,123.93,0.0,11.73,1.0,Subvertical,2248539.0,2192325.53,2.5,2019-07-25,2021-03-06,2021.0,3.0,590.0,19539.44322638146
El Motivo,Zakia,156.8,276.3,119.5,0.0,2.0,Horizontal,2575111.96,2510734.16,2.5,2017-08-01,2019-09-23,2019.0,9.0,783.0,16012.335204081632
Armonía,Zakia,151.1,169.2,18.1,0.0,0.0,Horizontal,2491552.15,2491552.15,0.0,2019-01-17,2019-09-27,2019.0,9.0,253.0,16489.425215089344
Esencia,Zakia,134.9,177.4,42.5,0.0,2.0,Horizontal,2143242.0,2143242.0,0.0,2017-03-02,2019-09-18,2019.0,9.0,930.0,15887.63528539659
El Asombro,Punta Esmeralda,126.2,246.1,119.9,0.0,2.0,Horizontal,1950102.0,1901349.45,2.5,2014-02-25,2019-09-30,2019.0,9.0,2043.0,15066.160459587954
Amara,Altos Juriquilla,143.2,173.2,30.0,0.0,2.0,Horizontal,2705780.71,2705780.71,0.0,2017-10-26,2019-09-29,2019.0,9.0,703.0,18895.116689944134
Alegra Towers,Juriquilla Santa Fe,173.6,190.55,0.0,16.95,2.0,Vertical,4196779.91,3986940.91,5.0,2017-04-27,2019-09-30,2019.0,9.0,886.0,22966.24948156682
Amara,Altos Juriquilla,130.4,214.3,83.9,0.0,2.0,Horizontal,2554118.23,2593918.23,0.0,2017-10-26,2019-10-11,2019.0,10.0,715.0,19892.01096625767
Alegra Towers,Juriquilla Santa Fe,173.6,190.55,0.0,16.95,2.0,Vertical,4328104.91,4328104.91,0.0,2017-04-27,2019-04-29,2019.0,4.0,732.0,24931.479896313365
Amara,Altos Juriquilla,145.6,188.07,23.3,19.17,2.0,Horizontal,2441915.96,2380868.06,2.5,2017-10-26,2019-05-30,2019.0,5.0,581.0,16352.115796703298
Paseo Miró C,Zibatá,165.7,194.0,28.3,0.0,2.0,Horizontal,2512502.52,2512502.52,0.0,2018-04-24,2019-05-06,2019.0,5.0,377.0,15162.960289680146
Amara,Altos Juriquilla,121.2,154.6,33.4,0.0,2.0,Horizontal,2273346.93,2277746.93,0.0,2017-10-26,2019-05-11,2019.0,5.0,562.0,18793.291501650165
Amara,Altos Juriquilla,146.7,169.4,22.7,0.0,2.0,Horizontal,2434605.25,2434605.25,0.0,2017-10-26,2019-05-05,2019.0,5.0,556.0,16595.80947511929
Amara,Altos Juriquilla,121.2,154.6,33.4,0.0,2.0,Horizontal,2273346.93,2265058.79,1.02,2017-10-26,2019-05-06,2019.0,5.0,557.0,18688.60387788779
Amara,Altos Juriquilla,160.6,188.1,23.3,4.2,2.0,Horizontal,2613825.71,2613825.71,0.0,2017-10-26,2019-05-12,2019.0,5.0,563.0,16275.37801992528
Amara,Altos Juriquilla,121.2,154.6,33.4,0.0,2.0,Horizontal,2303111.86,2291596.3,0.5,2017-10-26,2019-06-12,2019.0,6.0,594.0,18907.5602310231
Armonía,Zakia,121.5,148.1,26.6,0.0,0.0,Horizontal,2073203.29,2032814.44,0.0,2019-01-17,2019-05-07,2019.0,5.0,110.0,16730.98304526749
Paseo Monet,Zibatá,205.1,235.8,30.7,0.0,2.0,Horizontal,3180642.22,3180642.22,0.0,2017-06-02,2019-05-30,2019.0,5.0,727.0,15507.763139931742
Amara Grand,Altos Juriquilla,205.1,255.0,49.9,0.0,2.0,Horizontal,3641774.23,3641774.23,0.0,2018-07-09,2019-05-31,2019.0,5.0,326.0,17756.09083373964
Ambrosía,Lomas de Juriquilla,190.1,219.5,29.4,0.0,2.0,Horizontal,3168604.61,3089389.49,2.5,2017-01-09,2019-05-09,2019.0,5.0,850.0,16251.391320357709
Paseo Miró C,Zibatá,184.5,224.3,39.8,0.0,2.0,Horizontal,2820271.08,2838269.72,0.5,2018-04-24,2019-05-24,2019.0,5.0,395.0,15383.575718157183
Esencia,Zakia,165.3,194.2,28.9,0.0,2.0,Horizontal,2443609.5,2443609.5,0.0,2017-03-02,2019-05-09,2019.0,5.0,798.0,14782.876588021778
Paseo Miró C,Zibatá,165.7,194.0,28.3,0.0,2.0,Horizontal,2512502.52,2512502.52,0.0,2018-04-24,2019-05-14,2019.0,5.0,385.0,15162.960289680146
Paseo Monet,Zibatá,205.8,230.5,24.7,0.0,2.0,Horizontal,2990927.6,2990927.6,0.0,2017-06-02,2019-06-10,2019.0,6.0,738.0,14533.175898931
Amara,Altos Juriquilla,205.1,247.4,42.3,0.0,2.0,Horizontal,3408223.12,3380616.51,0.81,2017-10-26,2019-06-13,2019.0,6.0,595.0,16482.771867381765
Esencia,Zakia,121.5,150.0,28.5,0.0,2.0,Horizontal,2063494.2,2063494.2,0.0,2017-03-02,2019-05-10,2019.0,5.0,799.0,16983.49135802469
Armonía,Zakia,165.3,225.3,60.0,0.0,2.0,Horizontal,2721597.86,2754997.86,0.0,2019-01-17,2019-06-03,2019.0,6.0,137.0,16666.653720508166
El Motivo,Zakia,130.9,147.9,0.0,17.0,2.0,Horizontal,1918222.79,1918222.79,0.0,2017-08-01,2019-05-21,2019.0,5.0,658.0,14654.108403361344
Paseo Monet,Zibatá,205.8,230.5,24.7,0.0,2.0,Horizontal,2990927.6,2990927.6,0.0,2017-06-02,2019-06-22,2019.0,6.0,750.0,14533.175898931
Paseo Miró C,Zibatá,165.7,194.0,28.3,0.0,2.0,Horizontal,2524672.48,2539972.48,0.0,2018-04-24,2019-05-27,2019.0,5.0,398.0,15328.741581170792
Esencia,Zakia,143.2,180.4,37.2,0.0,2.0,Horizontal,2234845.23,2234845.23,0.0,2017-03-02,2019-06-05,2019.0,6.0,825.0,15606.461103351956
Paseo Monet,Zibatá,205.1,235.8,30.7,0.0,2.0,Horizontal,2517627.0,2576677.0,0.0,2017-06-02,2019-10-16,2019.0,10.0,866.0,12563.027791321307
Esencia,Zakia,165.3,194.0,28.7,0.0,2.0,Horizontal,2502242.0,2427174.74,3.0,2017-03-02,2019-05-22,2019.0,5.0,811.0,14683.452752571084
El Motivo,Zakia,148.7,196.7,0.0,48.0,2.0,Horizontal,2166224.32,2194424.32,0.0,2017-08-01,2019-05-23,2019.0,5.0,660.0,14757.392871553464
Esencia,Zakia,165.3,188.3,23.0,0.0,2.0,Horizontal,2348534.61,2376984.61,0.0,2017-03-02,2019-06-22,2019.0,6.0,842.0,14379.822202056865
El Motivo,Zakia,156.8,276.3,119.5,0.0,2.0,Horizontal,2575111.96,2575111.96,0.0,2017-08-01,2019-06-27,2019.0,6.0,695.0,16422.907908163263
Amara,Altos Juriquilla,192.1,276.6,15.0,69.5,2.0,Horizontal,3102345.9,3024787.25,2.5,2017-10-26,2019-05-31,2019.0,5.0,582.0,15745.899271212911
Paseo Miró C,Zibatá,184.5,224.3,39.8,0.0,2.0,Horizontal,2797000.0,2783015.0,0.5,2018-04-24,2019-06-03,2019.0,6.0,405.0,15084.09214092141
Esencia,Zakia,165.3,199.2,33.9,0.0,2.0,Horizontal,2379419.24,2355633.76,2.5,2017-03-02,2019-05-27,2019.0,5.0,816.0,14250.657955232908
Alegra Towers,Juriquilla Santa Fe,172.4,189.3,0.0,16.9,0.0,Vertical,4494750.0,4404855.0,2.0,2016-07-04,2019-05-30,2019.0,5.0,1060.0,25550.2030162413
Armonía,Zakia,121.5,148.6,27.1,0.0,0.0,Horizontal,2045983.46,2045983.46,0.0,2019-01-17,2019-05-24,2019.0,5.0,127.0,16839.370041152262
Amara,Altos Juriquilla,145.6,188.07,23.3,19.17,2.0,Horizontal,2416234.71,2379991.19,1.5,2017-10-26,2019-05-31,2019.0,5.0,582.0,16346.093337912089
Paseo Monet,Zibatá,179.5,215.7,36.2,0.0,2.0,Horizontal,2880991.37,2880991.37,0.0,2017-06-02,2019-06-03,2019.0,6.0,731.0,16050.091197771588
El Motivo,Zakia,130.9,147.9,0.0,17.0,2.0,Horizontal,1918222.79,1918222.79,0.0,2017-08-01,2019-05-31,2019.0,5.0,668.0,14654.108403361344
Paseo Miró,Zibatá,134.0,161.63,14.5,13.13,2.0,Horizontal,2140087.25,2140087.25,0.0,2017-02-07,2019-06-23,2019.0,6.0,866.0,15970.800373134329
El Motivo,Zakia,130.9,147.9,0.0,17.0,2.0,Horizontal,1918222.79,1918222.79,0.0,2017-08-01,2019-06-03,2019.0,6.0,671.0,14654.108403361344
Esencia,Zakia,165.3,195.3,30.0,0.0,2.0,Horizontal,2370909.84,2393599.84,0.0,2017-03-02,2019-06-07,2019.0,6.0,827.0,14480.337810042345
Esencia,Zakia,121.5,158.5,37.0,0.0,2.0,Horizontal,2012287.47,1961980.28,2.5,2017-03-02,2019-06-06,2019.0,6.0,826.0,16147.9858436214
Paseo Miró C,Zibatá,145.6,172.7,27.1,0.0,2.0,Horizontal,2406357.17,2406357.17,0.0,2018-04-24,2019-06-15,2019.0,6.0,417.0,16527.178365384614
Esencia,Zakia,143.2,178.8,35.6,0.0,2.0,Horizontal,2227469.28,2227469.28,0.0,2017-03-02,2019-06-11,2019.0,6.0,831.0,15554.953072625698
Alegra Towers,Juriquilla Santa Fe,173.7,190.34,0.0,16.64,2.0,Vertical,4767495.67,4767495.67,0.0,2018-08-29,2019-09-19,2019.0,9.0,386.0,27446.72233736327
Paseo Monet,Zibatá,205.1,235.8,30.7,0.0,2.0,Horizontal,3180642.22,3180642.22,0.0,2017-06-02,2019-06-19,2019.0,6.0,747.0,15507.763139931742
Paseo Monet,Zibatá,240.2,290.0,49.8,0.0,2.0,Horizontal,3428234.74,3428234.74,0.0,2017-06-02,2019-06-22,2019.0,6.0,750.0,14272.417735220652
El Motivo,Zakia,156.8,229.2,72.4,0.0,2.0,Horizontal,2389738.16,2389738.16,0.0,2017-08-01,2019-07-03,2019.0,7.0,701.0,15240.677040816327
Esencia,Zakia,121.5,159.6,38.1,0.0,2.0,Horizontal,2012287.47,1982103.16,1.5,2017-03-02,2019-06-10,2019.0,6.0,830.0,16313.606255144032
Paseo Monet,Zibatá,192.5,247.8,55.3,0.0,2.0,Horizontal,2906259.0,2833602.53,2.5,2017-06-02,2019-06-25,2019.0,6.0,753.0,14720.013142857142
Armonía,Zakia,121.5,142.9,21.4,0.0,0.0,Horizontal,2109658.37,2109658.37,0.0,2019-01-17,2019-06-17,2019.0,6.0,151.0,17363.443374485596
Amara,Altos Juriquilla,165.7,206.99,28.8,12.49,2.0,Horizontal,2861319.5,2861319.5,0.0,2017-10-26,2019-06-19,2019.0,6.0,601.0,17268.07181653591
Ambrosía,Lomas de Juriquilla,190.1,219.5,29.4,0.0,2.0,Horizontal,3168604.61,3168604.61,0.0,2017-01-09,2019-06-18,2019.0,6.0,890.0,16668.093687532877
Amara,Altos Juriquilla,165.7,206.99,28.8,12.49,2.0,Horizontal,2881319.5,2886519.5,0.0,2017-10-26,2019-06-18,2019.0,6.0,600.0,17420.15389257695
El Motivo,Zakia,136.1,194.1,0.0,58.0,2.0,Horizontal,2023836.89,2023836.89,0.0,2017-08-01,2019-06-14,2019.0,6.0,682.0,14870.219617927994
Amara,Altos Juriquilla,141.9,157.9,16.0,0.0,2.0,Horizontal,2459384.96,2474584.96,0.0,2017-10-26,2019-06-17,2019.0,6.0,599.0,17438.935588442564
Armonía,Zakia,121.5,144.1,22.6,0.0,0.0,Horizontal,2054774.29,2054774.29,0.0,2019-01-17,2019-06-21,2019.0,6.0,155.0,16911.72255144033
Paseo Monet,Zibatá,179.5,229.8,50.3,0.0,2.0,Horizontal,2794235.96,2809885.96,0.0,2017-06-02,2019-06-28,2019.0,6.0,756.0,15653.96077994429
Paseo Monet,Zibatá,205.1,235.8,30.7,0.0,2.0,Horizontal,3180642.22,3137332.59,1.5,2017-06-02,2019-06-23,2019.0,6.0,751.0,15296.599658703071
Paseo Miró C,Zibatá,160.6,187.7,27.1,0.0,2.0,Horizontal,2490000.0,2490000.0,0.0,2018-04-24,2019-06-29,2019.0,6.0,431.0,15504.358655043587
El Motivo,Zakia,138.8,208.1,69.3,0.0,2.0,Horizontal,2325000.0,2266875.0,2.5,2017-08-01,2019-06-24,2019.0,6.0,692.0,16331.952449567721
Paseo Dalí,Zibatá,199.2,227.1,27.9,0.0,2.0,Horizontal,3057720.0,3057720.0,0.0,2015-08-10,2019-07-06,2019.0,7.0,1426.0,15350.0
Paseo Miró C,Zibatá,184.5,224.3,39.8,0.0,2.0,Horizontal,2820271.08,2852371.08,0.0,2018-04-24,2019-06-27,2019.0,6.0,429.0,15460.005853658537
Armonía,Zakia,121.5,148.6,27.1,0.0,0.0,Horizontal,2107527.36,2107527.36,0.0,2019-01-17,2019-07-14,2019.0,7.0,178.0,17345.904197530865
El Motivo,Zakia,156.8,263.9,107.1,0.0,2.0,Horizontal,2516366.26,2532016.26,0.0,2017-08-01,2019-06-26,2019.0,6.0,694.0,16148.06288265306
Amara,Altos Juriquilla,165.7,206.99,28.8,12.49,2.0,Horizontal,3024865.88,3024865.88,0.0,2017-10-26,2019-06-28,2019.0,6.0,610.0,18255.07471333736
Amara Grand,Altos Juriquilla,222.0,283.0,61.0,0.0,2.0,Horizontal,3768641.08,3749797.87,0.5,2018-07-09,2019-06-29,2019.0,6.0,355.0,16890.981396396397
Amara,Altos Juriquilla,158.0,178.6,20.6,0.0,2.0,Horizontal,2864090.0,2864090.0,0.0,2017-10-26,2019-06-27,2019.0,6.0,609.0,18127.151898734177
El Motivo,Zakia,148.7,196.7,0.0,48.0,2.0,Horizontal,2116224.32,2131624.32,0.0,2017-08-01,2019-06-30,2019.0,6.0,698.0,14335.066039004707
El Motivo,Zakia,156.8,221.4,64.6,0.0,2.0,Horizontal,2558320.82,2494362.8,2.5,2017-08-01,2019-07-09,2019.0,7.0,707.0,15907.92602040816
Alegra Towers,Juriquilla Santa Fe,173.6,190.55,0.0,16.95,2.0,Vertical,4196779.91,4049892.61,3.5,2017-04-27,2019-06-28,2019.0,6.0,792.0,23328.87448156682
Amara,Altos Juriquilla,158.0,207.2,49.2,0.0,2.0,Horizontal,2787314.38,2773377.81,0.5,2017-10-26,2019-07-12,2019.0,7.0,624.0,17553.02411392405
Paseo Dalí,Zibatá,219.3,275.8,56.5,0.0,2.0,Horizontal,3608325.0,3590283.38,0.5,2015-08-10,2019-07-06,2019.0,7.0,1426.0,16371.561240310077
Amara Grand,Altos Juriquilla,223.1,257.9,34.8,0.0,2.0,Horizontal,3780000.0,3780000.0,0.0,2018-07-09,2019-07-12,2019.0,7.0,368.0,16943.074854325416
El Motivo,Zakia,130.9,147.9,0.0,17.0,2.0,Horizontal,1918222.79,1918222.79,0.0,2017-08-01,2019-07-10,2019.0,7.0,708.0,14654.108403361344
El Motivo,Zakia,146.7,214.7,0.0,68.0,2.0,Horizontal,2122974.0,2150874.0,0.0,2017-08-01,2019-07-10,2019.0,7.0,708.0,14661.717791411043
Esencia,Zakia,121.5,154.9,33.4,0.0,2.0,Horizontal,2017471.4,2017471.4,0.0,2017-03-02,2019-07-10,2019.0,7.0,860.0,16604.702880658435
Paseo Dalí,Zibatá,196.0,298.4,102.4,0.0,2.0,Horizontal,3395268.0,3395268.0,0.0,2015-08-10,2019-07-21,2019.0,7.0,1441.0,17322.79591836735
Paseo Miró,Zibatá,134.0,161.63,14.5,13.13,2.0,Horizontal,2140087.25,2140087.25,0.0,2017-02-07,2019-07-13,2019.0,7.0,886.0,15970.800373134329
Amara,Altos Juriquilla,156.0,166.06,0.0,10.06,2.0,Horizontal,2394738.37,2394738.37,0.0,2017-10-26,2019-07-22,2019.0,7.0,634.0,15350.886987179489
El Motivo,Zakia,136.1,194.1,0.0,58.0,2.0,Horizontal,2000836.89,1980715.97,2.5,2017-08-01,2019-07-11,2019.0,7.0,709.0,14553.386994856723
Ambrosía,Lomas de Juriquilla,207.2,248.1,40.9,0.0,2.0,Horizontal,3351460.92,3180000.0,0.0,2017-01-09,2019-07-31,2019.0,7.0,933.0,15347.490347490348
Esencia,Zakia,165.3,195.3,30.0,0.0,2.0,Horizontal,2370909.84,2335346.19,1.5,2017-03-02,2019-07-18,2019.0,7.0,868.0,14127.92613430127
Paseo Monet,Zibatá,205.1,235.8,30.7,0.0,2.0,Horizontal,3200642.22,3200642.22,0.0,2017-06-02,2019-07-13,2019.0,7.0,771.0,15605.276548025355
Alegra Towers,Juriquilla Santa Fe,97.5,105.9,0.0,8.4,2.0,Vertical,3290250.0,3125737.5,5.0,2016-07-04,2019-07-15,2019.0,7.0,1106.0,32058.846153846152
Amara,Altos Juriquilla,143.2,170.5,27.3,0.0,2.0,Horizontal,2705780.71,2705780.71,0.0,2017-10-26,2019-07-16,2019.0,7.0,628.0,18895.116689944134
Esencia,Zakia,165.3,230.8,65.5,0.0,2.0,Horizontal,2537433.24,2545708.91,1.0,2017-03-02,2019-07-13,2019.0,7.0,863.0,15400.537870538416
Amara,Altos Juriquilla,158.0,197.0,39.0,0.0,2.0,Horizontal,2768174.74,2768174.74,0.0,2017-10-26,2019-07-15,2019.0,7.0,627.0,17520.09329113924
Amara Grand,Altos Juriquilla,205.1,235.1,30.0,0.0,2.0,Horizontal,3535686.18,3535686.18,0.0,2018-07-09,2019-07-17,2019.0,7.0,373.0,17238.84046806436
Paseo Miró C,Zibatá,165.7,194.0,28.3,0.0,2.0,Horizontal,2588442.91,2588442.91,0.0,2018-04-24,2019-07-19,2019.0,7.0,451.0,15621.260772480387
Paseo Monet,Zibatá,192.5,248.5,56.0,0.0,2.0,Horizontal,3410960.76,3410960.76,0.0,2017-06-02,2019-10-05,2019.0,10.0,855.0,17719.276675324672
Alegra Towers,Juriquilla Santa Fe,173.7,190.34,0.0,16.64,2.0,Vertical,4715475.67,4526856.64,4.0,2018-08-29,2020-08-21,2020.0,8.0,723.0,26061.350834772595
Paseo Miró B,Zibatá,149.2,224.66,63.8,11.66,2.0,Subvertical,3417616.65,3383440.48,1.0,2019-07-25,2020-04-30,2020.0,4.0,280.0,22677.215013404828
Paseo Dalí,Zibatá,151.1,178.5,27.4,0.0,2.0,Horizontal,2576255.0,2576255.0,0.0,2015-08-10,2019-10-07,2019.0,10.0,1519.0,17050.0
Paseo Miró C,Zibatá,160.6,187.7,27.1,0.0,2.0,Horizontal,2419063.91,2358587.31,2.5,2018-04-24,2019-10-16,2019.0,10.0,540.0,14686.09782067248
El Motivo,Zakia,155.3,162.3,0.0,7.0,2.0,Horizontal,2065019.3,2034044.01,1.5,2017-08-01,2019-10-20,2019.0,10.0,810.0,13097.514552479071
Paseo Miró B,Zibatá,74.2,80.04,0.0,5.84,1.0,Subvertical,1834735.0,1834735.0,0.0,2019-07-31,2020-11-12,2020.0,11.0,470.0,24726.886792452828
Paseo Miró C,Zibatá,184.5,224.3,39.8,0.0,2.0,Horizontal,2835292.96,2867392.96,0.0,2018-04-24,2019-10-16,2019.0,10.0,540.0,15541.425257452574
El Motivo,Zakia,130.9,147.9,0.0,17.0,2.0,Horizontal,1944257.11,1915093.25,1.5,2017-08-01,2019-10-18,2019.0,10.0,808.0,14630.200534759359
El Motivo,Zakia,130.9,147.9,0.0,17.0,2.0,Horizontal,1928222.79,1899299.45,1.5,2017-08-01,2019-10-18,2019.0,10.0,808.0,14509.545072574483
Dos Motivos,Zakia,136.1,194.1,0.0,58.0,2.0,Horizontal,2325498.09,2325498.09,0.0,2019-10-22,2019-11-15,2019.0,11.0,24.0,17086.686921381337
Van Gogh,Zibatá,173.9,201.3,27.4,0.0,2.0,Horizontal,2659647.06,2659647.06,0.0,2019-09-06,2019-10-30,2019.0,10.0,54.0,15294.117653824036
Armonía,Zakia,165.3,185.2,19.9,0.0,0.0,Horizontal,2560008.82,2593408.82,0.0,2019-01-17,2019-10-21,2019.0,10.0,277.0,15689.103569267996
Dos Motivos,Zakia,146.7,214.7,0.0,68.0,2.0,Horizontal,2160488.24,2095488.24,0.0,2019-10-22,2019-10-31,2019.0,10.0,9.0,14284.173415132926
Dos Motivos,Zakia,115.2,191.3,76.1,0.0,2.0,Horizontal,2168059.05,2117859.05,0.0,2019-10-22,2019-10-31,2019.0,10.0,9.0,18384.19314236111
Van Gogh,Zibatá,193.7,232.2,38.5,0.0,2.0,Horizontal,2924641.18,2924641.18,0.0,2019-09-06,2019-10-20,2019.0,10.0,44.0,15098.818688693858
Esencia,Zakia,156.6,189.0,32.4,0.0,2.0,Horizontal,2131933.45,2131933.45,0.0,2017-03-02,2019-09-12,2019.0,9.0,924.0,13613.878991060028
Vista Esmeralda,Los Olvera,272.0,272.0,0.0,0.0,2.0,Horizontal,3015820.18,3015820.18,0.0,2013-01-16,2019-10-27,2019.0,10.0,2475.0,11087.57419117647
Paseo Miró C,Zibatá,165.7,194.0,28.3,0.0,2.0,Horizontal,2512502.52,2512502.52,0.0,2018-04-24,2019-11-07,2019.0,11.0,562.0,15162.960289680146
Armonía,Zakia,165.3,220.8,55.5,0.0,0.0,Horizontal,2728702.07,2728702.07,0.0,2019-01-17,2019-10-31,2019.0,10.0,287.0,16507.57453115547
Amara,Altos Juriquilla,143.2,173.2,30.0,0.0,2.0,Horizontal,2705780.71,2719680.71,0.0,2017-10-26,2019-11-05,2019.0,11.0,740.0,18992.18372905028
Van Gogh,Zibatá,222.0,263.1,41.1,0.0,2.0,Horizontal,3494255.29,3494255.29,0.0,2019-09-06,2019-10-28,2019.0,10.0,52.0,15739.888693693694
Dos Motivos,Zakia,115.2,220.6,105.4,0.0,2.0,Horizontal,2210631.05,2164131.05,0.0,2019-10-22,2019-10-31,2019.0,10.0,9.0,18785.859809027777
Dos Motivos,Zakia,146.7,214.7,0.0,68.0,2.0,Horizontal,2160488.24,2118538.24,0.0,2019-10-22,2019-11-08,2019.0,11.0,17.0,14441.296796182689
Esencia,Zakia,134.9,166.3,31.4,0.0,2.0,Horizontal,1890477.95,1890477.95,0.0,2017-03-02,2019-11-01,2019.0,11.0,974.0,14013.921052631578
Paseo Miró C,Zibatá,184.5,224.3,39.8,0.0,2.0,Horizontal,2769821.08,2801921.08,0.0,2018-04-24,2019-11-15,2019.0,11.0,570.0,15186.564119241193
Armonía,Zakia,151.1,176.2,25.1,0.0,2.0,Horizontal,2388585.3,2381463.59,2.0,2019-01-17,2019-10-31,2019.0,10.0,287.0,15760.844407677034
Amara,Altos Juriquilla,130.4,213.3,82.9,0.0,2.0,Horizontal,2552214.02,2528808.67,2.5,2017-10-26,2019-11-13,2019.0,11.0,748.0,19392.704524539877
Dos Motivos,Zakia,138.8,218.9,80.1,0.0,2.0,Horizontal,2369513.5,2329513.5,0.0,2019-10-22,2019-11-14,2019.0,11.0,23.0,16783.238472622477
Amara,Altos Juriquilla,177.5,193.9,16.4,0.0,2.0,Horizontal,2965041.7,2993491.7,0.0,2017-10-26,2019-11-20,2019.0,11.0,755.0,16864.741971830987
Paseo Miró C,Zibatá,165.7,194.0,28.3,0.0,2.0,Horizontal,2512502.52,2473877.44,3.0,2018-04-24,2019-11-02,2019.0,11.0,557.0,14929.857815328909
Amara,Altos Juriquilla,180.0,273.5,24.0,69.5,2.0,Horizontal,2966381.94,2892222.39,2.5,2017-10-26,2019-11-15,2019.0,11.0,750.0,16067.902166666667
Dos Motivos,Zakia,138.8,210.1,71.3,0.0,2.0,Horizontal,2360310.0,2233196.92,0.0,2019-10-22,2019-11-08,2019.0,11.0,17.0,16089.314985590776
Amara,Altos Juriquilla,158.0,207.2,49.2,0.0,2.0,Horizontal,2302925.0,2229702.32,3.5,2017-10-26,2019-11-20,2019.0,11.0,755.0,14112.039999999999
Amara,Altos Juriquilla,143.2,170.5,27.3,0.0,2.0,Horizontal,2705780.71,2705780.71,0.0,2017-10-26,2019-11-09,2019.0,11.0,744.0,18895.116689944134
Amara,Altos Juriquilla,177.5,193.9,16.4,0.0,2.0,Horizontal,2965821.78,2965821.78,0.0,2017-10-26,2019-11-11,2019.0,11.0,746.0,16708.85509859155
Esencia,Zakia,143.2,178.4,35.2,0.0,2.0,Horizontal,2227469.28,2104958.47,5.5,2017-03-02,2019-11-08,2019.0,11.0,981.0,14699.430656424584
Armonía,Zakia,151.1,178.6,27.5,0.0,2.0,Horizontal,2418231.15,2381957.68,1.5,2019-01-17,2019-11-10,2019.0,11.0,297.0,15764.1143613501
El Motivo,Zakia,130.9,147.9,0.0,17.0,2.0,Horizontal,1986784.67,1986784.67,0.0,2017-08-01,2019-11-11,2019.0,11.0,832.0,15177.881359816653
Dos Motivos,Zakia,148.7,194.7,0.0,46.0,2.0,Horizontal,2248068.05,2179168.05,0.0,2019-10-22,2019-11-08,2019.0,11.0,17.0,14654.79522528581
Dos Motivos,Zakia,148.7,194.7,0.0,46.0,2.0,Horizontal,2301963.81,2261963.81,0.0,2019-10-22,2019-11-08,2019.0,11.0,17.0,15211.592535305987
Armonía,Zakia,121.5,148.6,27.1,0.0,0.0,Horizontal,2045983.46,1959634.2,4.5,2019-01-17,2019-11-15,2019.0,11.0,302.0,16128.676543209876
Dos Motivos,Zakia,148.7,194.7,0.0,46.0,2.0,Horizontal,2161076.35,2152976.35,0.0,2019-10-22,2019-12-06,2019.0,12.0,45.0,14478.657363819773
Paseo Monet,Zibatá,151.2,218.6,67.4,0.0,2.0,Horizontal,2729724.55,2600543.83,7.0,2017-06-02,2019-11-16,2019.0,11.0,897.0,17199.363955026456
Amara,Altos Juriquilla,177.5,193.9,16.4,0.0,2.0,Horizontal,2965821.78,2876847.13,3.0,2017-10-26,2019-11-25,2019.0,11.0,760.0,16207.589464788733
Amara,Altos Juriquilla,192.1,276.6,15.0,69.5,2.0,Horizontal,3144131.39,3144131.39,0.0,2017-10-26,2019-11-23,2019.0,11.0,758.0,16367.159760541386
Amara,Altos Juriquilla,130.4,214.3,83.9,0.0,2.0,Horizontal,2554118.23,2593918.23,0.0,2017-10-26,2019-11-18,2019.0,11.0,753.0,19892.01096625767
Amara,Altos Juriquilla,141.9,158.3,16.4,0.0,2.0,Horizontal,2441088.79,2441088.79,0.0,2017-10-26,2019-11-13,2019.0,11.0,748.0,17202.88083157153
Alegra Towers,Juriquilla Santa Fe,97.6,106.0,0.0,8.4,0.0,Vertical,3290250.0,2961225.0,10.0,2016-07-04,2019-11-13,2019.0,11.0,1227.0,30340.420081967215
Amara Grand,Altos Juriquilla,179.5,207.8,28.3,0.0,2.0,Horizontal,3029464.26,2817401.76,7.0,2018-07-09,2019-11-15,2019.0,11.0,494.0,15695.831532033424
Dos Motivos,Zakia,146.7,214.7,0.0,68.0,2.0,Horizontal,2161603.0,2101903.0,0.0,2019-10-22,2020-04-29,2020.0,4.0,190.0,14327.900477164281
Alegra Towers,Juriquilla Santa Fe,172.4,189.3,0.0,16.9,2.0,Vertical,4519750.0,4112972.5,9.0,2016-07-04,2019-11-14,2019.0,11.0,1228.0,23857.149071925753
Dos Motivos,Zakia,138.8,206.2,67.4,0.0,2.0,Horizontal,2562319.13,2562319.13,0.0,2019-10-22,2019-11-30,2019.0,11.0,39.0,18460.512463976942
Dos Motivos,Zakia,146.7,214.7,0.0,68.0,2.0,Horizontal,2161603.0,2155403.0,0.0,2019-10-22,2020-04-29,2020.0,4.0,190.0,14692.590320381732
Alegra Towers,Juriquilla Santa Fe,97.7,105.6,0.0,7.9,2.0,Vertical,3369625.88,3268537.1,3.0,2018-08-29,2020-03-27,2020.0,3.0,576.0,33454.83213920164
Dos Motivos,Zakia,138.8,191.0,52.2,0.0,2.0,Horizontal,2498194.58,2506694.58,0.0,2019-10-22,2019-11-30,2019.0,11.0,39.0,18059.759221902015
Van Gogh,Zibatá,175.2,201.4,26.2,0.0,2.0,Horizontal,2661593.14,2661593.14,0.0,2019-09-06,2019-11-29,2019.0,11.0,84.0,15191.741666666669
Ambrosía,Lomas de Juriquilla,151.7,151.7,0.0,0.0,2.0,Horizontal,2955062.13,2829109.02,5.0,2017-01-09,2019-11-21,2019.0,11.0,1046.0,18649.367303889256
Paseo Miró C,Zibatá,184.5,224.3,39.8,0.0,2.0,Horizontal,2799178.85,2799178.85,0.0,2018-04-24,2019-11-22,2019.0,11.0,577.0,15171.701084010841
Paseo Miró B,Zibatá,198.6,245.46,0.0,46.86,2.0,Subvertical,3227618.0,3130789.46,3.0,2019-07-31,2020-11-14,2020.0,11.0,472.0,15764.297381671702
Paseo Miró B,Zibatá,112.2,123.93,0.0,11.73,2.0,Subvertical,2399866.0,2279872.7,5.0,2019-07-31,2020-07-21,2020.0,7.0,356.0,20319.721033868092
Paseo Miró B,Zibatá,252.1,322.67,0.0,70.57,2.0,Subvertical,4172686.0,3330597.98,7.0,2019-11-20,2021-10-27,2021.0,10.0,707.0,13211.416025386752
Alegra Towers,Juriquilla Santa Fe,172.4,189.3,0.0,16.9,2.0,Vertical,4570250.0,4204630.0,8.0,2016-06-29,2019-11-29,2019.0,11.0,1248.0,24388.80510440835
El Asombro,Punta Esmeralda,126.2,227.3,101.1,0.0,2.0,Horizontal,1932771.17,1884451.89,2.5,2014-02-25,2019-12-17,2019.0,12.0,2121.0,14932.265372424721
Esencia,Zakia,121.5,154.9,33.4,0.0,2.0,Horizontal,2017471.4,1876248.4,7.0,2017-03-02,2019-11-29,2019.0,11.0,1002.0,15442.37366255144
El Motivo,Zakia,130.9,147.9,0.0,17.0,2.0,Horizontal,1928222.79,1908940.56,1.0,2017-08-01,2019-11-29,2019.0,11.0,850.0,14583.19755538579
El Capricho,"Cascatta II, Lomas de Angelópolis",215.2,239.9,24.7,0.0,2.0,Horizontal,3445000.0,3238300.0,6.0,2019-07-16,2020-07-31,2020.0,7.0,381.0,15047.8624535316
Alegra Towers,Juriquilla Santa Fe,133.3,145.19,0.0,11.89,2.0,Vertical,2912529.0,2912529.0,0.0,2018-08-29,2020-06-05,2020.0,6.0,646.0,21849.429857464365
Amara,Altos Juriquilla,160.6,188.1,23.3,4.2,2.0,Horizontal,2613825.71,2613825.71,0.0,2017-10-26,2019-12-11,2019.0,12.0,776.0,16275.37801992528
Esencia,Zakia,143.2,175.6,32.4,0.0,2.0,Horizontal,2300000.0,2265500.0,1.5,2017-03-02,2019-12-31,2019.0,12.0,1034.0,15820.530726256984
Van Gogh,Zibatá,179.5,224.5,45.0,0.0,2.0,Horizontal,3266470.78,3233806.07,1.0,2019-09-06,2020-01-12,2020.0,1.0,128.0,18015.63270194986
Paseo Miró B,Zibatá,148.1,159.76,0.0,11.66,2.0,Subvertical,3012338.0,3041438.0,0.0,2019-07-25,2020-03-20,2020.0,3.0,239.0,20536.380823767726
El Motivo,Zakia,148.7,196.7,0.0,48.0,2.0,Horizontal,2166224.32,2142230.96,1.5,2017-08-01,2019-12-15,2019.0,12.0,866.0,14406.395158036315
Amara,Altos Juriquilla,145.6,188.07,23.3,19.17,2.0,Horizontal,2511915.96,2511915.96,0.0,2017-10-26,2019-12-20,2019.0,12.0,785.0,17252.170054945054
Armonía,Zakia,180.0,206.7,26.7,0.0,0.0,Horizontal,2989623.13,2989623.13,0.0,2019-01-17,2019-12-10,2019.0,12.0,327.0,16609.01738888889
Amara Grand,Altos Juriquilla,190.7,227.8,37.1,0.0,2.0,Horizontal,3382117.74,3145369.5,7.0,2018-07-09,2019-12-13,2019.0,12.0,522.0,16493.809648662824
Alegra Towers,Juriquilla Santa Fe,97.6,106.06,0.0,8.46,0.0,Vertical,2975265.54,2760000.0,7.23,2017-04-27,2019-12-11,2019.0,12.0,958.0,28278.688524590165
Amara,Altos Juriquilla,128.2,160.64,18.6,13.84,2.0,Horizontal,2363955.61,2352135.83,0.5,2017-10-26,2020-01-14,2020.0,1.0,810.0,18347.393369734793
Paseo Dalí,Zibatá,151.1,178.5,27.4,0.0,2.0,Horizontal,2618542.68,2618542.68,0.0,2015-08-10,2019-12-19,2019.0,12.0,1592.0,17329.865519523497
Amara,Altos Juriquilla,205.1,247.4,42.3,0.0,2.0,Horizontal,3408223.12,3340058.66,2.0,2017-10-26,2019-12-17,2019.0,12.0,782.0,16285.02515845929
Amara,Altos Juriquilla,160.6,188.1,23.3,4.2,2.0,Horizontal,2613825.71,2613825.71,0.0,2017-10-26,2019-12-11,2019.0,12.0,776.0,16275.37801992528
El Motivo,Zakia,130.9,147.9,0.0,17.0,2.0,Horizontal,1944257.11,1944257.11,0.0,2017-08-01,2019-12-11,2019.0,12.0,862.0,14852.995492742552
Amara,Altos Juriquilla,145.6,188.07,23.3,19.17,2.0,Horizontal,2511915.96,2511915.96,0.0,2017-10-26,2019-12-20,2019.0,12.0,785.0,17252.170054945054
Dos Motivos,Zakia,110.5,209.1,98.6,0.0,2.0,Horizontal,2135225.72,2151325.72,0.0,2019-10-22,2019-12-23,2019.0,12.0,62.0,19469.011040723984
Paseo Picasso - Inspira,Zibatá,168.8,213.5,44.7,0.0,2.0,Horizontal,2498240.0,2498240.0,0.0,2013-04-30,2020-01-13,2020.0,1.0,2449.0,14799.999999999998
Paseo Miró C,Zibatá,142.5,158.3,15.8,0.0,2.0,Horizontal,2276645.0,2276645.0,0.0,2018-04-24,2019-12-26,2019.0,12.0,611.0,15976.456140350878
El Motivo,Zakia,155.3,162.3,0.0,7.0,2.0,Horizontal,2163027.66,2163027.66,0.0,2017-08-01,2019-12-30,2019.0,12.0,881.0,13928.059626529299
Paseo Miró C,Zibatá,165.7,194.0,28.3,0.0,2.0,Horizontal,2512502.52,2474814.98,1.5,2018-04-24,2019-12-29,2019.0,12.0,614.0,14935.515872057937
El Motivo,Zakia,130.9,147.9,0.0,17.0,2.0,Horizontal,1995000.0,1985025.0,0.5,2017-08-01,2019-12-30,2019.0,12.0,881.0,15164.438502673796
Paseo Dalí,Zibatá,151.1,178.5,27.4,0.0,2.0,Horizontal,2618542.68,2618542.68,0.0,2015-08-10,2019-12-31,2019.0,12.0,1604.0,17329.865519523497
Amara Grand,Altos Juriquilla,222.0,283.0,61.0,0.0,2.0,Horizontal,3775937.07,3662658.96,3.0,2018-07-09,2020-01-10,2020.0,1.0,550.0,16498.463783783784
Paseo Miró C,Zibatá,165.7,194.0,28.3,0.0,2.0,Horizontal,2512502.52,2512502.52,0.0,2018-04-24,2019-12-30,2019.0,12.0,615.0,15162.960289680146
El Motivo,Zakia,155.3,162.3,0.0,7.0,2.0,Horizontal,2017630.6,2017630.6,0.0,2017-08-01,2020-01-11,2020.0,1.0,893.0,12991.82614294913
Amara,Altos Juriquilla,121.2,154.6,33.4,0.0,2.0,Horizontal,2311422.69,2242080.01,3.0,2017-10-26,2019-12-31,2019.0,12.0,796.0,18499.00998349835
Armonía,Zakia,180.0,255.3,75.3,0.0,0.0,Horizontal,2996362.71,2951417.27,1.5,2019-01-17,2020-01-08,2020.0,1.0,356.0,16396.76261111111
El Motivo,Zakia,136.1,194.1,0.0,58.0,2.0,Horizontal,2023836.89,2023836.89,0.0,2017-08-01,2019-12-31,2019.0,12.0,882.0,14870.219617927994
Amara Grand,Altos Juriquilla,222.0,283.0,61.0,0.0,2.0,Horizontal,3701626.92,3646102.52,1.5,2018-07-09,2020-01-15,2020.0,1.0,555.0,16423.885225225225
Paseo Miró B,Zibatá,74.2,80.04,0.0,5.84,1.0,Subvertical,1875310.0,1781544.5,5.0,2019-07-31,2020-09-30,2020.0,9.0,427.0,24010.033692722373
Amara,Altos Juriquilla,141.9,157.9,16.0,0.0,2.0,Horizontal,2459384.96,2474584.96,0.0,2017-10-26,2020-01-11,2020.0,1.0,807.0,17438.935588442564
Armonía,Zakia,121.5,154.3,32.8,0.0,0.0,Horizontal,2115003.13,2098478.08,1.5,2019-01-17,2020-01-07,2020.0,1.0,355.0,17271.42452674897
Dos Motivos,Zakia,148.7,194.7,0.0,46.0,2.0,Horizontal,2182113.66,2206913.66,0.0,2019-10-22,2020-01-18,2020.0,1.0,88.0,14841.383053127103
Van Gogh,Zibatá,179.5,217.3,37.8,0.0,2.0,Horizontal,3241034.74,3111393.35,4.0,2019-09-06,2020-01-17,2020.0,1.0,133.0,17333.667688022284
El Capricho,"Cascatta II, Lomas de Angelópolis",215.2,237.7,22.5,0.0,0.0,Horizontal,3449000.0,3449000.0,0.0,2019-07-16,2020-01-18,2020.0,1.0,186.0,16026.951672862455
Dos Motivos,Zakia,110.5,197.0,86.5,0.0,2.0,Horizontal,2298871.88,2258871.88,0.0,2019-10-22,2020-01-20,2020.0,1.0,90.0,20442.279457013574
Armonía,Zakia,121.5,148.6,27.1,0.0,2.0,Horizontal,2069774.29,2038727.68,1.5,2019-01-17,2020-01-16,2020.0,1.0,364.0,16779.651687242796
Alegra Towers,Juriquilla Santa Fe,97.6,106.06,0.0,8.46,1.0,Vertical,2866125.51,2823133.63,1.5,2017-04-27,2020-01-31,2020.0,1.0,1009.0,28925.549487704917
Ambrosía,Lomas de Juriquilla,176.9,218.5,41.6,0.0,2.0,Horizontal,3067741.08,2975708.85,3.0,2017-01-09,2020-02-09,2020.0,2.0,1126.0,16821.418032786885
Amara,Altos Juriquilla,146.7,179.6,32.9,0.0,2.0,Horizontal,2656517.17,2656517.17,0.0,2017-10-26,2020-01-25,2020.0,1.0,821.0,18108.50149965917
Amara,Altos Juriquilla,141.9,161.3,19.4,0.0,2.0,Horizontal,2447191.45,2402468.74,2.04,2017-10-26,2020-01-25,2020.0,1.0,821.0,16930.716983791404
Paseo Miró C,Zibatá,142.5,158.3,15.8,0.0,2.0,Horizontal,2325820.32,2325820.32,0.0,2018-04-24,,,,,16321.546105263156
Armonía,Zakia,121.5,150.0,28.5,0.0,2.0,Horizontal,2107527.36,2075914.45,1.5,2019-01-17,2020-02-08,2020.0,2.0,387.0,17085.71563786008
Armonía,Zakia,151.1,180.1,29.0,0.0,0.0,Horizontal,2471457.01,2284716.44,4.5,2019-01-17,2020-01-24,2020.0,1.0,372.0,15120.55883520847
Alegra Towers,Juriquilla Santa Fe,97.6,106.06,0.0,8.46,0.0,Vertical,2891927.0,2851440.02,1.4,2017-04-27,2020-01-16,2020.0,1.0,994.0,29215.57397540984
Armonía,Zakia,165.3,201.9,36.6,0.0,0.0,Horizontal,2624579.82,2545842.43,3.0,2019-01-17,2020-01-20,2020.0,1.0,368.0,15401.345614035088
Van Gogh,Zibatá,179.5,220.9,41.4,0.0,2.0,Horizontal,2895099.75,2895099.75,0.0,2019-09-06,2020-01-31,2020.0,1.0,147.0,16128.689415041783
Alegra Towers,Juriquilla Santa Fe,173.7,190.34,0.0,16.64,2.0,Vertical,4741485.67,4739141.1,3.0,2018-08-29,2020-07-01,2020.0,7.0,672.0,27283.48359240069
Alegra Towers,Juriquilla Santa Fe,248.4,414.98,148.0,18.58,2.0,Vertical,6691879.27,6156528.93,8.0,2018-08-29,2020-01-24,2020.0,1.0,513.0,24784.73804347826
Esencia,Zakia,156.6,190.4,33.8,0.0,2.0,Horizontal,2421505.38,2252000.0,7.0,2017-03-02,2020-01-28,2020.0,1.0,1062.0,14380.587484035761
El Motivo,Zakia,155.3,162.3,0.0,7.0,2.0,Horizontal,2021201.6,1980777.57,2.0,2017-08-01,2020-02-10,2020.0,2.0,923.0,12754.52395363812
Paseo Miró B,Zibatá,252.1,322.67,0.0,70.57,2.0,Subvertical,3871846.9,3674099.2,5.42,2019-07-25,2020-01-24,2020.0,1.0,183.0,14573.97540658469
Amara Grand,Altos Juriquilla,179.5,206.8,27.3,0.0,2.0,Horizontal,3355417.46,3288309.11,2.0,2018-07-09,2020-01-30,2020.0,1.0,570.0,18319.270807799443
Paseo Miró C,Zibatá,184.5,224.3,39.8,0.0,2.0,Horizontal,2835292.96,2867392.96,0.0,2018-04-24,2020-02-03,2020.0,2.0,650.0,15541.425257452574
Armonía,Zakia,121.5,142.9,21.4,0.0,2.0,Horizontal,2082003.13,2027043.04,3.0,2019-01-17,2020-02-04,2020.0,2.0,383.0,16683.481810699588
Dos Motivos,Zakia,146.7,214.7,0.0,68.0,2.0,Horizontal,2239583.94,2264383.94,0.0,2019-10-22,2020-02-13,2020.0,2.0,114.0,15435.473346966599
Paseo Miró C,Zibatá,160.6,187.7,27.1,0.0,2.0,Horizontal,2432634.91,2371819.04,2.5,2018-04-24,2020-02-28,2020.0,2.0,675.0,14768.487173100872
Dos Motivos,Zakia,138.8,206.2,67.4,0.0,2.0,Horizontal,2536949.63,2548864.88,0.5,2019-10-22,2020-02-17,2020.0,2.0,118.0,18363.579827089336
Van Gogh,Zibatá,179.5,213.9,34.4,0.0,2.0,Horizontal,2865129.72,2865129.72,0.0,2019-09-06,2020-02-03,2020.0,2.0,150.0,15961.725459610028
Amara,Altos Juriquilla,128.2,161.04,19.0,13.84,2.0,Horizontal,2291703.03,2291703.03,0.0,2017-10-26,2020-02-10,2020.0,2.0,837.0,17875.998673946957
Armonía,Zakia,180.0,201.8,21.8,0.0,0.0,Horizontal,2780083.46,2585477.62,7.0,2019-01-17,2020-02-02,2020.0,2.0,381.0,14363.764555555555
Amara Grand,Altos Juriquilla,190.7,227.8,37.1,0.0,2.0,Horizontal,3631220.0,3631220.0,0.0,2018-07-09,2020-02-11,2020.0,2.0,582.0,19041.531200839014
Alegra Towers,Juriquilla Santa Fe,173.6,190.24,0.0,16.64,2.0,Vertical,5007402.13,4857180.07,3.0,2018-08-29,2020-02-22,2020.0,2.0,542.0,27979.147868663596
Van Gogh,Zibatá,193.7,232.2,38.5,0.0,2.0,Horizontal,2928291.18,2956460.23,1.7,2019-09-06,2020-02-26,2020.0,2.0,173.0,15263.088435725349
Paseo Dalí,Zibatá,219.3,232.1,12.8,0.0,2.0,Horizontal,3358590.0,3358590.0,0.0,2015-08-10,2020-02-08,2020.0,2.0,1643.0,15315.047879616963
Paseo Dalí,Zibatá,179.5,195.6,16.1,0.0,2.0,Horizontal,2875590.0,2789322.3,3.0,2015-08-10,2020-03-02,2020.0,3.0,1666.0,15539.4
Dos Motivos,Zakia,110.5,182.3,71.8,0.0,2.0,Horizontal,2201244.91,2191013.79,2.5,2019-10-22,2020-02-17,2020.0,2.0,118.0,19828.179095022624
Armonía,Zakia,180.0,204.5,24.5,0.0,2.0,Horizontal,2808362.71,2681986.39,4.5,2019-01-17,2020-02-20,2020.0,2.0,399.0,14899.92438888889
Amara Grand,Altos Juriquilla,179.5,207.8,28.3,0.0,2.0,Horizontal,3090447.21,3028638.27,2.0,2018-07-09,2020-03-02,2020.0,3.0,602.0,16872.63660167131
Dos Motivos,Zakia,110.5,180.7,70.2,0.0,2.0,Horizontal,2263047.97,2263047.97,0.0,2019-10-22,2020-02-10,2020.0,2.0,111.0,20480.072126696836
Amara,Altos Juriquilla,143.2,173.2,30.0,0.0,2.0,Horizontal,2705780.71,2692622.9,1.0,2017-10-26,2020-02-18,2020.0,2.0,845.0,18803.23254189944
Amara,Altos Juriquilla,143.2,173.2,30.0,0.0,2.0,Horizontal,2705780.71,2711500.71,0.0,2017-10-26,2020-02-19,2020.0,2.0,846.0,18935.06082402235
Dos Motivos,Zakia,146.7,214.7,0.0,68.0,2.0,Horizontal,2471552.2,2471552.2,0.0,2019-10-22,2020-02-20,2020.0,2.0,121.0,16847.663258350378
Armonía,Zakia,165.3,200.9,35.6,0.0,0.0,Horizontal,2767255.76,2731466.92,1.5,2019-01-17,2020-02-08,2020.0,2.0,387.0,16524.30078644888
Amara,Altos Juriquilla,158.0,197.0,39.0,0.0,2.0,Horizontal,2779788.41,2791788.41,0.0,2017-10-26,2020-02-10,2020.0,2.0,837.0,17669.546898734177
Paseo Monet,Zibatá,151.2,185.3,34.1,0.0,2.0,Horizontal,2698995.23,2698995.23,0.0,2017-06-02,2020-02-22,2020.0,2.0,995.0,17850.497552910056
El Motivo,Zakia,155.3,162.3,0.0,7.0,2.0,Horizontal,2021201.6,2021201.6,0.0,2017-08-01,2020-02-17,2020.0,2.0,930.0,13014.820347714101
Dos Motivos,Zakia,138.8,206.2,67.4,0.0,2.0,Horizontal,2536949.63,2536949.63,0.0,2019-10-22,2020-02-11,2020.0,2.0,112.0,18277.73508645533
Amara,Altos Juriquilla,128.2,161.04,19.0,13.84,2.0,Horizontal,2348995.61,2348995.61,0.0,2017-10-26,2020-02-24,2020.0,2.0,851.0,18322.89867394696
Amara,Altos Juriquilla,146.7,193.7,47.0,0.0,2.0,Horizontal,2535825.95,2535825.95,0.0,2017-10-26,2020-02-17,2020.0,2.0,844.0,17285.793796864353
Dos Motivos,Zakia,136.1,194.1,0.0,58.0,2.0,Horizontal,2023615.43,2003121.2,1.5,2019-10-22,2020-02-17,2020.0,2.0,118.0,14718.010286554005
Armonía,Zakia,151.1,169.2,18.1,0.0,0.0,Horizontal,2491552.15,2454178.87,1.5,2019-01-17,2020-03-28,2020.0,3.0,436.0,16242.083851753807
Paseo Miró B,Zibatá,112.2,123.93,0.0,11.73,1.0,Subvertical,2376482.0,2376482.0,0.0,2019-07-31,2020-02-11,2020.0,2.0,195.0,21180.76648841355
Armonía,Zakia,121.5,152.5,31.0,0.0,2.0,Horizontal,2078774.29,1933260.09,7.0,2019-01-17,2020-02-26,2020.0,2.0,405.0,15911.605679012346
Armonía,Zakia,165.3,185.2,19.9,0.0,0.0,Horizontal,2563579.82,2545876.12,1.5,2019-01-17,2020-02-13,2020.0,2.0,392.0,15401.549425287356
Dos Motivos,Zakia,148.7,194.7,0.0,46.0,2.0,Horizontal,2301963.81,2301963.81,0.0,2019-10-22,2020-02-17,2020.0,2.0,118.0,15480.590517821118
Paseo Miró C,Zibatá,184.5,224.3,39.8,0.0,2.0,Horizontal,2835292.96,2867392.96,0.0,2018-04-24,2020-02-25,2020.0,2.0,672.0,15541.425257452574
Alegra Towers,Juriquilla Santa Fe,173.6,190.55,0.0,16.95,2.0,Vertical,4328104.91,4263183.34,1.5,2017-04-27,2020-02-22,2020.0,2.0,1031.0,24557.50771889401
El Motivo,Zakia,155.3,162.3,0.0,7.0,2.0,Horizontal,2014725.75,1994207.61,2.5,2017-08-01,2020-02-21,2020.0,2.0,934.0,12841.00199613651
Amara,Altos Juriquilla,156.0,166.06,0.0,10.06,2.0,Horizontal,2394738.37,2298948.84,4.0,2017-10-26,2020-02-28,2020.0,2.0,855.0,14736.851538461537
Amara,Altos Juriquilla,156.0,166.06,0.0,10.06,2.0,Horizontal,2394738.37,2420258.37,0.0,2017-10-26,2020-02-28,2020.0,2.0,855.0,15514.476730769231
El Motivo,Zakia,130.9,147.9,0.0,17.0,2.0,Horizontal,2084176.0,2084176.0,0.0,2017-08-01,2020-02-24,2020.0,2.0,937.0,15921.894576012222
El Motivo,Zakia,155.3,162.3,0.0,7.0,2.0,Horizontal,2014725.75,1989404.86,1.5,2017-08-01,2020-02-19,2020.0,2.0,932.0,12810.076368319382
Van Gogh,Zibatá,154.4,170.0,15.6,0.0,2.0,Horizontal,2526416.2,2526416.2,0.0,2019-09-06,2020-02-28,2020.0,2.0,175.0,16362.799222797928
Amara,Altos Juriquilla,156.0,166.06,0.0,10.06,2.0,Horizontal,2394738.37,2394738.37,0.0,2017-10-26,2020-02-27,2020.0,2.0,854.0,15350.886987179489
Armonía,Zakia,121.5,144.1,22.6,0.0,0.0,Horizontal,2054774.29,1952035.58,5.0,2019-01-17,2020-02-25,2020.0,2.0,404.0,16066.13646090535
Amara,Altos Juriquilla,146.0,152.91,0.0,6.91,2.0,Horizontal,2300347.11,2300347.11,0.0,2017-10-26,2020-03-02,2020.0,3.0,858.0,15755.80212328767
Amara,Altos Juriquilla,121.2,154.6,33.4,0.0,2.0,Horizontal,2357651.14,2357651.14,0.0,2017-10-26,2020-03-02,2020.0,3.0,858.0,19452.56716171617
Armonía,Zakia,121.5,142.9,21.4,0.0,0.0,Horizontal,2109658.37,2078013.49,1.5,2019-01-17,2020-02-22,2020.0,2.0,401.0,17102.991687242797
Van Gogh,Zibatá,173.9,194.3,20.4,0.0,2.0,Horizontal,2643689.22,2597415.44,2.0,2019-09-06,2020-03-06,2020.0,3.0,182.0,14936.258999424956
El Motivo,Zakia,155.3,162.3,0.0,7.0,2.0,Horizontal,2109962.11,2109962.11,0.0,2017-08-01,2020-02-28,2020.0,2.0,941.0,13586.362588538312
Paseo Picasso - Inspira,Zibatá,168.8,213.5,44.7,0.0,2.0,Horizontal,2498240.0,2498240.0,0.0,2013-04-30,2020-03-06,2020.0,3.0,2502.0,14799.999999999998
Armonía,Zakia,151.1,169.2,18.1,0.0,0.0,Horizontal,2438457.01,2435280.15,1.5,2019-01-17,2020-03-02,2020.0,3.0,410.0,16117.009596293845
Dos Motivos,Zakia,115.2,185.0,69.8,0.0,2.0,Horizontal,2445720.89,2433492.29,0.5,2019-10-22,2020-03-08,2020.0,3.0,138.0,21124.06501736111
Dos Motivos,Zakia,115.2,216.4,101.2,0.0,2.0,Horizontal,2326940.71,2315306.01,0.5,2019-10-22,2020-03-08,2020.0,3.0,138.0,20098.142447916664
Ambrosía,Lomas de Juriquilla,190.1,219.5,29.4,0.0,2.0,Horizontal,3168604.61,3031000.0,3.5,2017-01-09,2020-03-02,2020.0,3.0,1148.0,15944.239873750657
Armonía,Zakia,121.5,154.3,32.8,0.0,0.0,Horizontal,2198572.06,2140114.9,3.0,2019-01-17,2020-03-13,2020.0,3.0,421.0,17614.11440329218
Van Gogh,Zibatá,173.9,201.3,27.4,0.0,2.0,Horizontal,2770819.8,2706259.7,2.33,2019-09-06,2020-03-07,2020.0,3.0,183.0,15562.160437032779
Amara,Altos Juriquilla,146.7,190.4,43.7,0.0,2.0,Horizontal,2638081.81,2638081.81,0.0,2017-10-26,2020-03-07,2020.0,3.0,863.0,17982.834423994547
Amara Grand,Altos Juriquilla,222.0,283.0,61.0,0.0,2.0,Horizontal,3757151.32,3494150.73,7.0,2018-07-09,2020-03-09,2020.0,3.0,609.0,15739.417702702702
Dos Motivos,Zakia,138.8,206.2,67.4,0.0,2.0,Horizontal,2524868.91,2492993.83,2.4,2019-10-22,2020-03-04,2020.0,3.0,134.0,17961.050648414985
Amara Grand,Altos Juriquilla,205.1,235.1,30.0,0.0,2.0,Horizontal,3546146.79,3368839.45,5.0,2018-07-09,2020-03-10,2020.0,3.0,610.0,16425.350804485617
Dos Motivos,Zakia,146.7,214.7,0.0,68.0,2.0,Horizontal,2487852.2,2313702.55,7.0,2019-10-22,2020-03-07,2020.0,3.0,137.0,15771.660190865712
El Motivo,Zakia,155.3,162.3,0.0,7.0,2.0,Horizontal,2021201.6,2021201.6,0.0,2017-08-01,2020-03-07,2020.0,3.0,949.0,13014.820347714101
Paseo Miró C,Zibatá,160.6,187.7,27.1,0.0,2.0,Horizontal,2471087.61,2471087.61,0.0,2018-04-24,2020-03-22,2020.0,3.0,698.0,15386.597820672478
Amara Grand,Altos Juriquilla,179.5,206.5,27.0,0.0,2.0,Horizontal,2950860.78,2773809.13,6.0,2018-07-09,2020-03-18,2020.0,3.0,618.0,15452.975654596099
Armonía,Zakia,121.5,148.1,26.6,0.0,0.0,Horizontal,2181669.63,2181669.63,0.0,2019-01-17,2020-03-20,2020.0,3.0,428.0,17956.12864197531
Alegra Towers,Juriquilla Santa Fe,343.5,356.82,0.0,13.32,3.0,Vertical,9871315.2,8528674.17,11.71,2018-08-29,2020-02-28,2020.0,2.0,548.0,24828.74576419214
Armonía,Zakia,121.5,147.9,26.4,0.0,0.0,Horizontal,2066774.29,1897298.8,8.2,2019-01-17,2020-03-25,2020.0,3.0,433.0,15615.627983539094
Armonía,Zakia,121.5,144.1,22.6,0.0,0.0,Horizontal,2054774.29,1886282.8,8.2,2019-01-17,2020-03-25,2020.0,3.0,433.0,15524.961316872428
Armonía,Zakia,121.5,153.8,32.3,0.0,0.0,Horizontal,2157628.21,1980702.7,8.2,2019-01-17,2020-03-25,2020.0,3.0,433.0,16302.079835390947
Armonía,Zakia,121.5,144.1,22.6,0.0,0.0,Horizontal,2126878.21,1952474.2,8.2,2019-01-17,2020-03-25,2020.0,3.0,433.0,16069.746502057613
Armonía,Zakia,121.5,144.1,22.6,0.0,0.0,Horizontal,2126878.21,1952474.2,8.2,2019-01-17,2020-03-25,2020.0,3.0,433.0,16069.746502057613
Armonía,Zakia,121.5,153.6,32.1,0.0,0.0,Horizontal,2157628.21,1980702.7,8.2,2019-01-17,2020-03-25,2020.0,3.0,433.0,16302.079835390947
El Capricho,"Cascatta II, Lomas de Angelópolis",233.6,248.7,15.1,0.0,2.0,Horizontal,3485550.0,3545100.0,0.0,2019-07-16,2020-03-19,2020.0,3.0,247.0,15175.941780821919
Amara,Altos Juriquilla,158.0,207.2,49.2,0.0,2.0,Horizontal,2302925.0,2310304.69,0.0,2017-10-26,2020-03-12,2020.0,3.0,868.0,14622.181582278481
Armonía,Zakia,121.5,148.6,27.1,0.0,0.0,Horizontal,2107527.36,1949462.81,7.5,2019-01-17,2020-03-20,2020.0,3.0,428.0,16044.961399176955
Van Gogh,Zibatá,193.7,232.2,38.5,0.0,2.0,Horizontal,3046519.68,3069337.08,0.5,2019-09-06,2020-03-19,2020.0,3.0,195.0,15845.829013939083
Dos Motivos,Zakia,158.0,208.3,50.3,0.0,2.0,Horizontal,2661528.37,2686128.37,0.0,2019-10-22,2020-03-12,2020.0,3.0,142.0,17000.81246835443
Paseo Miró C,Zibatá,184.5,224.3,39.8,0.0,2.0,Horizontal,2835292.96,2867392.96,0.0,2018-04-24,2020-03-31,2020.0,3.0,707.0,15541.425257452574
Van Gogh,Zibatá,173.9,201.3,27.4,0.0,2.0,Horizontal,2770819.8,2770819.8,0.0,2019-09-06,2020-03-27,2020.0,3.0,203.0,15933.408855664173
Amara,Altos Juriquilla,146.7,174.9,28.2,0.0,2.0,Horizontal,2530153.04,2530153.04,0.0,2017-10-26,2020-03-28,2020.0,3.0,884.0,17247.123653715065
Amara Grand,Altos Juriquilla,179.5,207.8,28.3,0.0,2.0,Horizontal,3331837.68,3098609.04,7.0,2018-07-09,2020-03-26,2020.0,3.0,626.0,17262.44590529248
Van Gogh,Zibatá,222.0,263.1,41.1,0.0,2.0,Horizontal,3550373.87,3550373.87,0.0,2019-09-06,2020-03-31,2020.0,3.0,207.0,15992.67509009009
Paseo Miró B,Zibatá,149.5,209.83,48.6,11.73,2.0,Subvertical,4426071.0,3554353.2,19.69,2019-07-25,2020-03-31,2020.0,3.0,250.0,23774.93779264214
Amara Grand,Altos Juriquilla,205.1,255.0,49.9,0.0,2.0,Horizontal,3641774.23,3641774.23,0.0,2018-07-09,2020-03-31,2020.0,3.0,631.0,17756.09083373964
Armonía,Zakia,165.3,237.1,71.8,0.0,2.0,Horizontal,2784171.42,2742408.85,1.5,2019-01-17,2020-03-31,2020.0,3.0,439.0,16590.49516031458
Armonía,Zakia,121.5,150.0,28.5,0.0,2.0,Horizontal,2107527.36,2002150.99,5.0,2019-01-17,2020-04-06,2020.0,4.0,445.0,16478.608971193415
Paseo Miró B,Zibatá,149.7,215.56,54.2,11.66,2.0,Subvertical,3180662.91,3089643.02,0.0,2019-07-31,2020-04-04,2020.0,4.0,248.0,20638.897929191717
Amara,Altos Juriquilla,128.2,160.64,18.6,13.84,2.0,Horizontal,2363955.61,2363955.61,0.0,2017-10-26,2020-04-10,2020.0,4.0,897.0,18439.591341653668
Van Gogh,Zibatá,173.9,201.3,27.4,0.0,2.0,Horizontal,2840505.92,2840505.92,0.0,2019-09-06,2020-04-24,2020.0,4.0,231.0,16334.134100057503
Dos Motivos,Zakia,110.5,172.7,62.2,0.0,2.0,Horizontal,2174006.06,2095769.0,1.0,2019-10-22,2020-04-30,2020.0,4.0,191.0,18966.235294117647
Paseo Miró B,Zibatá,74.2,80.04,0.0,5.84,1.0,Subvertical,1959087.71,1959087.71,0.0,2019-07-31,2020-04-27,2020.0,4.0,271.0,26402.799326145552
Amara Grand,Altos Juriquilla,179.5,207.8,28.3,0.0,2.0,Horizontal,3170113.63,3170113.63,0.0,2018-07-09,2020-04-19,2020.0,4.0,650.0,17660.800167130918
Paseo Miró C,Zibatá,145.6,172.7,27.1,0.0,2.0,Horizontal,2406357.17,2406357.17,0.0,2018-04-24,2020-04-24,2020.0,4.0,731.0,16527.178365384614
Dos Motivos,Zakia,110.5,172.7,62.2,0.0,2.0,Horizontal,2174006.06,2087045.82,4.0,2019-10-22,2020-04-24,2020.0,4.0,185.0,18887.292488687784
Amara,Altos Juriquilla,128.2,161.04,19.0,13.84,2.0,Horizontal,2348995.61,2348995.61,0.0,2017-10-26,2020-04-25,2020.0,4.0,912.0,18322.89867394696
Alegra Towers,Juriquilla Santa Fe,97.7,105.6,0.0,7.9,2.0,Vertical,3323136.4,3323136.4,0.0,2018-08-29,2020-04-26,2020.0,4.0,606.0,34013.678607983624
Paseo Miró B,Zibatá,149.4,161.06,0.0,11.66,2.0,Subvertical,3000570.01,3000570.01,0.0,2019-07-25,2020-04-27,2020.0,4.0,277.0,20084.136613119143
Alegra Towers,Juriquilla Santa Fe,97.6,106.0,0.0,8.4,2.0,Vertical,3153361.4,2901092.49,8.0,2016-07-04,2020-04-30,2020.0,4.0,1396.0,29724.30829918033
Dos Motivos,Zakia,110.5,182.3,71.8,0.0,2.0,Horizontal,2201244.91,2192734.61,0.0,2019-10-22,2020-05-13,2020.0,5.0,204.0,19843.752126696832
Alegra Towers,Juriquilla Santa Fe,173.6,190.24,0.0,16.64,2.0,Vertical,4855958.0,4807398.42,1.0,2018-08-29,2020-04-30,2020.0,4.0,610.0,27692.387211981568
Serena,Altos Juriquilla,121.5,158.3,36.8,0.0,2.0,Horizontal,2379189.0,2334189.0,0.0,2020-04-17,2020-05-16,2020.0,5.0,29.0,19211.432098765432
El Capricho,"Cascatta II, Lomas de Angelópolis",215.2,237.7,22.5,0.0,2.0,Horizontal,3267050.0,3234379.5,1.0,2019-07-16,2020-05-15,2020.0,5.0,304.0,15029.644516728626
Dos Motivos,Zakia,148.7,194.7,0.0,46.0,2.0,Horizontal,2214845.37,2214845.37,0.0,2019-10-22,2020-05-15,2020.0,5.0,206.0,14894.72340282448
Amara Grand,Altos Juriquilla,179.5,207.8,28.3,0.0,2.0,Horizontal,3090447.21,2997733.79,3.0,2018-07-09,2020-05-19,2020.0,5.0,680.0,16700.466796657383
Esencia,Zakia,143.2,175.6,32.4,0.0,2.0,Horizontal,2300000.0,2277000.0,1.0,2017-03-02,2020-05-26,2020.0,5.0,1181.0,15900.837988826817
Dos Motivos,Zakia,158.0,209.0,51.0,0.0,2.0,Horizontal,2835593.56,2778881.69,2.0,2019-10-22,2020-05-20,2020.0,5.0,211.0,17587.858797468354
Serena,Altos Juriquilla,121.5,153.7,32.2,0.0,2.0,Horizontal,2370392.0,2325392.0,0.0,2020-04-17,2020-05-29,2020.0,5.0,42.0,19139.028806584363
Amara,Altos Juriquilla,141.9,249.5,107.6,0.0,2.0,Horizontal,2622818.49,2583476.21,1.5,2017-10-26,2020-05-16,2020.0,5.0,933.0,18206.315785764622
Serena,Altos Juriquilla,121.5,153.1,31.6,0.0,2.0,Horizontal,2695638.32,2695638.32,0.0,2020-04-17,2020-05-17,2020.0,5.0,30.0,22186.323621399177
Armonía,Zakia,180.0,229.4,49.4,0.0,2.0,Horizontal,3002082.36,2950000.38,1.5,2019-01-17,2020-05-23,2020.0,5.0,492.0,16388.891
Paseo Monet,Zibatá,205.1,262.8,57.7,0.0,2.0,Horizontal,3490565.55,3479962.72,0.5,2017-06-02,2020-05-16,2020.0,5.0,1079.0,16967.151243295953
Serena,Altos Juriquilla,180.0,210.7,30.7,0.0,2.0,Horizontal,3188503.0,3123503.0,0.0,2020-04-17,2020-05-24,2020.0,5.0,37.0,17352.794444444444
Serena,Altos Juriquilla,121.5,161.0,39.5,0.0,2.0,Horizontal,2384186.0,2384186.0,0.0,2020-04-17,2020-05-30,2020.0,5.0,43.0,19622.930041152264
Van Gogh,Zibatá,179.5,224.6,45.1,0.0,2.0,Horizontal,3268351.0,3219325.74,1.5,2019-09-06,2020-05-18,2020.0,5.0,255.0,17934.96233983287
Amara,Altos Juriquilla,146.7,175.8,29.1,0.0,2.0,Horizontal,2552359.57,2386456.2,6.5,2017-10-26,2020-05-29,2020.0,5.0,946.0,16267.595092024543
Dos Motivos,Zakia,146.7,214.7,0.0,68.0,2.0,Horizontal,2478049.73,2440878.98,1.5,2019-10-22,2020-05-31,2020.0,5.0,222.0,16638.575187457398
Paseo Monet,Zibatá,192.5,248.5,56.0,0.0,2.0,Horizontal,3410960.76,3342741.54,2.0,2017-06-02,2020-06-04,2020.0,6.0,1098.0,17364.89111688312
Amara,Altos Juriquilla,145.6,188.07,23.3,19.17,2.0,Horizontal,2622353.1,2438788.38,7.0,2017-10-26,2020-05-29,2020.0,5.0,946.0,16749.92019230769
Amara,Altos Juriquilla,128.2,160.64,18.6,13.84,2.0,Horizontal,2363955.61,2328496.28,1.5,2017-10-26,2020-05-25,2020.0,5.0,942.0,18162.997503900155
Van Gogh,Zibatá,154.4,170.0,15.6,0.0,2.0,Horizontal,2564137.78,2533174.24,1.5,2019-09-06,2020-05-30,2020.0,5.0,267.0,16406.5689119171
Dos Motivos,Zakia,110.5,172.7,62.2,0.0,2.0,Horizontal,2340817.67,2305705.4,1.5,2019-10-22,2020-06-02,2020.0,6.0,224.0,20866.112217194568
Amara,Altos Juriquilla,146.0,152.91,0.0,6.91,2.0,Horizontal,2331623.32,2284990.85,2.0,2017-10-26,2020-06-05,2020.0,6.0,953.0,15650.622260273973
Serena,Altos Juriquilla,121.5,152.5,31.0,0.0,2.0,Horizontal,2368093.0,2368093.0,0.0,2020-04-17,2020-06-06,2020.0,6.0,50.0,19490.477366255145
Amara,Altos Juriquilla,146.0,152.91,0.0,6.91,2.0,Horizontal,2440912.12,2404298.44,1.5,2017-10-26,2020-06-20,2020.0,6.0,968.0,16467.797534246576
Amara Grand,Altos Juriquilla,238.8,283.8,45.0,0.0,2.0,Horizontal,3972218.7,3773607.77,5.0,2018-07-09,2020-05-31,2020.0,5.0,692.0,15802.377596314907
Alegra Towers,Juriquilla Santa Fe,172.4,189.3,0.0,16.9,2.0,Vertical,4570250.0,4158927.5,9.0,2016-07-04,2020-05-31,2020.0,5.0,1427.0,24123.70939675174
Dos Motivos,Zakia,115.2,216.4,101.2,0.0,2.0,Horizontal,2326940.71,2292036.6,1.5,2019-10-22,2020-06-12,2020.0,6.0,234.0,19896.151041666668
Van Gogh,Zibatá,179.5,224.6,45.1,0.0,2.0,Horizontal,3268351.0,3268351.0,0.0,2019-09-06,2020-06-07,2020.0,6.0,275.0,18208.08356545961
Dos Motivos,Zakia,146.7,214.7,0.0,68.0,2.0,Horizontal,2453514.58,2416711.86,1.5,2019-10-22,2020-06-05,2020.0,6.0,227.0,16473.83680981595
Paseo Miró C,Zibatá,145.6,172.7,27.1,0.0,2.0,Horizontal,2406357.17,2310102.88,4.0,2018-04-24,2020-06-13,2020.0,6.0,781.0,15866.09120879121
Paseo Miró B,Zibatá,74.2,80.04,0.0,5.84,1.0,Subvertical,1894157.03,1913645.03,0.0,2019-07-25,2020-06-07,2020.0,6.0,318.0,25790.364285714284
Amara,Altos Juriquilla,141.9,157.9,16.0,0.0,2.0,Horizontal,2489850.0,2390256.0,4.0,2017-10-26,2020-06-08,2020.0,6.0,956.0,16844.6511627907
Paseo Dalí,Zibatá,151.1,178.5,27.4,0.0,2.0,Horizontal,2618542.68,2457044.69,7.0,2015-08-10,2020-06-19,2020.0,6.0,1775.0,16261.05023163468
Serena,Altos Juriquilla,215.0,263.4,48.4,0.0,2.0,Horizontal,3901353.0,3889346.24,0.5,2020-04-17,2020-06-19,2020.0,6.0,63.0,18089.982511627906
El Motivo,Zakia,155.3,162.3,0.0,7.0,2.0,Horizontal,2131061.73,2088440.5,2.0,2017-08-01,2020-06-20,2020.0,6.0,1054.0,13447.781712813907
Van Gogh,Zibatá,179.5,212.8,33.3,0.0,2.0,Horizontal,3221151.0,3172833.74,1.5,2019-09-06,2020-06-20,2020.0,6.0,288.0,17675.95398328691
Amara,Altos Juriquilla,156.0,166.06,0.0,10.06,2.0,Horizontal,2442633.14,2442633.14,0.0,2017-10-26,2020-06-12,2020.0,6.0,960.0,15657.904743589745
Dos Motivos,Zakia,138.8,208.2,69.4,0.0,2.0,Horizontal,2551949.63,2437111.9,4.5,2019-10-22,2020-06-15,2020.0,6.0,237.0,17558.443083573486
Alegra Towers,Juriquilla Santa Fe,133.5,145.46,0.0,11.96,2.0,Vertical,4489390.98,4220027.52,6.0,2017-04-27,2020-06-15,2020.0,6.0,1145.0,31610.693033707863
El Motivo,Zakia,130.9,147.9,0.0,17.0,2.0,Horizontal,1986784.67,1956982.9,1.5,2017-08-01,2020-06-22,2020.0,6.0,1056.0,14950.213139801373
Van Gogh,Zibatá,222.0,268.7,46.7,0.0,2.0,Horizontal,3749856.01,3693608.17,1.5,2019-09-06,2020-06-22,2020.0,6.0,290.0,16637.87463963964
Armonía,Zakia,121.5,150.8,29.3,0.0,2.0,Horizontal,2183557.62,2150804.26,1.5,2019-01-17,2020-06-19,2020.0,6.0,519.0,17702.092674897118
Van Gogh,Zibatá,173.9,201.3,27.4,0.0,2.0,Horizontal,2798559.94,2673946.34,6.0,2019-09-06,2020-06-29,2020.0,6.0,297.0,15376.344680851062
Armonía,Zakia,151.1,170.8,19.7,0.0,2.0,Horizontal,2543895.42,2378542.22,6.5,2019-01-17,2020-06-24,2020.0,6.0,524.0,15741.51039046989
Armonía,Zakia,151.1,169.2,18.1,0.0,2.0,Horizontal,2491552.15,2329601.26,6.5,2019-01-17,2020-06-24,2020.0,6.0,524.0,15417.612574454002
Armonía,Zakia,165.3,188.0,22.7,0.0,2.0,Horizontal,2585441.7,2450787.99,6.5,2019-01-17,2020-06-24,2020.0,6.0,524.0,14826.303629764066
Serena,Altos Juriquilla,180.0,209.8,29.8,0.0,2.0,Horizontal,3186736.0,3186736.0,0.0,2020-04-17,2020-06-24,2020.0,6.0,68.0,17704.088888888888
Armonía,Zakia,121.5,145.7,24.2,0.0,2.0,Horizontal,2143257.62,1990000.0,7.0,2019-01-17,2020-06-30,2020.0,6.0,530.0,16378.600823045268
Armonía,Zakia,165.3,196.2,30.9,0.0,2.0,Horizontal,2635528.52,2478324.81,6.0,2019-01-17,2020-06-26,2020.0,6.0,526.0,14992.89056261343
El Capricho,"Cascatta II, Lomas de Angelópolis",215.2,237.7,22.5,0.0,0.0,Horizontal,3449000.0,3207570.0,7.0,2019-07-16,2020-07-06,2020.0,7.0,356.0,14905.065055762083
Paseo Miró B,Zibatá,149.4,161.06,0.0,11.66,2.0,Subvertical,3065423.59,3034769.35,1.0,2019-07-25,2020-06-19,2020.0,6.0,330.0,20313.047858099064
Paseo Dalí,Zibatá,219.3,275.8,56.5,0.0,2.0,Horizontal,3608325.0,3608325.0,0.0,2015-08-10,2020-06-23,2020.0,6.0,1779.0,16453.830369357045
Paseo Miró C,Zibatá,165.7,194.0,28.3,0.0,2.0,Horizontal,2588442.91,2471962.98,4.5,2018-04-24,2020-07-04,2020.0,7.0,802.0,14918.304043452023
El Motivo,Zakia,130.9,147.9,0.0,17.0,2.0,Horizontal,1986784.67,1956982.9,1.5,2017-08-01,2020-06-28,2020.0,6.0,1062.0,14950.213139801373
Amara Grand,Altos Juriquilla,190.7,227.8,37.1,0.0,2.0,Horizontal,3000000.0,3000000.0,0.0,2018-07-09,,,,,15731.515469323545
Amara,Altos Juriquilla,146.0,152.91,0.0,6.91,2.0,Horizontal,2265841.9,2265841.9,0.0,2017-10-26,,,,,15519.46506849315
Ambrosía,Lomas de Juriquilla,190.1,219.5,29.4,0.0,2.0,Horizontal,2950000.0,2950000.0,0.0,2017-01-09,,,,,15518.148342977382
Ambrosía,Lomas de Juriquilla,151.2,151.2,0.0,0.0,2.0,Horizontal,2853662.94,2853662.94,0.0,2017-01-09,,,,,18873.432142857146
Ambrosía,Lomas de Juriquilla,167.3,227.3,60.0,0.0,2.0,Horizontal,2893905.44,2893905.44,0.0,2017-01-09,,,,,17297.70137477585
Ambrosía,Lomas de Juriquilla,175.4,175.4,0.0,0.0,2.0,Horizontal,2896800.0,2896800.0,0.0,2017-01-09,,,,,16515.393386545038
Ambrosía,Lomas de Juriquilla,190.1,219.5,29.4,0.0,2.0,Horizontal,3000000.0,3000000.0,0.0,2017-01-09,,,,,15781.167806417676
Ambrosía,Lomas de Juriquilla,151.7,151.7,0.0,0.0,2.0,Horizontal,2853662.94,2853662.94,0.0,2017-01-09,,,,,18811.225708635466
Amara Grand,Altos Juriquilla,190.7,227.8,37.1,0.0,2.0,Horizontal,3508425.15,3333003.89,5.0,2018-07-09,2020-06-29,2020.0,6.0,721.0,17477.734084950185
Dos Motivos,Zakia,136.1,194.1,0.0,58.0,2.0,Horizontal,2123742.55,2017555.42,5.0,2019-10-22,2020-07-04,2020.0,7.0,256.0,14824.066274797942
Van Gogh,Zibatá,193.7,232.2,38.5,0.0,2.0,Horizontal,3200104.67,3152103.1,1.5,2019-09-06,2020-06-30,2020.0,6.0,298.0,16273.118740320084
Armonía,Zakia,180.0,293.5,113.5,0.0,2.0,Horizontal,3212243.16,3164059.51,1.5,2019-01-17,2020-07-04,2020.0,7.0,534.0,17578.108388888886
Dos Motivos,Zakia,110.5,197.0,86.5,0.0,2.0,Horizontal,2225771.82,2136740.95,4.0,2019-10-22,2020-06-29,2020.0,6.0,251.0,19337.022171945704
Paseo Miró C,Zibatá,184.5,224.3,39.8,0.0,2.0,Horizontal,2835292.96,2782334.17,3.0,2018-04-24,2020-06-30,2020.0,6.0,798.0,15080.402005420054
Dos Motivos,Zakia,110.5,172.7,62.2,0.0,2.0,Horizontal,2174006.06,2032695.67,6.5,2019-10-22,2020-06-29,2020.0,6.0,251.0,18395.435927601808
Dos Motivos,Zakia,148.7,194.7,0.0,46.0,2.0,Horizontal,2279172.09,2131025.9,6.5,2019-10-22,2020-06-29,2020.0,6.0,251.0,14331.04169468729
Armonía,Zakia,121.5,148.1,26.6,0.0,0.0,Horizontal,2181669.63,2020000.5,7.41,2019-01-17,2020-06-30,2020.0,6.0,530.0,16625.51851851852
Alegra Towers,Juriquilla Santa Fe,272.3,428.56,135.0,21.26,3.0,Vertical,7380690.27,7380690.27,0.0,2018-08-29,2020-06-28,2020.0,6.0,669.0,27104.995482923245
El Capricho,"Cascatta II, Lomas de Angelópolis",219.2,237.0,17.8,0.0,0.0,Horizontal,3641000.0,3458950.0,5.0,2019-07-16,2020-07-03,2020.0,7.0,353.0,15779.881386861314
Paseo Dalí,Zibatá,196.0,298.4,102.4,0.0,2.0,Horizontal,3395268.0,3344338.98,1.5,2015-08-10,2020-07-05,2020.0,7.0,1791.0,17062.953979591835
Van Gogh,Zibatá,193.7,232.2,38.5,0.0,2.0,Horizontal,3077023.72,2923152.3,6.0,2019-09-06,2020-07-08,2020.0,7.0,306.0,15091.132163138875
Dos Motivos,Zakia,136.1,194.1,0.0,58.0,2.0,Horizontal,2372008.05,2336427.93,1.5,2019-10-22,2020-07-04,2020.0,7.0,256.0,17166.9943423953
Dos Motivos,Zakia,115.2,210.0,94.8,0.0,2.0,Horizontal,2324470.21,2311503.16,1.5,2019-10-22,2020-06-30,2020.0,6.0,252.0,20065.131597222222
Dos Motivos,Zakia,110.5,172.7,62.2,0.0,2.0,Horizontal,2263147.35,2267347.35,0.0,2019-10-22,2020-07-04,2020.0,7.0,256.0,20518.980542986425
Amara Grand,Altos Juriquilla,222.0,283.0,61.0,0.0,2.0,Horizontal,3768641.08,3561365.82,5.5,2018-07-09,2020-07-13,2020.0,7.0,735.0,16042.188378378378
Paseo Miró C,Zibatá,142.5,158.3,15.8,0.0,2.0,Horizontal,2325820.32,2186271.1,6.0,2018-04-24,2020-07-10,2020.0,7.0,808.0,15342.253333333334
El Capricho,"Cascatta II, Lomas de Angelópolis",219.2,237.0,17.8,0.0,0.0,Horizontal,3681000.0,3496950.0,5.0,2019-07-16,2020-07-14,2020.0,7.0,364.0,15953.239051094892
El Capricho,"Cascatta II, Lomas de Angelópolis",215.2,237.7,22.5,0.0,0.0,Horizontal,3870011.0,3676510.45,5.0,2019-07-16,2020-07-09,2020.0,7.0,359.0,17084.156366171006
Paseo Monet,Zibatá,192.5,250.8,58.3,0.0,2.0,Horizontal,3228857.79,3468786.99,0.0,2017-06-02,2020-07-03,2020.0,7.0,1127.0,18019.672675324677
Van Gogh,Zibatá,222.0,263.1,41.1,0.0,2.0,Horizontal,3550373.87,3479366.39,2.0,2019-09-06,2020-07-17,2020.0,7.0,315.0,15672.821576576576
El Capricho,"Cascatta II, Lomas de Angelópolis",233.6,322.2,88.6,0.0,0.0,Horizontal,3935970.0,3778531.2,4.0,2019-07-16,2020-07-31,2020.0,7.0,381.0,16175.219178082192
El Motivo,Zakia,130.9,147.9,0.0,17.0,2.0,Horizontal,2097585.81,2076609.95,1.0,2017-08-01,2020-07-14,2020.0,7.0,1078.0,15864.09434682964
Armonía,Zakia,165.3,225.3,60.0,0.0,2.0,Horizontal,2721597.86,2754997.86,0.0,2019-01-17,2020-07-18,2020.0,7.0,548.0,16666.653720508166
Dos Motivos,Zakia,110.5,197.0,86.5,0.0,2.0,Horizontal,2234597.08,2234597.08,0.0,2019-10-22,2020-07-25,2020.0,7.0,277.0,20222.598009049776
El Motivo,Zakia,130.9,147.9,0.0,17.0,2.0,Horizontal,1995000.0,1985025.0,0.5,2017-08-01,2020-07-17,2020.0,7.0,1081.0,15164.438502673796
Paseo Miró B,Zibatá,112.2,123.93,0.0,11.73,1.0,Subvertical,2376482.0,2304831.07,0.5,2019-07-31,2020-07-19,2020.0,7.0,354.0,20542.166399286987
Amara,Altos Juriquilla,156.0,166.06,0.0,10.06,2.0,Horizontal,2442633.14,2447183.14,0.0,2017-10-26,2020-07-29,2020.0,7.0,1007.0,15687.07141025641
El Motivo,Zakia,155.3,162.3,0.0,7.0,2.0,Horizontal,2163027.66,2152212.52,0.5,2017-08-01,2020-07-18,2020.0,7.0,1082.0,13858.419317450096
Van Gogh,Zibatá,179.5,202.1,22.6,0.0,2.0,Horizontal,3178351.02,3178351.02,0.0,2019-09-06,2020-07-18,2020.0,7.0,316.0,17706.690919220055
Armonía,Zakia,180.0,293.5,113.5,0.0,2.0,Horizontal,3212243.16,3196181.94,0.5,2019-01-17,2020-07-25,2020.0,7.0,555.0,17756.566333333332
Paseo Miró C,Zibatá,184.5,224.3,39.8,0.0,2.0,Horizontal,2750190.0,2750190.0,0.0,2018-04-24,2020-07-24,2020.0,7.0,822.0,14906.178861788618
Dos Motivos,Zakia,138.8,206.2,67.4,0.0,2.0,Horizontal,2551949.63,2539189.88,0.5,2019-10-22,2020-07-25,2020.0,7.0,277.0,18293.875216138327
Paseo Dalí,Zibatá,151.1,178.5,27.4,0.0,2.0,Horizontal,2618542.68,2435244.69,2.0,2015-08-10,2020-07-29,2020.0,7.0,1815.0,16116.77491727333
Dos Motivos,Zakia,148.7,194.7,0.0,46.0,2.0,Horizontal,2279172.09,2292576.23,0.5,2019-10-22,2020-07-25,2020.0,7.0,277.0,15417.459515803632
Paseo Monet,Zibatá,151.2,185.3,34.1,0.0,2.0,Horizontal,2698995.23,2685500.25,0.5,2017-06-02,,,,,17761.24503968254
Armonía,Zakia,165.3,189.3,24.0,0.0,2.0,Horizontal,2614213.52,2581429.25,2.0,2019-01-17,2020-07-27,2020.0,7.0,557.0,15616.631881427706
El Motivo,Zakia,130.9,147.9,0.0,17.0,2.0,Horizontal,1986784.67,1867577.59,6.0,2017-08-01,2020-07-23,2020.0,7.0,1087.0,14267.208479755538
Paseo Dalí,Zibatá,151.1,178.5,27.4,0.0,2.0,Horizontal,2618542.68,2566171.83,2.0,2015-08-10,,,,,16983.268232958308
Armonía,Zakia,121.5,150.8,29.3,0.0,2.0,Horizontal,2183557.62,2107133.1,3.5,2019-01-17,2020-07-25,2020.0,7.0,555.0,17342.65925925926
El Motivo,Zakia,130.9,147.9,0.0,17.0,2.0,Horizontal,2084176.0,2063334.24,1.0,2017-08-01,2020-07-29,2020.0,7.0,1093.0,15762.6756302521
Serena,Altos Juriquilla,165.4,202.9,37.5,0.0,2.0,Horizontal,3010971.0,3010971.0,0.0,2020-04-17,2020-07-26,2020.0,7.0,100.0,18204.177750906892
Van Gogh,Zibatá,193.7,232.2,38.5,0.0,2.0,Horizontal,3046519.68,3100869.68,0.0,2019-09-06,2020-07-29,2020.0,7.0,327.0,16008.619927723284
Van Gogh,Zibatá,222.0,298.2,76.2,0.0,2.0,Horizontal,3860663.3,3802753.35,1.5,2019-09-06,2020-07-26,2020.0,7.0,324.0,17129.519594594596
Paseo Dalí,Zibatá,219.3,275.8,56.5,0.0,2.0,Horizontal,3608325.0,3536158.5,2.0,2015-08-10,2020-07-31,2020.0,7.0,1817.0,16124.753761969903
Dos Motivos,Zakia,148.7,194.7,0.0,46.0,2.0,Horizontal,2279172.09,2267776.23,0.5,2019-10-22,2020-08-08,2020.0,8.0,291.0,15250.680766644251
El Motivo,Zakia,155.3,162.3,0.0,7.0,2.0,Horizontal,2163027.66,2044061.14,5.5,2017-08-01,2020-07-31,2020.0,7.0,1095.0,13162.016355441081
Alegra Towers,Juriquilla Santa Fe,173.6,190.24,0.0,16.64,2.0,Vertical,5033919.0,4933240.62,2.0,2018-08-29,2020-07-31,2020.0,7.0,702.0,28417.284677419357
Alegra Towers,Juriquilla Santa Fe,133.3,145.19,0.0,11.89,0.0,Vertical,4536137.51,4490776.13,1.0,2018-08-29,2020-07-30,2020.0,7.0,701.0,33689.24328582145
Amara,Altos Juriquilla,143.2,173.2,30.0,0.0,2.0,Horizontal,2705780.71,2711500.71,0.0,2017-10-26,2020-08-09,2020.0,8.0,1018.0,18935.06082402235
Esencia,Zakia,180.6,209.7,29.1,0.0,2.0,Horizontal,2413472.02,2413472.02,0.0,2017-03-02,2020-07-31,2020.0,7.0,1247.0,13363.632447397564
Alegra Towers,Juriquilla Santa Fe,173.6,190.55,0.0,16.95,2.0,Vertical,4361086.41,4077615.79,6.5,2017-04-27,2020-08-05,2020.0,8.0,1196.0,23488.57021889401
Alegra Towers,Juriquilla Santa Fe,97.5,105.9,0.0,8.4,2.0,Vertical,3348402.5,2846142.13,15.0,2016-06-29,2020-08-05,2020.0,8.0,1498.0,29191.20133333333
Alegra Towers,Juriquilla Santa Fe,97.7,105.6,0.0,7.9,2.0,Vertical,3201489.67,2913355.6,9.0,2018-08-29,2020-08-05,2020.0,8.0,707.0,29819.402251791198
Alegra Towers,Juriquilla Santa Fe,133.4,145.29,0.0,11.89,2.0,Vertical,4427445.0,4028974.95,9.0,2018-08-29,2020-08-05,2020.0,8.0,707.0,30202.211019490256
Alegra Towers,Juriquilla Santa Fe,173.6,190.24,0.0,16.64,2.0,Vertical,4625732.97,4209417.0,9.0,2018-08-29,2020-08-05,2020.0,8.0,707.0,24247.793778801843
Dos Motivos,Zakia,136.1,194.1,0.0,58.0,2.0,Horizontal,2196295.28,2160987.9,2.5,2019-10-22,2020-08-15,2020.0,8.0,298.0,15877.941954445261
Paseo Miró C,Zibatá,142.5,158.3,15.8,0.0,2.0,Horizontal,2325820.32,2302562.12,1.0,2018-04-24,2020-08-16,2020.0,8.0,845.0,16158.330666666667
Paseo Miró C,Zibatá,184.5,224.3,39.8,0.0,2.0,Horizontal,2870292.96,2743378.31,5.0,2018-04-24,2020-08-17,2020.0,8.0,846.0,14869.259132791329
Paseo Miró B,Zibatá,148.1,159.76,0.0,11.66,2.0,Subvertical,3120325.0,3195325.0,0.0,2019-07-31,2020-09-04,2020.0,9.0,401.0,21575.45577312627
Armonía,Zakia,165.3,225.3,60.0,0.0,2.0,Horizontal,2721597.86,2700565.9,2.0,2019-01-17,2020-08-09,2020.0,8.0,570.0,16337.361766485177
Serena,Altos Juriquilla,165.4,197.2,31.8,0.0,2.0,Horizontal,3000255.0,3022755.0,0.0,2020-04-17,2020-08-19,2020.0,8.0,124.0,18275.423216444982
Amara Grand,Altos Juriquilla,223.1,263.5,40.4,0.0,2.0,Horizontal,3843180.57,3843180.57,0.0,2018-07-09,2020-08-25,2020.0,8.0,778.0,17226.268803227253
Dos Motivos,Zakia,146.7,214.7,0.0,68.0,2.0,Horizontal,2283932.73,2272513.07,0.5,2019-10-22,2020-08-15,2020.0,8.0,298.0,15490.886639400136
Paseo Dalí,Zibatá,151.1,178.5,27.4,0.0,2.0,Horizontal,2618542.68,2435244.69,7.0,2015-08-10,2020-08-11,2020.0,8.0,1828.0,16116.77491727333
Paseo Dalí,Zibatá,151.1,178.5,27.4,0.0,2.0,Horizontal,2618542.68,2566171.83,2.0,2015-08-10,2020-08-17,2020.0,8.0,1834.0,16983.268232958308
Dos Motivos,Zakia,146.7,214.7,0.0,68.0,2.0,Horizontal,2350222.42,2382622.42,0.0,2019-10-22,2020-08-25,2020.0,8.0,308.0,16241.461622358556
Van Gogh,Zibatá,173.9,201.3,27.4,0.0,2.0,Horizontal,2770819.8,2715403.4,2.0,2019-09-06,2020-08-25,2020.0,8.0,354.0,15614.740655549165
Amara,Altos Juriquilla,192.1,276.6,15.0,69.5,2.0,Horizontal,3287670.42,3123286.9,5.0,2017-10-26,2020-09-15,2020.0,9.0,1055.0,16258.651223321187
El Motivo,Zakia,156.8,221.4,64.6,0.0,2.0,Horizontal,2558320.82,2430404.78,5.0,2017-08-01,2020-08-20,2020.0,8.0,1115.0,15500.030484693874
Paseo Miró C,Zibatá,128.7,144.5,15.8,0.0,2.0,Horizontal,2181475.0,2183960.25,1.0,2018-04-24,2020-08-22,2020.0,8.0,851.0,16969.388111888115
Armonía,Zakia,121.5,150.5,29.0,0.0,2.0,Horizontal,2289404.16,2282507.14,0.5,2019-01-17,2020-08-22,2020.0,8.0,583.0,18786.066995884776
Paseo Dalí,Zibatá,196.0,298.4,102.4,0.0,2.0,Horizontal,3395268.0,3157599.24,7.0,2015-08-10,2020-08-26,2020.0,8.0,1843.0,16110.200204081633
Alegra Towers,Juriquilla Santa Fe,173.7,190.34,0.0,16.64,2.0,Vertical,4475135.07,4385632.37,2.0,2018-08-29,2020-08-15,2020.0,8.0,717.0,25248.315313759358
Amara,Altos Juriquilla,145.6,188.97,24.2,19.17,2.0,Horizontal,2659231.48,2645935.32,0.5,2017-10-26,2020-08-31,2020.0,8.0,1040.0,18172.632692307692
Amara Grand,Altos Juriquilla,222.0,283.0,61.0,0.0,2.0,Horizontal,3757151.32,3531722.24,6.0,2018-07-09,2020-08-21,2020.0,8.0,774.0,15908.658738738739
Armonía,Zakia,121.5,145.7,24.2,0.0,2.0,Horizontal,2143257.62,2132541.33,0.5,2019-01-17,2020-08-22,2020.0,8.0,583.0,17551.780493827162
Amara Grand,Altos Juriquilla,179.5,206.5,27.0,0.0,2.0,Horizontal,3170268.6,3122714.57,1.5,2018-07-09,2020-08-24,2020.0,8.0,777.0,17396.73855153203
Paseo Miró C,Zibatá,184.5,224.3,39.8,0.0,2.0,Horizontal,2835292.96,2839040.03,1.0,2018-04-24,2020-08-26,2020.0,8.0,855.0,15387.7508401084
El Motivo,Zakia,130.9,147.9,0.0,17.0,2.0,Horizontal,2142410.78,2120986.67,1.0,2017-08-01,2020-08-28,2020.0,8.0,1123.0,16203.106722689074
Amara,Altos Juriquilla,158.0,199.0,41.0,0.0,2.0,Horizontal,2955750.25,2955750.25,0.0,2017-10-26,2020-08-31,2020.0,8.0,1040.0,18707.28006329114
Paseo Miró B,Zibatá,74.2,80.04,0.0,5.84,1.0,Subvertical,1894157.03,1894157.03,0.0,2019-07-25,2020-09-07,2020.0,9.0,410.0,25527.722776280323
Armonía,Zakia,180.0,206.7,26.7,0.0,2.0,Horizontal,2930294.76,2945494.76,0.0,2019-01-17,2020-08-29,2020.0,8.0,590.0,16363.859777777776
Dos Motivos,Zakia,115.2,234.1,118.9,0.0,2.0,Horizontal,2412803.73,2376611.67,1.5,2019-10-22,2020-08-28,2020.0,8.0,311.0,20630.309635416666
Paseo Miró B,Zibatá,186.3,203.83,0.0,17.53,2.0,Subvertical,3789987.05,3789987.05,0.0,2019-07-31,2020-09-05,2020.0,9.0,402.0,20343.462426194306
El Capricho,"Cascatta II, Lomas de Angelópolis",215.2,237.7,22.5,0.0,0.0,Horizontal,3449000.0,3207570.0,7.0,2019-07-16,2020-08-27,2020.0,8.0,408.0,14905.065055762083
Armonía,Zakia,165.3,239.7,74.4,0.0,2.0,Horizontal,2863226.69,2820278.29,1.5,2019-01-17,2020-09-06,2020.0,9.0,598.0,17061.57465214761
Alegra Towers,Juriquilla Santa Fe,172.4,189.3,0.0,16.9,2.0,Vertical,4570250.0,4250332.5,7.0,2016-06-29,2020-08-31,2020.0,8.0,1524.0,24653.900812064963
Dos Motivos,Zakia,136.1,194.1,0.0,58.0,2.0,Horizontal,2196295.28,2108443.47,4.0,2019-10-22,2020-09-30,2020.0,9.0,344.0,15491.869728141075
Armonía,Zakia,165.3,188.6,23.3,0.0,2.0,Horizontal,2588486.7,2518347.23,4.0,2019-01-17,2020-10-15,2020.0,10.0,637.0,15235.01046581972
El Capricho,"Cascatta II, Lomas de Angelópolis",215.2,273.9,58.7,0.0,0.0,Horizontal,3667000.0,3483650.0,5.0,2019-07-16,2020-09-03,2020.0,9.0,415.0,16187.96468401487
Van Gogh,Zibatá,222.0,285.5,63.5,0.0,2.0,Horizontal,3667284.0,3667284.0,0.0,2019-09-06,2020-08-31,2020.0,8.0,360.0,16519.297297297297
Armonía,Zakia,165.3,193.4,28.1,0.0,2.0,Horizontal,2671314.15,2578361.58,4.0,2019-01-17,2020-09-12,2020.0,9.0,604.0,15598.073684210525
Van Gogh,Zibatá,179.5,202.1,22.6,0.0,2.0,Horizontal,3178351.02,3051216.98,4.0,2019-09-06,2020-09-25,2020.0,9.0,385.0,16998.423286908077
Alegra Towers,Juriquilla Santa Fe,272.3,428.56,135.0,21.26,3.0,Vertical,7380690.27,6716428.15,9.0,2018-08-29,2020-09-04,2020.0,9.0,737.0,24665.54590525156
Van Gogh,Zibatá,173.9,201.3,27.4,0.0,2.0,Horizontal,2820948.42,2713352.26,5.5,2019-09-06,2020-09-15,2020.0,9.0,375.0,15602.945715928692
El Motivo,Zakia,130.9,147.9,0.0,17.0,2.0,Horizontal,2097585.81,1992706.52,5.0,2017-08-01,2020-09-19,2020.0,9.0,1145.0,15223.120855614972
Serena,Altos Juriquilla,151.3,186.9,35.6,0.0,2.0,Horizontal,2827483.0,2827483.0,0.0,2020-04-17,2020-09-20,2020.0,9.0,156.0,18687.92465300727
Paseo Dalí,Zibatá,151.1,178.5,27.4,0.0,2.0,Horizontal,2618542.68,2539986.4,3.0,2015-08-10,2020-09-12,2020.0,9.0,1860.0,16809.96955658504
Amara Grand,Altos Juriquilla,222.0,287.5,65.5,0.0,2.0,Horizontal,3795687.93,3643860.41,4.0,2018-07-09,2020-09-07,2020.0,9.0,791.0,16413.78563063063
Paseo Miró B,Zibatá,112.2,123.93,0.0,11.73,1.0,Subvertical,2420962.78,2438712.78,0.0,2019-07-31,2020-09-17,2020.0,9.0,414.0,21735.408021390373
Armonía,Zakia,165.3,186.6,21.3,0.0,2.0,Horizontal,2586456.7,2482998.43,4.0,2019-01-17,2020-09-24,2020.0,9.0,616.0,15021.164125831821
Armonía,Zakia,121.5,140.7,19.2,0.0,2.0,Horizontal,2126627.65,2126627.65,0.0,2019-01-17,2020-09-15,2020.0,9.0,607.0,17503.108230452675
Amara Grand,Altos Juriquilla,205.1,255.0,49.9,0.0,2.0,Horizontal,3641774.23,3532521.0,3.0,2018-07-09,2020-09-08,2020.0,9.0,792.0,17223.408093612874
Amara,Altos Juriquilla,158.0,195.6,37.6,0.0,2.0,Horizontal,2888125.0,2888125.0,0.0,2017-10-26,2020-09-18,2020.0,9.0,1058.0,18279.272151898735
Dos Motivos,Zakia,110.5,197.0,86.5,0.0,2.0,Horizontal,2250423.13,2250423.13,0.0,2019-10-22,2020-09-18,2020.0,9.0,332.0,20365.820180995473
Van Gogh,Zibatá,175.2,201.4,26.2,0.0,2.0,Horizontal,2786807.6,2766439.52,1.0,2019-09-06,2020-09-26,2020.0,9.0,386.0,15790.1799086758
Van Gogh,Zibatá,173.9,201.3,27.4,0.0,2.0,Horizontal,2840505.92,2812100.86,1.0,2019-09-06,2020-09-17,2020.0,9.0,377.0,16170.792754456583
Paseo Miró C,Zibatá,184.5,224.3,39.8,0.0,2.0,Horizontal,2835292.96,2810687.1,2.0,2018-04-24,2020-09-29,2020.0,9.0,889.0,15234.076422764228
Paseo Miró B,Zibatá,148.1,159.76,0.0,11.66,2.0,Subvertical,3035102.56,3049802.56,0.0,2019-07-25,2020-09-21,2020.0,9.0,424.0,20592.859959486836
Amara Grand,Altos Juriquilla,179.5,207.8,28.3,0.0,2.0,Horizontal,3331837.68,3131927.42,6.0,2018-07-09,2020-09-23,2020.0,9.0,807.0,17448.063621169917
Amara,Altos Juriquilla,160.6,197.3,32.5,4.2,2.0,Horizontal,2829508.65,2688033.22,5.0,2017-10-26,2020-10-05,2020.0,10.0,1075.0,16737.442216687425
Paseo Miró B,Zibatá,112.2,123.93,0.0,11.73,1.0,Subvertical,2461295.09,2362843.29,4.0,2019-07-25,2020-09-19,2020.0,9.0,422.0,21059.20935828877
Amara Grand,Altos Juriquilla,222.0,283.0,61.0,0.0,2.0,Horizontal,3775937.07,3719298.01,1.5,2018-07-09,2020-09-30,2020.0,9.0,814.0,16753.59463963964
Amara Grand,Altos Juriquilla,223.1,257.9,34.8,0.0,2.0,Horizontal,3488614.7,3488614.7,0.0,2018-07-09,2020-09-11,2020.0,9.0,795.0,15637.000000000002
Amara,Altos Juriquilla,141.9,169.4,27.5,0.0,2.0,Horizontal,2511673.64,2373531.59,5.5,2017-10-26,2020-09-24,2020.0,9.0,1064.0,16726.790627202252
Dos Motivos,Zakia,148.7,194.7,0.0,46.0,2.0,Horizontal,2301893.66,2290384.19,0.5,2019-10-22,2020-09-29,2020.0,9.0,343.0,15402.71815736382
El Motivo,Zakia,155.3,162.3,0.0,7.0,2.0,Horizontal,2163027.66,2044061.14,5.5,2017-08-01,2020-09-25,2020.0,9.0,1151.0,13162.016355441081
Paseo Monet,Zibatá,151.2,185.3,34.1,0.0,2.0,Horizontal,2698995.23,2698995.23,0.0,2017-06-02,2020-09-21,2020.0,9.0,1207.0,17850.497552910056
Amara Grand,Altos Juriquilla,223.1,258.6,35.5,0.0,2.0,Horizontal,3836700.0,3817516.5,0.5,2018-07-09,2020-09-29,2020.0,9.0,813.0,17111.234872254594
Amara Grand,Altos Juriquilla,222.0,283.0,61.0,0.0,2.0,Horizontal,3757151.32,3531722.24,6.0,2018-07-09,2020-09-30,2020.0,9.0,814.0,15908.658738738739
El Motivo,Zakia,155.3,162.3,0.0,7.0,2.0,Horizontal,2212930.68,2168672.07,2.0,2017-08-01,2020-09-26,2020.0,9.0,1152.0,13964.404829362522
Armonía,Zakia,165.3,185.2,19.9,0.0,2.0,Horizontal,2625051.42,2579699.88,3.0,2019-01-17,2020-09-27,2020.0,9.0,619.0,15606.169872958257
Paseo Miró B,Zibatá,112.2,123.93,0.0,11.73,1.0,Subvertical,2450295.09,2438043.61,0.5,2019-07-25,2020-09-30,2020.0,9.0,433.0,21729.44393939394
Serena,Altos Juriquilla,151.3,183.4,32.1,0.0,2.0,Horizontal,2820871.0,2750349.23,2.5,2020-04-17,2020-09-25,2020.0,9.0,161.0,18178.11784534038
Serena,Altos Juriquilla,165.4,193.9,28.5,0.0,2.0,Horizontal,2994004.0,2919153.9,2.5,2020-04-17,2020-10-07,2020.0,10.0,173.0,17649.05622732769
El Motivo,Zakia,155.3,162.3,0.0,7.0,2.0,Horizontal,2163027.66,2076506.55,4.0,2017-08-01,2020-09-28,2020.0,9.0,1154.0,13370.937218287185
Armonía,Zakia,121.5,145.2,23.7,0.0,2.0,Horizontal,2138860.0,2031917.0,5.0,2019-01-17,2020-10-03,2020.0,10.0,625.0,16723.59670781893
Paseo Miró C,Zibatá,160.6,187.7,27.1,0.0,2.0,Horizontal,2490000.0,2465100.0,1.0,2018-04-24,2020-10-07,2020.0,10.0,897.0,15349.315068493152
Armonía,Zakia,121.5,150.6,29.1,0.0,2.0,Horizontal,2266128.1,2266128.1,0.0,2019-01-17,2020-10-06,2020.0,10.0,628.0,18651.26008230453
Armonía,Zakia,165.3,194.1,28.8,0.0,2.0,Horizontal,2668254.15,2561523.99,0.0,2019-01-17,2020-09-30,2020.0,9.0,622.0,15496.212885662433
Serena,Altos Juriquilla,121.5,153.1,31.6,0.0,2.0,Horizontal,2695638.32,2695638.32,0.0,2020-04-17,2020-09-28,2020.0,9.0,164.0,22186.323621399177
Serena,Altos Juriquilla,215.0,234.8,19.8,0.0,2.0,Horizontal,3847051.0,3933086.0,0.0,2020-04-17,2020-10-12,2020.0,10.0,178.0,18293.423255813952
Amara,Altos Juriquilla,146.0,152.91,0.0,6.91,2.0,Horizontal,2331623.32,2261674.62,3.0,2017-10-26,2020-10-07,2020.0,10.0,1077.0,15490.92205479452
Amara Grand,Altos Juriquilla,179.5,206.5,27.0,0.0,2.0,Horizontal,3248739.77,3135033.88,3.5,2018-07-09,2020-09-30,2020.0,9.0,814.0,17465.36980501393
Amara,Altos Juriquilla,146.7,179.6,32.9,0.0,2.0,Horizontal,2656517.17,2563539.07,3.5,2017-10-26,2020-10-07,2020.0,10.0,1077.0,17474.7039536469
Amara,Altos Juriquilla,146.0,152.91,0.0,6.91,2.0,Horizontal,2300347.11,2300347.11,0.0,2017-10-26,2020-09-30,2020.0,9.0,1070.0,15755.80212328767
Dos Motivos,Zakia,148.7,194.7,0.0,46.0,2.0,Horizontal,2248068.05,2252927.71,0.5,2019-10-22,2020-10-11,2020.0,10.0,355.0,15150.825218560862
Amara Grand,Altos Juriquilla,223.1,250.4,27.3,0.0,2.0,Horizontal,3797236.07,3607374.27,5.0,2018-07-09,2020-10-29,2020.0,10.0,843.0,16169.315419094577
Serena,Altos Juriquilla,121.5,153.1,31.6,0.0,2.0,Horizontal,2695638.32,2695638.32,0.0,2020-04-17,2020-10-24,2020.0,10.0,190.0,22186.323621399177
Ambrosía,Lomas de Juriquilla,176.9,218.5,41.6,0.0,2.0,Horizontal,3067741.08,2883676.62,6.0,2017-01-09,2020-10-31,2020.0,10.0,1391.0,16301.16800452233
Amara,Altos Juriquilla,160.6,197.3,32.5,4.2,2.0,Horizontal,2829508.65,2688033.22,5.0,2017-10-26,2020-10-06,2020.0,10.0,1076.0,16737.442216687425
Dos Motivos,Zakia,115.2,235.3,120.1,0.0,2.0,Horizontal,2414498.29,2390353.31,1.0,2019-10-22,2020-10-17,2020.0,10.0,361.0,20749.594704861112
Armonía,Zakia,165.3,194.8,29.5,0.0,2.0,Horizontal,2671314.15,2531891.87,5.5,2019-01-17,2020-10-16,2020.0,10.0,638.0,15316.950211736237
Dos Motivos,Zakia,110.5,197.0,86.5,0.0,2.0,Horizontal,2250423.13,2209240.39,1.83,2019-10-22,2020-10-19,2020.0,10.0,363.0,19993.12570135747
Amara Grand,Altos Juriquilla,223.1,258.5,35.4,0.0,2.0,Horizontal,3509457.0,3509457.0,0.0,2018-07-09,,,,,15730.421335723891
Armonía,Zakia,165.3,190.9,25.6,0.0,2.0,Horizontal,2671314.15,2691357.58,0.5,2019-01-17,2020-11-09,2020.0,11.0,662.0,16281.655051421656
Armonía,Zakia,151.1,169.2,18.1,0.0,0.0,Horizontal,2491552.15,2404347.82,3.5,2019-01-17,2020-10-17,2020.0,10.0,639.0,15912.295301125083
Paseo Miró C,Zibatá,165.7,194.0,28.3,0.0,2.0,Horizontal,2747472.0,2747472.0,0.0,2018-04-24,2020-10-17,2020.0,10.0,907.0,16581.001810500908
Amara,Altos Juriquilla,145.6,188.07,23.3,19.17,2.0,Horizontal,2642353.0,2576294.18,2.5,2017-10-26,2020-10-16,2020.0,10.0,1086.0,17694.32815934066
Armonía,Zakia,165.3,185.2,19.9,0.0,2.0,Horizontal,2599197.86,2599197.86,0.0,2019-01-17,2020-10-18,2020.0,10.0,640.0,15724.124984875982
Armonía,Zakia,121.5,150.3,28.8,0.0,2.0,Horizontal,2226161.76,2181638.52,2.0,2019-01-17,2020-10-21,2020.0,10.0,643.0,17955.872592592594
Dos Motivos,Zakia,148.7,194.7,0.0,46.0,2.0,Horizontal,2279172.09,2233588.65,2.0,2019-10-22,2020-10-21,2020.0,10.0,365.0,15020.771015467384
Alegra Towers,Juriquilla Santa Fe,97.6,106.06,0.0,8.46,2.0,Vertical,3060780.85,2861830.09,6.5,2017-04-27,2020-10-19,2020.0,10.0,1271.0,29322.029610655736
Paseo Miró B,Zibatá,74.2,80.04,0.0,5.84,1.0,Subvertical,1959087.71,1959087.71,0.0,2019-07-31,2020-10-22,2020.0,10.0,449.0,26402.799326145552
Paseo Miró B,Zibatá,112.2,123.93,0.0,11.73,1.0,Subvertical,2420962.78,2426607.97,0.5,2019-07-31,2020-10-26,2020.0,10.0,453.0,21627.522014260252
Alegra Towers,Juriquilla Santa Fe,133.3,145.19,0.0,11.89,2.0,Vertical,4427445.0,4338896.1,2.0,2018-08-29,2020-10-26,2020.0,10.0,789.0,32549.85821455363
El Capricho,"Cascatta II, Lomas de Angelópolis",219.2,237.0,17.8,0.0,0.0,Horizontal,3641000.0,3386130.0,7.0,2019-07-16,2020-10-26,2020.0,10.0,468.0,15447.673357664235
Amara,Altos Juriquilla,146.0,152.91,0.0,6.91,2.0,Horizontal,2311623.32,2276948.97,1.5,2017-10-26,2020-10-29,2020.0,10.0,1099.0,15595.54089041096
Alegra Towers,Juriquilla Santa Fe,173.6,190.24,0.0,16.64,2.0,Vertical,4657916.0,4564757.68,2.0,2018-08-29,2020-10-19,2020.0,10.0,782.0,26294.687096774192
Paseo Miró B,Zibatá,252.1,322.67,0.0,70.57,2.0,Subvertical,4172686.0,4267731.29,0.0,2019-07-31,2020-10-24,2020.0,10.0,451.0,16928.723879412933
Dos Motivos,Zakia,115.2,185.0,69.8,0.0,2.0,Horizontal,2445720.89,2445720.89,0.0,2019-10-22,2020-12-14,2020.0,12.0,419.0,21230.216059027778
Amara Grand,Altos Juriquilla,222.0,283.0,61.0,0.0,2.0,Horizontal,3775937.07,3775937.07,0.0,2018-07-09,2020-11-08,2020.0,11.0,853.0,17008.72554054054
Armonía,Zakia,180.0,267.6,87.6,0.0,2.0,Horizontal,3159333.74,3170727.6,0.0,2019-01-17,2020-10-30,2020.0,10.0,652.0,17615.153333333335
Van Gogh,Zibatá,173.9,201.3,27.4,0.0,2.0,Horizontal,2840505.92,2826303.39,0.5,2019-09-06,2020-10-28,2020.0,10.0,418.0,16252.463427257044
Serena,Altos Juriquilla,215.0,250.6,35.6,0.0,2.0,Horizontal,3905645.76,3981895.76,0.0,2020-04-17,2020-11-03,2020.0,11.0,200.0,18520.445395348837
Amara,Altos Juriquilla,158.0,178.3,20.3,0.0,2.0,Horizontal,2864090.21,2864090.21,0.0,2019-12-17,2020-11-03,2020.0,11.0,322.0,18127.153227848103
Ambrosía,Lomas de Juriquilla,220.8,250.9,30.1,0.0,2.0,Horizontal,3468692.32,3468692.32,0.0,2017-01-09,2020-11-13,2020.0,11.0,1404.0,15709.65724637681
Amara,Altos Juriquilla,146.7,190.4,43.7,0.0,2.0,Horizontal,2638081.81,2638081.81,0.0,2017-10-26,2020-11-13,2020.0,11.0,1114.0,17982.834423994547
Dos Motivos,Zakia,138.8,206.21,67.41,0.0,2.0,Horizontal,2585272.48,2559419.75,1.0,2019-10-22,2020-10-31,2020.0,10.0,375.0,18439.62355907781
Dos Motivos,Zakia,146.7,214.7,0.0,68.0,2.0,Horizontal,2350222.42,2326720.2,1.0,2019-10-22,2020-10-31,2020.0,10.0,375.0,15860.396728016362
Serena,Altos Juriquilla,151.3,180.6,29.3,0.0,2.0,Horizontal,2942290.51,2942290.51,0.0,2020-04-17,2020-10-30,2020.0,10.0,196.0,19446.73172504957
Van Gogh,Zibatá,154.4,170.0,15.6,0.0,2.0,Horizontal,2564137.78,2558817.09,0.5,2019-09-06,2020-11-14,2020.0,11.0,435.0,16572.64954663212
Armonía,Zakia,165.3,247.2,81.9,0.0,2.0,Horizontal,2979132.51,2967845.52,1.5,2019-01-17,2020-11-06,2020.0,11.0,659.0,17954.29836660617
Dos Motivos,Zakia,136.1,194.1,0.0,58.0,2.0,Horizontal,2166019.26,2155189.16,0.5,2019-10-22,2020-12-11,2020.0,12.0,416.0,15835.335488611317
Dos Motivos,Zakia,110.5,193.5,83.0,0.0,2.0,Horizontal,2287284.49,2275848.07,0.5,2019-10-22,2020-11-14,2020.0,11.0,389.0,20595.910135746606
Dos Motivos,Zakia,136.1,194.1,0.0,58.0,2.0,Horizontal,2196295.28,2185313.8,0.5,2019-10-22,2020-11-07,2020.0,11.0,382.0,16056.677443056575
Dos Motivos,Zakia,146.7,214.7,0.0,68.0,2.0,Horizontal,2453514.58,2473647.01,0.5,2019-10-22,2020-11-09,2020.0,11.0,384.0,16861.942808452623
Dos Motivos,Zakia,146.7,214.7,0.0,68.0,2.0,Horizontal,2471552.2,2459194.44,0.5,2019-10-22,2020-11-09,2020.0,11.0,384.0,16763.424948875258
Paseo Miró B,Zibatá,112.2,123.93,0.0,11.73,2.0,Subvertical,2564010.92,2557875.64,1.0,2019-11-20,2021-07-17,2021.0,7.0,605.0,22797.46559714795
Armonía,Zakia,180.0,206.7,26.7,0.0,2.0,Horizontal,2916278.72,2901697.33,0.5,2019-01-17,2020-11-15,2020.0,11.0,668.0,16120.540722222222
Serena,Altos Juriquilla,121.5,144.7,23.2,0.0,2.0,Horizontal,2410426.24,2410426.24,0.0,2020-04-17,2020-11-04,2020.0,11.0,201.0,19838.89909465021
Paseo Miró B,Zibatá,149.4,161.06,0.0,11.66,2.0,Subvertical,3195498.6,3199943.61,1.0,2019-11-20,2021-07-25,2021.0,7.0,613.0,21418.63192771084
Armonía,Zakia,165.3,190.4,25.1,0.0,2.0,Horizontal,2711787.29,2698569.42,1.0,2019-01-17,2020-11-17,2020.0,11.0,670.0,16325.283847549908
Van Gogh,Zibatá,173.9,194.3,20.4,0.0,2.0,Horizontal,2765649.16,2801449.16,0.0,2019-09-06,2020-11-14,2020.0,11.0,435.0,16109.540885566417
Amara Grand,Altos Juriquilla,223.1,263.5,40.4,0.0,2.0,Horizontal,3886312.44,3886312.44,0.0,2018-07-09,2020-11-07,2020.0,11.0,852.0,17419.59856566562
Amara Grand,Altos Juriquilla,205.1,235.1,30.0,0.0,2.0,Horizontal,3571043.04,3571043.04,0.0,2018-07-09,2020-11-16,2020.0,11.0,861.0,17411.228863968798
Paseo Miró B,Zibatá,112.2,123.93,0.0,11.73,2.0,Subvertical,2584011.13,2493570.74,3.5,2019-11-20,2021-09-11,2021.0,9.0,661.0,22224.33814616756
Armonía,Zakia,151.1,176.6,25.5,0.0,2.0,Horizontal,2587172.0,2510720.98,3.5,2019-01-17,2020-11-20,2020.0,11.0,673.0,16616.287094639312
Armonía,Zakia,180.0,206.7,26.7,0.0,0.0,Horizontal,2989623.13,2974675.01,0.5,2019-01-17,2020-11-13,2020.0,11.0,666.0,16525.972277777775
Serena,Altos Juriquilla,121.5,146.7,25.2,0.0,2.0,Horizontal,2404169.24,2404169.24,0.0,2020-04-17,2020-11-20,2020.0,11.0,217.0,19787.401152263377
Amara,Altos Juriquilla,192.1,276.6,15.0,69.5,2.0,Horizontal,3287670.42,3238355.36,1.5,2017-10-26,2020-11-21,2020.0,11.0,1122.0,16857.65413846955
Alegra Towers,Juriquilla Santa Fe,172.4,189.3,0.0,16.9,2.0,Vertical,4263225.15,4092696.14,4.0,2016-06-29,2020-11-23,2020.0,11.0,1608.0,23739.536774941997
Paseo Miró B,Zibatá,112.2,123.93,0.0,11.73,2.0,Subvertical,2494010.92,2469070.81,1.0,2019-11-20,2021-10-08,2021.0,10.0,688.0,22005.978698752228
Armonía,Zakia,151.1,176.4,25.3,0.0,2.0,Horizontal,2587172.0,2561300.28,1.0,2019-01-17,2020-11-21,2020.0,11.0,674.0,16951.027663798806
Paseo Miró B,Zibatá,149.4,161.06,0.0,11.66,2.0,Subvertical,3190498.6,2983116.19,6.5,2019-11-20,2021-08-06,2021.0,8.0,625.0,19967.31050870147
Paseo Dalí,Zibatá,219.3,232.1,12.8,0.0,2.0,Horizontal,3408968.85,3454530.72,6.0,2015-08-10,2020-11-29,2020.0,11.0,1938.0,15752.534062927496
Amara Grand,Altos Juriquilla,223.1,250.4,27.3,0.0,2.0,Horizontal,3797236.07,3669668.81,3.5,2018-07-09,2020-11-21,2020.0,11.0,866.0,16448.537920215153
Serena,Altos Juriquilla,121.5,161.0,39.5,0.0,2.0,Horizontal,2478454.48,2466062.21,0.5,2020-04-17,2020-11-24,2020.0,11.0,221.0,20296.808312757203
Loretta,Altos Juriquilla,138.8,193.5,54.7,0.0,2.0,Horizontal,2690559.6,2690559.6,0.0,2020-11-13,2020-12-21,2020.0,12.0,38.0,19384.43515850144
Amara,Altos Juriquilla,145.6,188.07,23.3,19.17,2.0,Horizontal,2700759.28,2733059.28,0.0,2017-10-26,2020-11-28,2020.0,11.0,1129.0,18771.01153846154
Dos Motivos,Zakia,148.7,194.7,0.0,46.0,2.0,Horizontal,2248068.05,2252927.71,0.5,2019-10-22,2020-11-22,2020.0,11.0,397.0,15150.825218560862
Loretta,Altos Juriquilla,138.8,193.5,54.7,0.0,2.0,Horizontal,2812364.16,2820864.16,0.0,2020-11-13,2020-11-30,2020.0,11.0,17.0,20323.228818443804
Loretta,Altos Juriquilla,110.4,241.8,131.4,0.0,2.0,Horizontal,2379536.0,2379536.0,0.0,2020-11-13,2020-12-17,2020.0,12.0,34.0,21553.768115942028
Van Gogh,Zibatá,175.2,201.4,26.2,0.0,2.0,Horizontal,2824448.86,2824448.86,0.0,2019-09-06,2020-11-23,2020.0,11.0,444.0,16121.283447488584
Loretta,Altos Juriquilla,110.4,196.3,85.9,0.0,2.0,Horizontal,2344025.0,2308864.63,1.5,2020-11-13,2020-12-31,2020.0,12.0,48.0,20913.628894927533
Loretta,Altos Juriquilla,110.4,255.3,144.9,0.0,2.0,Horizontal,2455698.32,2464198.32,0.0,2020-11-13,2020-11-27,2020.0,11.0,14.0,22320.636956521736
Loretta,Altos Juriquilla,115.2,193.9,78.7,0.0,2.0,Horizontal,2524934.0,2533434.0,0.0,2020-11-13,2020-12-19,2020.0,12.0,36.0,21991.614583333332
Amara,Altos Juriquilla,158.0,178.6,20.6,0.0,2.0,Horizontal,2864090.0,2849769.55,0.5,2017-10-26,2020-11-25,2020.0,11.0,1126.0,18036.516139240506
Serena,Altos Juriquilla,215.0,246.8,31.8,0.0,2.0,Horizontal,4178497.3,4178497.3,0.0,2020-04-17,2020-12-15,2020.0,12.0,242.0,19434.871162790696
Paseo Miró B,Zibatá,112.2,123.93,0.0,11.73,2.0,Subvertical,2594010.92,2594010.92,0.0,2019-11-20,2021-08-08,2021.0,8.0,627.0,23119.52691622103
Armonía,Zakia,151.1,169.2,18.1,0.0,0.0,Horizontal,2491552.15,2479094.39,0.5,2019-01-17,2020-11-28,2020.0,11.0,681.0,16406.9780939775
Loretta,Altos Juriquilla,110.4,185.1,74.7,0.0,2.0,Horizontal,2372846.0,2372846.0,0.0,2020-11-13,2020-12-22,2020.0,12.0,39.0,21493.170289855072
Loretta,Altos Juriquilla,115.2,225.5,110.3,0.0,2.0,Horizontal,2556646.32,2556646.32,0.0,2020-11-13,2020-12-31,2020.0,12.0,48.0,22193.110416666666
Van Gogh,Zibatá,154.4,170.0,15.6,0.0,2.0,Horizontal,2526416.2,2513784.12,0.5,2019-09-06,2020-11-23,2020.0,11.0,444.0,16280.985233160622
Van Gogh,Zibatá,175.2,192.7,17.5,0.0,2.0,Horizontal,2715709.07,2715709.07,0.0,2019-09-06,2020-11-20,2020.0,11.0,441.0,15500.622545662101
Van Gogh,Zibatá,154.4,170.0,15.6,0.0,2.0,Horizontal,2564137.78,2507534.34,2.5,2019-09-06,2020-12-09,2020.0,12.0,460.0,16240.507383419688
Amara,Altos Juriquilla,165.7,206.99,28.8,12.49,2.0,Horizontal,2950656.86,2935903.58,0.5,2017-10-26,2020-11-30,2020.0,11.0,1131.0,17718.186964393484
Serena,Altos Juriquilla,180.0,215.9,35.9,0.0,2.0,Horizontal,3325718.68,3228651.69,3.06,2020-04-17,2020-11-30,2020.0,11.0,227.0,17936.953833333333
Armonía,Zakia,165.3,193.5,28.2,0.0,2.0,Horizontal,2721059.09,2707453.79,0.5,2019-01-17,2020-11-28,2020.0,11.0,681.0,16379.030792498486
Loretta,Altos Juriquilla,138.8,193.5,54.7,0.0,2.0,Horizontal,2690597.6,2709197.6,0.0,2020-11-13,2020-12-17,2020.0,12.0,34.0,19518.71469740634
Loretta,Altos Juriquilla,136.1,194.1,0.0,58.0,2.0,Horizontal,2370069.74,2219865.9,5.5,2020-11-13,2020-11-30,2020.0,11.0,17.0,16310.550330639237
Van Gogh,Zibatá,175.2,192.7,17.5,0.0,2.0,Horizontal,2751201.4,2683065.36,3.0,2019-09-06,2020-11-30,2020.0,11.0,451.0,15314.300000000001
Amara,Altos Juriquilla,177.5,193.9,16.4,0.0,2.0,Horizontal,3069625.54,3103025.54,0.0,2017-10-26,2020-11-25,2020.0,11.0,1126.0,17481.834028169014
Loretta,Altos Juriquilla,138.8,258.4,119.6,0.0,2.0,Horizontal,2784715.6,2784715.6,0.0,2020-11-13,2020-12-15,2020.0,12.0,32.0,20062.79250720461
Loretta,Altos Juriquilla,146.7,214.7,0.0,68.0,2.0,Horizontal,2474938.52,2467038.52,0.0,2020-11-13,2020-12-22,2020.0,12.0,39.0,16816.895160190867
Paseo Miró B,Zibatá,149.4,161.06,0.0,11.66,2.0,Subvertical,3095716.43,2956409.19,4.5,2019-07-25,2020-11-30,2020.0,11.0,494.0,19788.548795180723
Alegra Towers,Juriquilla Santa Fe,172.4,189.3,0.0,16.9,2.0,Vertical,4620250.0,4233731.25,7.5,2016-06-29,2020-11-30,2020.0,11.0,1615.0,24557.605858468676
Paseo Miró B,Zibatá,148.1,159.76,0.0,11.66,2.0,Subvertical,3215498.6,3054723.67,5.0,2019-11-20,2021-10-08,2021.0,10.0,688.0,20626.088251181634
Alegra Towers,Juriquilla Santa Fe,97.6,106.06,0.0,8.46,2.0,Vertical,3010780.85,2845187.9,5.5,2017-04-27,2020-11-27,2020.0,11.0,1310.0,29151.51536885246
Loretta,Altos Juriquilla,148.6,194.6,0.0,46.0,2.0,Horizontal,2536160.19,2355790.58,6.0,2020-11-13,2020-12-15,2020.0,12.0,32.0,15853.234051144012
Van Gogh,Zibatá,173.9,201.3,27.4,0.0,2.0,Horizontal,2798528.0,2798528.0,0.0,2019-09-06,2020-11-30,2020.0,11.0,451.0,16092.742955721678
Van Gogh,Zibatá,222.0,263.1,41.1,0.0,2.0,Horizontal,3701310.14,3701310.14,0.0,2019-09-06,2020-11-30,2020.0,11.0,451.0,16672.568198198198
Loretta,Altos Juriquilla,148.6,194.6,0.0,46.0,2.0,Horizontal,2409506.15,2334280.84,5.0,2020-11-13,2020-12-14,2020.0,12.0,31.0,15708.484791386272
Paseo Miró B,Zibatá,74.2,80.04,0.0,5.84,1.0,Subvertical,1959087.71,1959087.71,0.0,2019-07-31,2020-11-27,2020.0,11.0,485.0,26402.799326145552
Serena,Altos Juriquilla,215.0,242.9,27.9,0.0,2.0,Horizontal,3871741.4,3871741.4,0.0,2020-04-17,2020-12-10,2020.0,12.0,237.0,18008.09953488372
Serena,Altos Juriquilla,121.5,146.9,25.4,0.0,2.0,Horizontal,2476219.5,2476219.5,0.0,2020-04-17,2020-12-09,2020.0,12.0,236.0,20380.40740740741
Armonía,Zakia,180.0,206.7,26.7,0.0,2.0,Horizontal,2916278.72,2916278.72,0.0,2019-01-17,2020-11-27,2020.0,11.0,680.0,16201.548444444446
Alegra Towers,Juriquilla Santa Fe,172.4,189.3,0.0,16.9,2.0,Vertical,4541496.25,4223591.51,7.0,2016-07-04,2020-11-30,2020.0,11.0,1610.0,24498.790661252897
El Capricho,"Cascatta II, Lomas de Angelópolis",233.6,246.8,13.2,0.0,2.0,Horizontal,3657000.0,3497200.0,5.0,2019-07-16,2020-11-30,2020.0,11.0,503.0,14970.890410958904
Serena,Altos Juriquilla,215.0,235.2,20.2,0.0,2.0,Horizontal,4033123.61,4033123.61,0.0,2020-04-17,2020-12-09,2020.0,12.0,236.0,18758.714465116278
Van Gogh,Zibatá,173.9,194.3,20.4,0.0,2.0,Horizontal,2765649.16,2801449.16,0.0,2019-09-06,2020-12-09,2020.0,12.0,460.0,16109.540885566417
Paseo Miró B,Zibatá,106.9,145.45,0.0,38.55,2.0,Subvertical,2391590.89,2391590.89,0.0,2019-11-20,2021-07-10,2021.0,7.0,598.0,22372.225350795135
Amara,Altos Juriquilla,158.0,178.3,20.3,0.0,2.0,Horizontal,2864090.21,2792487.95,2.5,2019-12-17,2020-11-30,2020.0,11.0,349.0,17673.97436708861
Paseo Miró B,Zibatá,74.2,80.04,0.0,5.84,2.0,Subvertical,1987828.6,1987828.6,0.0,2019-11-20,2021-08-06,2021.0,8.0,625.0,26790.14285714286
Paseo Miró B,Zibatá,149.4,220.36,59.3,11.66,2.0,Subvertical,3465631.93,3463915.77,0.5,2019-11-20,2020-12-17,2020.0,12.0,393.0,23185.513855421686
Armonía,Zakia,121.5,153.6,32.1,0.0,2.0,Horizontal,2238683.16,2238683.16,0.0,2019-01-17,2020-12-19,2020.0,12.0,702.0,18425.375802469138
Armonía,Zakia,165.3,239.7,74.4,0.0,2.0,Horizontal,2863226.69,2748697.62,4.0,2019-01-17,2020-12-14,2020.0,12.0,697.0,16628.539745916514
Ambrosía,Lomas de Juriquilla,190.1,219.5,29.4,0.0,2.0,Horizontal,2950000.0,2950000.0,0.0,2017-01-09,2020-12-07,2020.0,12.0,1428.0,15518.148342977382
Serena,Altos Juriquilla,121.5,157.2,35.7,0.0,2.0,Horizontal,2491157.57,2491157.57,0.0,2020-04-17,2020-12-19,2020.0,12.0,246.0,20503.354485596705
Loretta,Altos Juriquilla,110.4,255.3,144.9,0.0,2.0,Horizontal,2455698.32,2464198.32,0.0,2020-11-13,2020-12-15,2020.0,12.0,32.0,22320.636956521736
Serena,Altos Juriquilla,121.5,153.1,31.6,0.0,2.0,Horizontal,2483247.8,2470831.56,0.5,2020-04-17,2020-12-16,2020.0,12.0,243.0,20336.062222222223
Dos Motivos,Zakia,115.2,210.0,94.8,0.0,2.0,Horizontal,2527697.65,2581197.65,0.0,2019-10-22,2020-12-18,2020.0,12.0,423.0,22406.22960069444
Van Gogh,Zibatá,154.4,170.0,15.6,0.0,2.0,Horizontal,2678651.05,2665257.79,0.5,2019-09-06,2020-12-11,2020.0,12.0,462.0,17262.032318652848
Amara Grand,Altos Juriquilla,207.2,242.7,35.5,0.0,2.0,Horizontal,3634470.95,3598126.24,1.0,2018-07-09,2020-12-21,2020.0,12.0,896.0,17365.47413127413
Armonía,Zakia,180.0,206.7,26.7,0.0,2.0,Horizontal,2959597.71,2944799.72,0.5,2019-01-17,2020-12-15,2020.0,12.0,698.0,16359.998444444445
Armonía,Zakia,121.5,150.2,28.7,0.0,2.0,Horizontal,2226161.76,2215030.95,0.5,2019-01-17,2020-12-21,2020.0,12.0,704.0,18230.707407407408
Esencia,Zakia,143.2,178.7,35.5,0.0,2.0,Horizontal,2200000.0,2200000.0,0.0,2017-03-02,2021-01-04,2021.0,1.0,1404.0,15363.128491620113
Dos Motivos,Zakia,158.0,203.4,45.4,0.0,2.0,Horizontal,2669501.7,2687554.19,0.5,2019-10-22,2020-12-23,2020.0,12.0,428.0,17009.83664556962
Serena,Altos Juriquilla,121.5,152.7,31.2,0.0,2.0,Horizontal,2482462.56,2415436.07,2.7,2020-04-17,2020-12-23,2020.0,12.0,250.0,19880.132263374486
Paseo Miró B,Zibatá,74.2,80.04,0.0,5.84,1.0,Subvertical,2097332.97,2097332.97,0.0,2019-11-20,2021-08-06,2021.0,8.0,625.0,28265.942991913747
El Motivo,Zakia,115.2,197.0,81.8,0.0,2.0,Horizontal,2472316.63,2390235.72,3.32,2017-08-01,2020-12-23,2020.0,12.0,1240.0,20748.573958333334
Serena,Altos Juriquilla,215.0,281.1,66.1,0.0,2.0,Horizontal,4070911.02,4070911.02,0.0,2020-04-17,2020-12-28,2020.0,12.0,255.0,18934.469860465117
Paseo Miró B,Zibatá,149.4,161.06,0.0,11.66,2.0,Subvertical,3105498.6,3105498.6,0.0,2019-11-20,2021-08-07,2021.0,8.0,626.0,20786.469879518074
Amara Grand,Altos Juriquilla,190.7,227.8,37.1,0.0,2.0,Horizontal,3631220.0,3631220.0,0.0,2018-07-09,2020-12-19,2020.0,12.0,894.0,19041.531200839014
Armonía,Zakia,121.5,150.1,28.6,0.0,2.0,Horizontal,2226161.76,2215030.95,0.5,2019-01-17,2020-12-23,2020.0,12.0,706.0,18230.707407407408
Serena,Altos Juriquilla,165.4,202.9,37.5,0.0,2.0,Horizontal,3152683.01,3173883.01,0.0,2020-04-17,2020-12-28,2020.0,12.0,255.0,19189.135489721884
Armonía,Zakia,121.5,140.7,19.2,0.0,2.0,Horizontal,2191511.24,2180553.68,0.5,2019-01-17,2020-12-28,2020.0,12.0,711.0,17946.94386831276
Paseo Miró B,Zibatá,160.3,216.12,0.0,55.82,2.0,Subvertical,3159629.67,3159629.67,0.0,2019-11-20,2022-05-06,2022.0,5.0,898.0,19710.72782283219
El Motivo,Zakia,110.5,195.5,85.0,0.0,2.0,Horizontal,2320157.34,2308556.55,0.5,2017-08-01,2020-12-30,2020.0,12.0,1247.0,20891.914479638006
Paseo Miró B,Zibatá,149.4,161.06,0.0,11.66,2.0,Subvertical,3006056.35,3006056.35,0.0,2019-07-25,2021-01-08,2021.0,1.0,533.0,20120.859103078983
Amara,Altos Juriquilla,146.7,172.7,26.0,0.0,2.0,Horizontal,2632118.21,2632118.21,0.0,2017-10-26,2021-01-20,2021.0,1.0,1182.0,17942.182753919566
Loretta,Altos Juriquilla,115.2,225.5,110.3,0.0,2.0,Horizontal,2556646.32,2556646.32,0.0,2020-11-13,2021-01-08,2021.0,1.0,56.0,22193.110416666666
El Motivo,Zakia,138.8,205.8,67.0,0.0,2.0,Horizontal,2605366.08,2605366.08,0.0,2017-08-01,2021-01-15,2021.0,1.0,1263.0,18770.648991354465
Loretta,Altos Juriquilla,110.4,185.1,74.7,0.0,2.0,Horizontal,2480183.73,2480183.73,0.0,2020-11-13,2021-01-12,2021.0,1.0,60.0,22465.43233695652
Ambrosía,Lomas de Juriquilla,151.7,151.7,0.0,0.0,2.0,Horizontal,2853662.94,2853662.94,0.0,2017-01-09,2021-02-26,2021.0,2.0,1509.0,18811.225708635466
Amara,Altos Juriquilla,165.7,228.39,50.2,12.49,2.0,Horizontal,3069390.37,3069390.37,0.0,2017-10-26,2021-01-15,2021.0,1.0,1177.0,18523.780144840075
Van Gogh,Zibatá,222.0,263.1,41.1,0.0,2.0,Horizontal,3701310.14,3662390.49,1.5,2019-09-06,2021-02-04,2021.0,2.0,517.0,16497.254459459462
Loretta,Altos Juriquilla,136.1,194.1,0.0,58.0,2.0,Horizontal,2370069.74,2378569.74,0.0,2020-11-13,2021-01-09,2021.0,1.0,57.0,17476.632916972816
Ambrosía,Lomas de Juriquilla,175.4,175.4,0.0,0.0,2.0,Horizontal,2749007.83,2749007.83,0.0,2017-01-09,2021-01-28,2021.0,1.0,1480.0,15672.792645381984
Ambrosía,Lomas de Juriquilla,207.2,248.1,40.9,0.0,2.0,Horizontal,3330316.44,3330316.44,0.0,2017-01-09,2021-01-29,2021.0,1.0,1481.0,16072.955791505792
Dos Motivos,Zakia,158.0,203.4,45.4,0.0,2.0,Horizontal,2669501.7,2687554.19,0.5,2019-10-22,2021-01-29,2021.0,1.0,465.0,17009.83664556962
Van Gogh,Zibatá,173.9,194.3,20.4,0.0,2.0,Horizontal,2800385.22,2800385.22,0.0,2019-09-06,2021-01-26,2021.0,1.0,508.0,16103.42277170788
Armonía,Zakia,165.3,194.1,28.8,0.0,2.0,Horizontal,2748269.68,2788063.68,0.0,2019-01-17,2021-01-25,2021.0,1.0,739.0,16866.6889292196
Dos Motivos,Zakia,138.8,191.0,52.2,0.0,2.0,Horizontal,2498194.58,2494203.61,0.5,2019-10-22,2021-01-19,2021.0,1.0,455.0,17969.766642651295
Dos Motivos,Zakia,158.0,205.5,47.5,0.0,2.0,Horizontal,2672668.62,2632578.59,1.5,2019-10-22,2021-01-27,2021.0,1.0,463.0,16661.88981012658
Armonía,Zakia,165.3,200.9,35.6,0.0,0.0,Horizontal,2767255.76,2759139.48,0.5,2019-01-17,2021-01-17,2021.0,1.0,731.0,16691.708892921957
Van Gogh,Zibatá,222.0,263.1,41.1,0.0,2.0,Horizontal,3601101.87,3565090.85,1.0,2019-09-06,2021-01-25,2021.0,1.0,507.0,16058.967792792793
Dos Motivos,Zakia,146.7,214.7,0.0,68.0,2.0,Horizontal,2393672.76,2393672.76,0.0,2019-10-22,2021-01-23,2021.0,1.0,459.0,16316.787730061349
El Motivo,Zakia,146.7,214.7,0.0,68.0,2.0,Horizontal,2459019.01,2487019.01,0.0,2017-08-01,2021-01-27,2021.0,1.0,1275.0,16953.094819359238
Alegra Towers,Juriquilla Santa Fe,173.6,190.55,0.0,16.95,0.0,Vertical,4389167.01,4279437.83,2.5,2017-04-27,2021-01-20,2021.0,1.0,1364.0,24651.13957373272
Serena,Altos Juriquilla,151.3,170.8,19.5,0.0,2.0,Horizontal,2867203.09,2824195.04,1.5,2020-04-17,2021-01-25,2021.0,1.0,283.0,18666.193258426963
Serena,Altos Juriquilla,121.5,192.7,71.2,0.0,2.0,Horizontal,2615411.47,2615411.47,0.0,2020-04-17,2021-02-03,2021.0,2.0,292.0,21526.02032921811
Amara Grand,Altos Juriquilla,205.1,235.1,30.0,0.0,2.0,Horizontal,3668359.0,3668359.0,0.0,2018-07-09,2021-02-16,2021.0,2.0,953.0,17885.70941004388
Amara,Altos Juriquilla,145.6,188.07,23.3,19.17,2.0,Horizontal,2610521.0,2610521.0,0.0,2017-10-26,2021-03-17,2021.0,3.0,1238.0,17929.402472527472
Paseo Dalí,Zibatá,219.3,232.1,12.8,0.0,2.0,Horizontal,3432302.18,3397979.16,1.0,2015-08-10,2021-02-05,2021.0,2.0,2006.0,15494.6610123119
Serena,Altos Juriquilla,219.5,236.8,17.3,0.0,2.0,Horizontal,3961972.47,3969472.47,0.0,2020-04-17,2021-01-22,2021.0,1.0,280.0,18084.157038724374
Serena,Altos Juriquilla,215.0,246.8,31.8,0.0,2.0,Horizontal,4178497.3,4178497.3,0.0,2020-04-17,2021-01-30,2021.0,1.0,288.0,19434.871162790696
El Motivo,Zakia,136.1,194.1,0.0,58.0,2.0,Horizontal,2319824.26,2319824.26,0.0,2017-08-01,2021-01-31,2021.0,1.0,1279.0,17044.99823659074
Amara,Altos Juriquilla,205.1,247.4,42.3,0.0,2.0,Horizontal,3578640.8,3471281.58,3.0,2017-10-26,2021-01-18,2021.0,1.0,1180.0,16924.824865919065
Armonía,Zakia,165.3,239.7,74.4,0.0,2.0,Horizontal,2863226.69,2791646.02,2.5,2019-01-17,2021-01-29,2021.0,1.0,743.0,16888.360677555956
Van Gogh,Zibatá,175.2,201.4,26.2,0.0,2.0,Horizontal,2865474.83,2851147.46,0.5,2019-09-06,2021-01-20,2021.0,1.0,502.0,16273.672716894978
Van Gogh,Zibatá,154.4,170.0,15.6,0.0,2.0,Horizontal,2626128.48,2626128.48,0.0,2019-09-06,2021-01-25,2021.0,1.0,507.0,17008.60414507772
Armonía,Zakia,180.0,206.7,26.7,0.0,0.0,Horizontal,2989623.13,2989623.13,0.0,2019-01-17,2021-01-30,2021.0,1.0,744.0,16609.01738888889
Loretta,Altos Juriquilla,138.8,193.5,54.7,0.0,2.0,Horizontal,2743725.55,2730006.92,0.5,2020-11-13,2021-01-26,2021.0,1.0,74.0,19668.63775216138
El Capricho,"Cascatta II, Lomas de Angelópolis",233.6,246.8,13.2,0.0,0.0,Horizontal,3657000.0,3437580.0,6.0,2019-07-16,2021-01-25,2021.0,1.0,559.0,14715.66780821918
Serena,Altos Juriquilla,180.0,216.8,36.8,0.0,2.0,Horizontal,3374218.58,3374218.58,0.0,2020-04-17,2021-01-31,2021.0,1.0,289.0,18745.65877777778
Alegra Towers,Juriquilla Santa Fe,173.7,190.34,0.0,16.64,2.0,Vertical,4767495.67,4743658.19,0.5,2018-08-29,2021-01-29,2021.0,1.0,884.0,27309.488716177322
Armonía,Zakia,121.5,145.2,23.7,0.0,2.0,Horizontal,2259095.63,2180027.28,3.5,2019-01-17,2021-02-03,2021.0,2.0,748.0,17942.61135802469
Dos Motivos,Zakia,138.8,206.2,67.4,0.0,2.0,Horizontal,2536949.63,2472756.39,3.5,2019-10-22,2021-01-21,2021.0,1.0,457.0,17815.247766570606
Armonía,Zakia,121.5,145.7,24.2,0.0,2.0,Horizontal,2207116.86,2129867.77,3.5,2019-01-17,2021-01-29,2021.0,1.0,743.0,17529.775884773662
Paseo Miró B,Zibatá,213.1,275.71,0.0,62.61,2.0,Subvertical,3579396.49,3415456.67,5.0,2019-07-31,2021-01-31,2021.0,1.0,550.0,16027.48320037541
Loretta,Altos Juriquilla,110.4,304.6,194.2,0.0,2.0,Horizontal,2569224.32,2592224.32,0.0,2020-11-13,2021-02-06,2021.0,2.0,85.0,23480.292753623187
Amara,Altos Juriquilla,158.0,214.2,56.2,0.0,2.0,Horizontal,2972084.39,2897782.28,2.5,2017-10-26,2021-01-27,2021.0,1.0,1189.0,18340.39417721519
Amara Grand,Altos Juriquilla,205.1,235.1,30.0,0.0,2.0,Horizontal,3571043.04,3577787.82,0.5,2018-07-09,2021-02-10,2021.0,2.0,947.0,17444.114188200878
Alegra Towers,Juriquilla Santa Fe,173.6,190.24,0.0,16.64,2.0,Vertical,5060435.88,5035133.7,0.5,2018-08-29,2021-01-30,2021.0,1.0,885.0,29004.226382488483
Armonía,Zakia,151.1,176.6,25.5,0.0,2.0,Horizontal,2587172.0,2601272.0,0.0,2019-01-17,2021-01-29,2021.0,1.0,743.0,17215.56585043018
Serena,Altos Juriquilla,221.6,239.7,18.1,0.0,2.0,Horizontal,4089146.13,4089146.13,0.0,2020-04-17,2021-02-08,2021.0,2.0,297.0,18452.82549638989
El Recuerdo,nan,165.2,201.5,36.3,0.0,0.0,Horizontal,1827333.0,1827333.0,0.0,2014-04-11,2021-01-27,2021.0,1.0,2483.0,11061.337772397095
Serena,Altos Juriquilla,121.5,158.3,36.8,0.0,2.0,Horizontal,2498192.05,2460719.17,1.5,2020-04-17,2021-02-19,2021.0,2.0,308.0,20252.83267489712
Serena,Altos Juriquilla,121.5,146.9,25.4,0.0,2.0,Horizontal,2476219.5,2476219.5,0.0,2020-04-17,2021-02-13,2021.0,2.0,302.0,20380.40740740741
Alegra Towers,Juriquilla Santa Fe,231.8,251.59,0.0,19.79,2.0,Vertical,5731930.19,5452569.07,6.0,2018-08-29,2021-01-30,2021.0,1.0,885.0,23522.731104400344
Van Gogh,Zibatá,175.2,192.7,17.5,0.0,2.0,Horizontal,2751201.4,2751845.39,0.5,2019-09-06,2021-02-09,2021.0,2.0,522.0,15706.880079908678
Serena,Altos Juriquilla,180.0,216.8,36.8,0.0,2.0,Horizontal,3374218.58,3374218.58,0.0,2020-04-17,2021-01-30,2021.0,1.0,288.0,18745.65877777778
Paseo Miró B,Zibatá,198.6,245.46,0.0,46.86,2.0,Subvertical,3985504.73,3985504.73,0.0,2019-11-20,2022-02-26,2022.0,2.0,829.0,20067.999647532728
El Milagro,El Refugio,147.3,169.8,22.5,0.0,2.0,Horizontal,1753929.08,1753929.08,0.0,2015-08-06,2018-12-27,2018.0,12.0,1239.0,11907.189952477936
El Recuerdo,nan,121.3,161.1,39.8,0.0,0.0,Horizontal,1470399.0,1470399.0,0.0,2014-04-11,2018-12-27,2018.0,12.0,1721.0,12122.003297609233
Amara,Altos Juriquilla,165.7,228.39,50.2,12.49,2.0,Horizontal,3069390.37,2992655.61,2.5,2017-10-26,2021-01-31,2021.0,1.0,1193.0,18060.68563669282
Dos Motivos,Zakia,136.1,194.1,0.0,58.0,2.0,Horizontal,2348635.7,2348635.7,0.0,2019-10-22,2021-02-12,2021.0,2.0,479.0,17256.69140337987
Dos Motivos,Zakia,138.8,206.2,67.4,0.0,2.0,Horizontal,2536949.63,2498895.39,1.5,2019-10-22,2021-02-10,2021.0,2.0,477.0,18003.56909221902
Serena,Altos Juriquilla,165.4,237.8,72.4,0.0,2.0,Horizontal,3702230.2,3744530.2,0.0,2020-04-17,2021-02-08,2021.0,2.0,297.0,22639.239419588877
Serena,Altos Juriquilla,151.3,172.6,21.3,0.0,2.0,Horizontal,2870697.48,2870697.48,0.0,2020-04-17,2021-02-13,2021.0,2.0,302.0,18973.545803040317
Serena,Altos Juriquilla,165.4,224.5,59.1,0.0,2.0,Horizontal,3171845.64,3171845.64,0.0,2020-04-17,2021-02-07,2021.0,2.0,296.0,19176.817654171704
Amara,Altos Juriquilla,156.0,166.06,0.0,10.06,2.0,Horizontal,2544000.0,2544000.0,0.0,2017-10-26,2021-02-10,2021.0,2.0,1203.0,16307.692307692309
Van Gogh,Zibatá,175.2,201.4,26.2,0.0,2.0,Horizontal,2823128.9,2823128.9,0.0,2019-09-06,2021-02-23,2021.0,2.0,536.0,16113.749429223744
Amara Grand,Altos Juriquilla,190.7,227.8,37.1,0.0,2.0,Horizontal,3000000.0,3000000.0,0.0,2018-07-09,2021-02-12,2021.0,2.0,949.0,15731.515469323545
Van Gogh,Zibatá,222.0,263.1,41.1,0.0,2.0,Horizontal,3601101.87,3601101.87,0.0,2019-09-06,2021-02-19,2021.0,2.0,532.0,16221.179594594596
Van Gogh,Zibatá,193.7,233.1,39.4,0.0,2.0,Horizontal,3170775.06,3192971.18,0.5,2019-09-06,2021-03-18,2021.0,3.0,559.0,16484.10521424884
Serena,Altos Juriquilla,151.3,170.8,19.5,0.0,2.0,Horizontal,2867203.09,2867203.09,0.0,2020-04-17,2021-02-20,2021.0,2.0,309.0,18950.450033046924
Loretta,Altos Juriquilla,146.7,214.7,0.0,68.0,2.0,Horizontal,2514237.29,2463952.54,2.0,2020-11-13,2021-04-14,2021.0,4.0,152.0,16795.859168370826
Paseo Miró B,Zibatá,149.4,161.06,0.0,11.66,2.0,Subvertical,3165498.6,3165498.6,0.0,2019-11-20,2021-07-25,2021.0,7.0,613.0,21188.076305220882
Serena,Altos Juriquilla,121.5,192.7,71.2,0.0,2.0,Horizontal,2615411.47,2569641.77,1.75,2020-04-17,2021-02-22,2021.0,2.0,311.0,21149.314979423867
Amara,Altos Juriquilla,192.1,276.6,15.0,69.5,2.0,Horizontal,3287670.42,3238355.36,1.5,2017-10-26,2021-02-19,2021.0,2.0,1212.0,16857.65413846955
Ambrosía,Lomas de Juriquilla,220.8,250.9,30.1,0.0,2.0,Horizontal,3282816.5,3282816.5,0.0,2017-01-09,2021-02-12,2021.0,2.0,1495.0,14867.828351449274
Armonía,Zakia,165.3,194.1,28.8,0.0,2.0,Horizontal,2803235.07,2803235.07,0.0,2019-01-17,2021-02-15,2021.0,2.0,760.0,16958.469872958256
Dos Motivos,Zakia,115.2,203.8,88.6,0.0,2.0,Horizontal,2497161.84,2484676.03,0.5,2019-10-22,2021-02-26,2021.0,2.0,493.0,21568.36831597222
Van Gogh,Zibatá,179.5,217.3,37.8,0.0,2.0,Horizontal,3241034.74,3224829.57,0.5,2019-09-06,2021-02-20,2021.0,2.0,533.0,17965.6243454039
Paseo Miró B,Zibatá,149.4,161.06,0.0,11.66,2.0,Subvertical,3315241.37,3282088.96,1.0,2019-11-20,2021-02-15,2021.0,2.0,453.0,21968.46693440428
Amara,Altos Juriquilla,146.0,152.91,0.0,6.91,2.0,Horizontal,2440912.12,2428707.56,0.5,2017-10-26,2021-02-21,2021.0,2.0,1214.0,16634.98328767123
El Capricho,"Cascatta II, Lomas de Angelópolis",233.6,246.5,12.9,0.0,0.0,Horizontal,3695590.0,3569538.45,4.5,2019-07-16,2021-02-27,2021.0,2.0,592.0,15280.55843321918
Dos Motivos,Zakia,148.7,194.7,0.0,46.0,2.0,Horizontal,2301963.81,2221395.08,3.5,2019-10-22,2021-02-18,2021.0,2.0,485.0,14938.76987222596
Armonía,Zakia,165.3,194.8,29.5,0.0,2.0,Horizontal,2880898.58,2837685.1,1.5,2019-01-17,2021-03-24,2021.0,3.0,797.0,17166.87900786449
Dos Motivos,Zakia,138.8,203.9,65.1,0.0,2.0,Horizontal,2656423.22,2664923.22,0.0,2019-10-22,2021-02-24,2021.0,2.0,491.0,19199.735014409223
Amara Grand,Altos Juriquilla,205.1,255.0,49.9,0.0,2.0,Horizontal,3711118.45,3711118.45,0.0,2018-07-09,2021-02-28,2021.0,2.0,965.0,18094.190394929305
Amara Grand,Altos Juriquilla,179.5,206.5,27.0,0.0,2.0,Horizontal,3170268.6,3170268.6,0.0,2018-07-09,2021-02-23,2021.0,2.0,960.0,17661.663509749305
Amara,Altos Juriquilla,158.0,178.3,20.3,0.0,2.0,Horizontal,2892731.11,2892731.11,0.0,2017-10-26,2021-02-25,2021.0,2.0,1218.0,18308.42474683544
Alegra Towers,Juriquilla Santa Fe,97.5,105.9,0.0,8.4,0.0,Vertical,2058073.0,2058073.0,0.0,2016-06-29,2021-02-26,2021.0,2.0,1703.0,21108.441025641026
Amara,Altos Juriquilla,146.7,172.7,26.0,0.0,2.0,Horizontal,2632118.21,2553154.66,3.0,2017-10-26,2021-02-23,2021.0,2.0,1216.0,17403.91724608044
Amara,Altos Juriquilla,158.0,178.3,20.3,0.0,2.0,Horizontal,2892731.11,2892731.11,0.0,2017-10-26,2021-03-06,2021.0,3.0,1227.0,18308.42474683544
Amara Grand,Altos Juriquilla,179.5,207.8,28.3,0.0,2.0,Horizontal,3170113.63,3090860.79,2.5,2018-07-09,2021-03-05,2021.0,3.0,970.0,17219.28016713092
Alegra Towers,Juriquilla Santa Fe,173.6,190.55,0.0,16.95,2.0,Vertical,4519505.81,4248335.46,6.0,2017-04-27,2021-02-24,2021.0,2.0,1399.0,24471.978456221197
El Motivo,Zakia,136.1,194.1,0.0,58.0,2.0,Horizontal,2319824.26,2308225.14,0.5,2017-08-01,2021-02-28,2021.0,2.0,1307.0,16959.77325495959
Loretta,Altos Juriquilla,115.2,176.9,61.7,0.0,2.0,Horizontal,2605985.45,2658285.45,0.0,2020-11-13,2021-03-12,2021.0,3.0,119.0,23075.39453125
Armonía,Zakia,121.5,150.0,28.5,0.0,2.0,Horizontal,2270685.0,2270685.0,0.0,2019-01-17,2021-02-28,2021.0,2.0,773.0,18688.765432098764
Armonía,Zakia,151.1,170.8,19.7,0.0,2.0,Horizontal,2672472.42,2672472.42,0.0,2019-01-17,2021-03-07,2021.0,3.0,780.0,17686.77974851092
Alegra Towers,Juriquilla Santa Fe,173.6,190.55,0.0,16.95,2.0,Vertical,4693873.4,4506118.46,4.0,2017-04-27,2021-03-23,2021.0,3.0,1426.0,25956.90357142857
Alegra Towers,Juriquilla Santa Fe,173.6,190.55,0.0,16.95,2.0,Vertical,4878580.83,4683437.6,4.0,2017-04-27,2021-03-23,2021.0,3.0,1426.0,26978.32718894009
Armonía,Zakia,165.3,190.9,25.6,0.0,2.0,Horizontal,2803235.07,2793768.89,0.5,2019-01-17,2021-03-06,2021.0,3.0,779.0,16901.20320629159
El Recuerdo,nan,121.3,161.1,39.8,0.0,0.0,Horizontal,1470399.0,1470399.0,0.0,2014-04-11,2018-12-27,2018.0,12.0,1721.0,12122.003297609233
Ambrosía,Lomas de Juriquilla,190.1,219.5,29.4,0.0,2.0,Horizontal,3000000.0,3000000.0,0.0,2017-01-09,2022-04-27,2022.0,4.0,1934.0,15781.167806417676
Armonía,Zakia,151.1,175.6,24.5,0.0,2.0,Horizontal,2688710.1,2641448.8,3.0,2019-01-17,2021-03-10,2021.0,3.0,783.0,17481.461283917935
Armonía,Zakia,151.1,168.9,17.8,0.0,2.0,Horizontal,2599991.43,2547991.6,2.0,2019-01-17,2021-03-10,2021.0,3.0,783.0,16862.949040370615
Dos Motivos,Zakia,138.8,206.2,67.4,0.0,2.0,Horizontal,2562319.13,2549507.53,0.5,2019-10-22,2021-03-12,2021.0,3.0,507.0,18368.209870317
Dos Motivos,Zakia,138.8,206.2,67.4,0.0,2.0,Horizontal,2562319.13,2562319.13,0.0,2019-10-22,2021-03-09,2021.0,3.0,504.0,18460.512463976942
Alegra Towers,Juriquilla Santa Fe,173.6,190.24,0.0,16.64,2.0,Vertical,4855958.0,4855958.0,0.0,2018-08-29,2021-04-07,2021.0,4.0,952.0,27972.108294930877
Van Gogh,Zibatá,222.0,273.3,51.3,0.0,2.0,Horizontal,3888043.7,3868602.98,0.5,2019-09-06,2021-03-20,2021.0,3.0,561.0,17426.13954954955
Dos Motivos,Zakia,138.8,208.2,69.4,0.0,2.0,Horizontal,2662933.94,2777819.27,0.5,2019-10-22,2021-03-12,2021.0,3.0,507.0,20013.10713256484
Dos Motivos,Zakia,110.5,198.9,88.4,0.0,2.0,Horizontal,2318324.58,2283549.71,1.5,2019-10-22,2021-03-12,2021.0,3.0,507.0,20665.608235294116
Armonía,Zakia,165.3,187.4,22.1,0.0,2.0,Horizontal,2838323.72,2824131.6,0.5,2019-01-17,2021-03-09,2021.0,3.0,782.0,17084.88566243194
Dos Motivos,Zakia,138.8,208.3,69.5,0.0,2.0,Horizontal,2614231.92,2630331.92,0.0,2019-10-22,2021-03-10,2021.0,3.0,505.0,18950.518155619593
Van Gogh,Zibatá,154.4,170.0,15.6,0.0,2.0,Horizontal,2678651.05,2611684.77,2.5,2019-09-06,2021-03-16,2021.0,3.0,557.0,16915.056800518134
Armonía,Zakia,180.0,206.7,26.7,0.0,0.0,Horizontal,2989623.13,2914882.55,2.5,2019-01-17,2021-03-22,2021.0,3.0,795.0,16193.791944444443
Van Gogh,Zibatá,175.2,201.4,26.2,0.0,2.0,Horizontal,2851379.05,2723066.99,4.5,2019-09-06,2021-03-19,2021.0,3.0,560.0,15542.619805936076
Amara Grand,Altos Juriquilla,238.8,294.3,55.5,0.0,2.0,Horizontal,4241322.12,4244122.12,0.0,2018-07-09,2021-03-20,2021.0,3.0,985.0,17772.705695142376
Paseo Miró B,Zibatá,149.9,214.27,52.6,11.77,2.0,Subvertical,3306938.01,3117089.87,5.0,2019-07-31,2021-03-26,2021.0,3.0,604.0,20794.462108072046
Armonía,Zakia,165.3,190.9,25.6,0.0,2.0,Horizontal,2803235.07,2793768.89,0.5,2019-01-17,2021-03-17,2021.0,3.0,790.0,16901.20320629159
Van Gogh,Zibatá,173.9,199.2,25.3,0.0,2.0,Horizontal,2964335.82,2964335.82,0.0,2019-09-06,2021-03-22,2021.0,3.0,563.0,17046.209430707302
Dos Motivos,Zakia,110.5,172.7,62.2,0.0,2.0,Horizontal,2263147.35,2188137.19,3.5,2019-10-22,2021-03-17,2021.0,3.0,512.0,19802.146515837103
Amara Grand,Altos Juriquilla,205.1,235.1,30.0,0.0,2.0,Horizontal,4500000.0,4387500.0,2.5,2018-07-09,2021-04-12,2021.0,4.0,1008.0,21392.003900536325
Amara Grand,Altos Juriquilla,179.5,206.8,27.3,0.0,2.0,Horizontal,3378297.21,3378297.21,0.0,2018-07-09,2021-04-15,2021.0,4.0,1011.0,18820.597270194987
Paseo Miró B,Zibatá,74.2,106.44,26.4,5.84,2.0,Subvertical,2259625.12,2237028.87,1.0,2019-11-20,2022-02-26,2022.0,2.0,829.0,30148.63706199461
Armonía,Zakia,121.5,145.2,23.7,0.0,2.0,Horizontal,2259095.63,2225209.2,1.5,2019-01-17,2021-03-26,2021.0,3.0,799.0,18314.47901234568
Loretta,Altos Juriquilla,148.6,194.6,0.0,46.0,2.0,Horizontal,2546360.94,2514801.92,2.5,2020-11-13,2021-03-31,2021.0,3.0,138.0,16923.296904441453
Van Gogh,Zibatá,222.0,268.7,46.7,0.0,2.0,Horizontal,3749856.01,3731106.73,0.5,2019-09-06,2021-03-19,2021.0,3.0,560.0,16806.78707207207
Serena,Altos Juriquilla,180.0,235.5,55.5,0.0,2.0,Horizontal,3563693.47,3563693.47,0.0,2020-04-17,2021-03-22,2021.0,3.0,339.0,19798.29705555556
Loretta,Altos Juriquilla,115.2,193.8,78.6,0.0,2.0,Horizontal,2638895.11,2585922.73,2.5,2020-11-13,2021-03-24,2021.0,3.0,131.0,22447.24592013889
Dos Motivos,Zakia,148.7,194.7,0.0,46.0,2.0,Horizontal,2370668.47,2358815.13,0.5,2019-10-22,2021-03-20,2021.0,3.0,515.0,15862.91277740417
Alegra Towers,Juriquilla Santa Fe,173.6,190.55,0.0,16.95,2.0,Vertical,4544505.81,4454943.16,2.5,2017-04-27,2021-03-18,2021.0,3.0,1421.0,25662.114976958528
Loretta,Altos Juriquilla,136.1,194.1,0.0,58.0,2.0,Horizontal,2424410.77,2443344.61,1.5,2020-11-13,2021-03-22,2021.0,3.0,129.0,17952.568772961058
Alegra Towers,Juriquilla Santa Fe,132.2,144.1,0.0,11.9,2.0,Vertical,4365310.3,4050000.0,7.22,2016-07-04,2021-03-26,2021.0,3.0,1726.0,30635.400907715586
Van Gogh,Zibatá,193.7,233.1,39.4,0.0,2.0,Horizontal,3170775.06,3154921.18,0.5,2019-09-06,2021-03-31,2021.0,3.0,572.0,16287.667423851319
Dos Motivos,Zakia,110.5,197.0,86.5,0.0,2.0,Horizontal,2298871.88,2218411.36,3.5,2019-10-22,2021-04-15,2021.0,4.0,541.0,20076.120904977375
Paseo Miró B,Zibatá,149.4,161.06,0.0,11.66,2.0,Subvertical,3065423.59,2850843.94,7.0,2019-07-25,2021-03-27,2021.0,3.0,611.0,19081.95408299866
Loretta,Altos Juriquilla,115.2,193.0,77.8,0.0,2.0,Horizontal,2637305.83,2647165.83,0.0,2020-11-13,2021-03-31,2021.0,3.0,138.0,22978.870052083334
Loretta,Altos Juriquilla,110.4,211.2,100.8,0.0,2.0,Horizontal,2459897.5,2435298.53,1.0,2020-11-13,2021-03-26,2021.0,3.0,133.0,22058.86349637681
Armonía,Zakia,151.1,175.6,24.5,0.0,2.0,Horizontal,2688710.1,2722110.1,0.0,2019-01-17,2021-03-29,2021.0,3.0,802.0,18015.288550628724
Dos Motivos,Zakia,146.7,214.7,0.0,68.0,2.0,Horizontal,2453514.58,2441247.01,0.5,2019-10-22,2021-03-29,2021.0,3.0,524.0,16641.083912747104
Dos Motivos,Zakia,148.7,194.7,0.0,46.0,2.0,Horizontal,2324983.45,2313358.53,0.5,2019-10-22,2021-03-31,2021.0,3.0,526.0,15557.219435104236
Serena,Altos Juriquilla,165.4,189.2,23.8,0.0,2.0,Horizontal,3151289.42,3193589.42,0.0,2020-04-17,2021-03-30,2021.0,3.0,347.0,19308.27944377267
Dos Motivos,Zakia,146.7,201.9,55.2,0.0,2.0,Horizontal,2630353.79,2630353.79,0.0,2019-10-22,2021-03-28,2021.0,3.0,523.0,17930.15535105658
Van Gogh,Zibatá,193.7,233.1,39.4,0.0,2.0,Horizontal,3678099.07,3716149.07,0.0,2019-09-06,2021-04-30,2021.0,4.0,602.0,19185.07521941146
Dos Motivos,Zakia,110.5,194.0,83.5,0.0,2.0,Horizontal,2310862.96,2307808.65,0.5,2019-10-22,2021-04-05,2021.0,4.0,531.0,20885.14615384615
Armonía,Zakia,165.3,192.3,27.0,0.0,2.0,Horizontal,2831267.42,2831011.08,0.5,2019-01-17,2021-03-31,2021.0,3.0,804.0,17126.503811252267
Dos Motivos,Zakia,110.5,180.7,70.2,0.0,2.0,Horizontal,2263047.97,2263047.97,0.0,2019-10-22,2021-03-29,2021.0,3.0,524.0,20480.072126696836
El Motivo,Zakia,148.7,196.7,0.0,48.0,2.0,Horizontal,2442490.98,2442490.98,0.0,2017-08-01,2021-03-26,2021.0,3.0,1333.0,16425.62864828514
Loretta,Altos Juriquilla,115.2,176.9,61.7,0.0,2.0,Horizontal,2605985.45,2658285.45,0.0,2020-11-13,2021-03-27,2021.0,3.0,134.0,23075.39453125
Dos Motivos,Zakia,158.0,207.3,49.3,0.0,2.0,Horizontal,2702126.16,2688615.53,0.5,2019-10-22,2021-03-29,2021.0,3.0,524.0,17016.55398734177
Van Gogh,Zibatá,175.2,201.4,26.2,0.0,2.0,Horizontal,2865474.83,2865474.83,0.0,2019-09-06,2021-03-31,2021.0,3.0,572.0,16355.449942922376
Amara Grand,Altos Juriquilla,238.8,303.5,64.7,0.0,2.0,Horizontal,4229518.51,4208370.92,0.5,2018-07-09,2021-03-30,2021.0,3.0,995.0,17622.993802345056
Loretta,Altos Juriquilla,115.2,176.9,61.7,0.0,2.0,Horizontal,2605985.45,2614485.45,0.0,2020-11-13,2021-04-07,2021.0,4.0,145.0,22695.186197916668
Van Gogh,Zibatá,173.9,199.2,25.3,0.0,2.0,Horizontal,2964335.82,2964335.82,0.0,2019-09-06,2021-03-30,2021.0,3.0,571.0,17046.209430707302
El Motivo,Zakia,156.8,201.0,44.2,0.0,2.0,Horizontal,2796932.42,2782947.76,0.5,2017-08-01,2021-03-31,2021.0,3.0,1338.0,17748.39132653061
Ambrosía,Lomas de Juriquilla,220.8,250.9,30.1,0.0,2.0,Horizontal,3065000.0,3065000.0,0.0,2017-01-09,2021-04-21,2021.0,4.0,1563.0,13881.340579710144
Alegra Towers,Juriquilla Santa Fe,97.7,105.6,0.0,7.9,2.0,Vertical,3165234.06,2959867.68,7.0,2018-08-29,2021-03-29,2021.0,3.0,943.0,30295.472671443193
Amara,Altos Juriquilla,158.0,178.6,20.6,0.0,2.0,Horizontal,2864090.0,2864090.0,0.0,2017-10-26,2021-03-26,2021.0,3.0,1247.0,18127.151898734177
Paseo Miró B,Zibatá,149.4,161.06,0.0,11.66,2.0,Subvertical,3006056.35,2991026.07,0.5,2019-07-31,2021-04-08,2021.0,4.0,617.0,20020.254819277106
Van Gogh,Zibatá,205.8,230.2,24.4,0.0,2.0,Horizontal,3596838.47,3455482.72,3.93,2019-09-06,2021-04-30,2021.0,4.0,602.0,16790.48940719145
Loretta,Altos Juriquilla,146.7,214.7,0.0,68.0,2.0,Horizontal,2552138.49,2570138.49,0.0,2020-11-13,2021-03-29,2021.0,3.0,136.0,17519.689775051127
Dos Motivos,Zakia,115.2,210.0,94.8,0.0,2.0,Horizontal,2527697.65,2568559.16,0.5,2019-10-22,2021-04-06,2021.0,4.0,532.0,22296.520486111112
Ambrosía,Lomas de Juriquilla,175.4,175.4,0.0,0.0,2.0,Horizontal,2800000.0,2800000.0,0.0,2017-01-09,2022-03-30,2022.0,3.0,1906.0,15963.511972633978
Loretta,Altos Juriquilla,146.7,214.7,0.0,68.0,2.0,Horizontal,2761044.24,2719628.58,1.5,2020-11-13,2022-03-06,2022.0,3.0,478.0,18538.708793456033
Serena,Altos Juriquilla,151.3,185.6,34.3,0.0,2.0,Horizontal,3246607.87,3149209.63,3.0,2020-04-17,2022-03-15,2022.0,3.0,697.0,20814.339920687373
Loretta,Altos Juriquilla,110.4,185.1,74.7,0.0,2.0,Horizontal,2763884.45,2705287.34,2.5,2020-11-13,2022-03-15,2022.0,3.0,487.0,24504.4143115942
Sophia Distrito,Jurica,86.2,94.9,0.0,8.7,1.0,Subvertical,2561867.06,2561867.06,0.0,2021-09-25,2022-07-15,2022.0,7.0,293.0,29720.03549883991
Loretta,Altos Juriquilla,148.6,194.6,0.0,46.0,2.0,Horizontal,2794126.67,2794126.67,0.0,2020-11-13,2022-03-12,2022.0,3.0,484.0,18803.00585464334
El Capricho,"Cascatta II, Lomas de Angelópolis",215.2,238.2,23.0,0.0,0.0,Horizontal,3700565.97,3700565.97,0.0,2019-07-16,2022-03-10,2022.0,3.0,968.0,17195.938522304834
Dos Motivos,Zakia,154.4,213.8,59.4,0.0,2.0,Horizontal,2759021.85,2745226.74,0.5,2019-10-22,2022-03-10,2022.0,3.0,870.0,17779.965932642488
Loretta,Altos Juriquilla,146.7,214.7,0.0,68.0,2.0,Horizontal,2761044.24,2792944.24,0.0,2020-11-13,2022-03-12,2022.0,3.0,484.0,19038.474710293118
Sinfonía,Rancho Cerro Prieto,146.7,146.7,0.0,0.0,2.0,Horizontal,2769828.93,2813228.93,0.0,2021-11-10,2022-03-12,2022.0,3.0,122.0,19176.74798909339
Paseo Miró B,Zibatá,112.2,123.93,0.0,11.73,2.0,Subvertical,2744831.14,2580141.27,6.0,2019-11-20,2022-03-15,2022.0,3.0,846.0,22995.911497326204
Loretta,Altos Juriquilla,146.7,214.7,0.0,68.0,2.0,Horizontal,2811730.22,2822230.22,0.0,2020-11-13,2022-03-12,2022.0,3.0,484.0,19238.106475800956
Loretta,Altos Juriquilla,138.8,219.2,80.4,0.0,2.0,Horizontal,3063084.02,2986506.92,2.5,2020-11-13,2022-03-15,2022.0,3.0,487.0,21516.6204610951
Alondra,Altos Juriquilla,134.1,159.0,24.9,0.0,2.0,Horizontal,3182280.0,3087132.16,2.5,2022-02-17,2022-03-25,2022.0,3.0,36.0,23021.119761372112
Sinfonía,Rancho Cerro Prieto,121.5,158.5,37.0,0.0,2.0,Horizontal,2606037.67,2579977.29,1.0,2021-11-10,2022-03-19,2022.0,3.0,129.0,21234.38098765432
Sophia Distrito,Jurica,250.3,285.4,35.1,0.0,2.0,Horizontal,6016788.0,5995704.06,0.5,2021-09-25,2022-03-22,2022.0,3.0,178.0,23954.071354374748
Alegra Towers,Juriquilla Santa Fe,133.4,145.29,0.0,11.89,2.0,Vertical,4707492.22,4660417.3,1.0,2018-08-29,2022-04-04,2022.0,4.0,1314.0,34935.661919040474
Loretta,Altos Juriquilla,146.7,214.7,0.0,68.0,2.0,Horizontal,2811730.22,2756478.31,3.0,2020-11-13,2022-03-28,2022.0,3.0,500.0,18789.89986366735
Loretta,Altos Juriquilla,148.6,194.6,0.0,46.0,2.0,Horizontal,2794126.67,2799626.67,0.0,2020-11-13,2022-03-12,2022.0,3.0,484.0,18840.01796769852
Amara Grand,Altos Juriquilla,190.7,227.8,37.1,0.0,2.0,Horizontal,3902206.4,3902206.4,0.0,2018-07-09,2022-03-20,2022.0,3.0,1350.0,20462.54011536445
Loretta,Altos Juriquilla,146.7,214.7,0.0,68.0,2.0,Horizontal,2881138.52,2971038.52,0.0,2020-11-13,2022-03-21,2022.0,3.0,493.0,20252.477982276756
Loretta,Altos Juriquilla,138.8,224.9,86.1,0.0,2.0,Horizontal,3257237.43,3267737.43,0.0,2020-11-13,2022-03-21,2022.0,3.0,493.0,23542.776873198847
Sinfonía,Rancho Cerro Prieto,165.3,198.3,33.0,0.0,2.0,Horizontal,3253484.05,3277449.21,1.0,2021-11-10,2022-03-28,2022.0,3.0,138.0,19827.27894736842
Sinfonía,Rancho Cerro Prieto,165.3,276.0,110.7,0.0,2.0,Horizontal,3506474.98,3553474.98,0.0,2021-11-10,2022-03-21,2022.0,3.0,131.0,21497.126315789472
Sinfonía,Rancho Cerro Prieto,138.8,192.1,53.3,0.0,2.0,Horizontal,3157335.95,3157335.95,0.0,2021-11-10,2022-03-28,2022.0,3.0,138.0,22747.377161383283
Paseo Miró B,Zibatá,149.4,161.06,0.0,11.66,2.0,Subvertical,3045777.48,2893488.61,5.0,2019-07-31,2022-03-16,2022.0,3.0,959.0,19367.393641231592
Loretta,Altos Juriquilla,138.8,231.4,92.6,0.0,2.0,Horizontal,3270652.86,3270652.86,0.0,2020-11-13,2022-03-19,2022.0,3.0,491.0,23563.781412103745
Sophia Distrito,Jurica,86.2,94.9,0.0,8.7,1.0,Subvertical,2534869.33,2537869.33,0.0,2021-09-25,2022-06-30,2022.0,6.0,278.0,29441.639559164734
Dos Motivos,Zakia,154.4,204.6,50.2,0.0,2.0,Horizontal,2756484.41,2673789.88,3.0,2019-10-22,2022-03-23,2022.0,3.0,883.0,17317.291968911915
Serena,Altos Juriquilla,151.3,186.4,35.1,0.0,2.0,Horizontal,3248132.96,3259130.97,0.0,2020-04-17,2022-03-27,2022.0,3.0,709.0,21540.852412425644
Serena,Altos Juriquilla,165.4,237.8,72.4,0.0,2.0,Horizontal,3702230.2,3726019.05,0.5,2020-04-17,2022-03-22,2022.0,3.0,704.0,22527.321946795644
Sophia Distrito,Jurica,135.0,145.31,0.0,10.31,2.0,Subvertical,3166673.92,3166673.92,0.0,2021-09-25,2022-05-20,2022.0,5.0,237.0,23456.843851851852
Loretta,Altos Juriquilla,148.6,194.6,0.0,46.0,2.0,Horizontal,2794126.67,2752214.77,1.5,2020-11-13,2022-03-29,2022.0,3.0,501.0,18520.960767160163
Loretta,Altos Juriquilla,146.7,214.7,0.0,68.0,2.0,Horizontal,2811730.22,2822230.22,0.0,2020-11-13,2022-03-28,2022.0,3.0,500.0,19238.106475800956
Nazca Munay,Zibatá II,136.1,194.1,0.0,58.0,2.0,Horizontal,2640534.0,2652534.0,0.0,2022-03-17,2023-04-16,2023.0,4.0,395.0,19489.5958853784
Sophia Distrito,Jurica,135.0,145.31,0.0,10.31,2.0,Subvertical,3358804.24,3086011.86,9.0,2021-09-25,2022-10-20,2022.0,10.0,390.0,22859.34711111111
Nazca Munay,Zibatá II,110.5,183.9,73.4,0.0,2.0,Horizontal,2765040.0,2765040.0,0.0,2022-03-17,2022-09-24,2022.0,9.0,191.0,25022.986425339368
Sinfonía,Rancho Cerro Prieto,180.0,212.5,32.5,0.0,2.0,Horizontal,3428611.25,3402325.14,1.0,2021-11-10,2022-03-28,2022.0,3.0,138.0,18901.806333333334
Nazca Nea,Zibatá II,121.0,151.9,30.9,0.0,2.0,Horizontal,2771020.0,2771020.0,0.0,2022-03-17,2022-09-22,2022.0,9.0,189.0,22900.99173553719
Paseo Monet,Zibatá,205.8,243.9,38.1,0.0,2.0,Horizontal,3775524.97,3756647.35,0.5,2017-06-02,2022-03-22,2022.0,3.0,1754.0,18253.874392614187
Nazca Munay,Zibatá II,110.5,183.9,73.4,0.0,2.0,Horizontal,3214003.0,3214003.0,0.0,2022-03-17,2022-05-02,2022.0,5.0,46.0,29086.0
Loretta,Altos Juriquilla,138.8,185.4,46.6,0.0,2.0,Horizontal,3082618.05,3005552.6,2.5,2020-11-13,2022-03-31,2022.0,3.0,503.0,21653.837175792505
Van Gogh,Zibatá,205.8,230.2,24.4,0.0,2.0,Horizontal,3779850.15,3779850.15,0.0,2019-09-06,2022-03-25,2022.0,3.0,931.0,18366.618804664722
Loretta,Altos Juriquilla,110.4,185.1,74.7,0.0,2.0,Horizontal,2763347.88,2763347.88,0.0,2020-11-13,2022-03-30,2022.0,3.0,502.0,25030.324999999997
Sophia Distrito,Jurica,135.2,145.51,0.0,10.31,2.0,Subvertical,3291444.64,3320944.64,0.0,2021-09-25,2022-10-20,2022.0,10.0,390.0,24563.200000000004
Nazca Munay,Zibatá II,115.2,204.4,89.2,0.0,2.0,Horizontal,2955352.5,3090552.5,0.0,2022-03-17,2022-10-19,2022.0,10.0,216.0,26827.71267361111
Alondra,Altos Juriquilla,134.1,159.0,24.9,0.0,2.0,Horizontal,3245962.32,3245962.32,0.0,2022-02-17,2022-03-31,2022.0,3.0,42.0,24205.535570469798
Nazca Nea,Zibatá II,121.0,151.9,30.9,0.0,2.0,Horizontal,3275346.0,3275346.0,0.0,2022-03-17,2022-10-24,2022.0,10.0,221.0,27068.97520661157
Nazca Nea,Zibatá II,154.4,169.5,15.1,0.0,2.0,Horizontal,3288256.8,3288256.8,0.0,2022-03-17,2022-09-22,2022.0,9.0,189.0,21296.999999999996
Nazca Nea,Zibatá II,121.0,151.9,30.9,0.0,2.0,Horizontal,2770930.0,2770930.0,0.0,2022-03-17,2022-10-03,2022.0,10.0,200.0,22900.247933884297
Alegra Towers,Juriquilla Santa Fe,306.6,320.14,0.0,13.54,3.0,Vertical,9435870.0,8822538.45,6.5,2018-08-29,2022-04-04,2022.0,4.0,1314.0,28775.402641878663
Nazca Nea,Zibatá II,154.4,169.5,15.1,0.0,2.0,Horizontal,2871840.0,2857480.8,0.5,2022-03-17,2022-06-30,2022.0,6.0,105.0,18506.999999999996
Sophia Distrito,Jurica,86.2,94.9,0.0,8.7,1.0,Subvertical,2599393.89,2586396.92,0.5,2021-09-25,2022-10-20,2022.0,10.0,390.0,30004.604640371228
Sophia Distrito,Jurica,165.3,175.65,0.0,10.35,2.0,Subvertical,3978114.58,3983614.58,0.0,2021-09-25,2023-02-02,2023.0,2.0,495.0,24099.301754385964
Sophia Distrito,Jurica,198.7,242.8,0.0,44.1,2.0,Subvertical,4873339.15,4658172.19,5.0,2021-09-25,2022-05-20,2022.0,5.0,237.0,23443.24202315048
Sophia Distrito,Jurica,215.8,258.2,42.4,0.0,2.0,Horizontal,4663059.2,4639743.9,0.5,2021-09-25,2022-03-29,2022.0,3.0,185.0,21500.20342910102
Sophia Distrito,Jurica,86.2,94.9,0.0,8.7,1.0,Subvertical,2483404.56,2486404.56,0.0,2021-09-25,2022-05-15,2022.0,5.0,232.0,28844.60046403712
Nazca Munay,Zibatá II,148.72,194.72,0.0,46.0,2.0,Horizontal,2796064.0,2840064.0,0.0,2022-03-17,2022-10-07,2022.0,10.0,204.0,19096.718665949436
Alegra Towers,Juriquilla Santa Fe,173.6,190.24,0.0,16.64,2.0,Vertical,4741022.37,4409150.8,7.0,2018-08-29,2022-03-28,2022.0,3.0,1307.0,25398.334101382487
Sinfonía,Rancho Cerro Prieto,123.0,152.6,29.6,0.0,2.0,Horizontal,3063874.0,3063874.0,0.0,2021-11-10,2022-03-31,2022.0,3.0,141.0,24909.544715447155
Nazca Nea,Zibatá II,165.3,191.3,26.0,0.0,2.0,Horizontal,3871740.79,3879740.79,0.0,2022-03-17,2022-10-06,2022.0,10.0,203.0,23470.906170598908
Sophia Distrito,Jurica,86.2,94.9,0.0,8.7,1.0,Subvertical,2458404.56,2461404.56,0.0,2021-09-25,2022-03-31,2022.0,3.0,187.0,28554.577262180974
Alondra,Altos Juriquilla,240.3,287.7,47.4,0.0,2.0,Horizontal,4773226.86,4773226.86,0.0,2022-02-17,2022-03-27,2022.0,3.0,38.0,19863.61573033708
Sophia Distrito,Jurica,165.3,175.65,0.0,10.35,2.0,Subvertical,3919061.46,3924561.46,0.0,2021-09-25,2022-03-31,2022.0,3.0,187.0,23742.053599516028
Loretta,Altos Juriquilla,148.6,194.6,0.0,46.0,2.0,Horizontal,2794126.67,2794126.67,0.0,2020-11-13,2022-03-30,2022.0,3.0,502.0,18803.00585464334
Nazca Munay,Zibatá II,138.8,192.1,53.3,0.0,2.0,Horizontal,3194064.28,3206064.28,0.0,2022-03-17,2022-05-02,2022.0,5.0,46.0,23098.445821325644
Sinfonía,Rancho Cerro Prieto,138.8,192.1,53.3,0.0,2.0,Horizontal,3182344.55,3190344.55,0.0,2021-11-10,2022-04-11,2022.0,4.0,152.0,22985.191282420747
Nazca Munay,Zibatá II,146.7,214.7,0.0,68.0,2.0,Horizontal,2889419.0,2952219.0,0.0,2022-03-17,2022-05-02,2022.0,5.0,46.0,20124.192229038857
Loretta,Altos Juriquilla,138.8,193.5,54.7,0.0,2.0,Horizontal,3173266.91,3235466.91,0.0,2020-11-13,2022-04-06,2022.0,4.0,509.0,23310.280331412105
Sophia Distrito,Jurica,86.2,94.9,0.0,8.7,1.0,Subvertical,2649195.39,2649195.39,0.0,2021-09-25,2022-10-20,2022.0,10.0,390.0,30733.125174013923
Sinfonía,Rancho Cerro Prieto,121.5,158.4,36.9,0.0,2.0,Horizontal,2544424.52,2518980.27,1.0,2021-11-10,2022-04-08,2022.0,4.0,149.0,20732.347901234567
Sophia Distrito,Jurica,198.7,242.8,0.0,44.1,2.0,Subvertical,4922417.03,4676296.18,5.0,2021-09-25,2022-10-20,2022.0,10.0,390.0,23534.45485656769
Loretta,Altos Juriquilla,138.8,193.5,54.7,0.0,2.0,Horizontal,3042334.65,3007199.63,1.5,2020-11-13,2022-03-31,2022.0,3.0,503.0,21665.703386167144
El Recuerdo,nan,207.1,253.54,0.0,46.44,0.0,Horizontal,2049442.0,2049442.0,0.0,2015-11-13,2022-04-20,2022.0,4.0,2350.0,9895.905359729599
Nazca Munay,Zibatá II,138.8,192.1,53.3,0.0,2.0,Horizontal,3156190.0,3168190.0,0.0,2022-03-17,2022-09-30,2022.0,9.0,197.0,22825.576368876078
Sophia Distrito,Jurica,250.3,285.4,35.1,0.0,2.0,Horizontal,5013989.76,4672010.48,7.0,2021-09-25,2022-04-11,2022.0,4.0,198.0,18665.643148222134
Nazca Munay,Zibatá II,146.7,214.7,0.0,68.0,2.0,Horizontal,2889419.0,2952219.0,0.0,2022-03-17,2022-10-28,2022.0,10.0,225.0,20124.192229038857
Sophia Distrito,Jurica,219.5,273.3,53.8,0.0,2.0,Horizontal,5798203.2,5798203.2,0.0,2021-09-25,2022-04-10,2022.0,4.0,197.0,26415.504328018225
Loretta,Altos Juriquilla,136.1,194.1,0.0,58.0,2.0,Horizontal,2678071.08,2661790.37,1.0,2020-11-13,2022-04-22,2022.0,4.0,525.0,19557.607421013963
Loretta,Altos Juriquilla,115.2,193.8,78.6,0.0,2.0,Horizontal,2990316.9,3018316.9,0.0,2020-11-13,2022-04-09,2022.0,4.0,512.0,26200.66753472222
Loretta,Altos Juriquilla,146.7,214.7,0.0,68.0,2.0,Horizontal,2811730.22,2822230.22,0.0,2020-11-13,2022-04-10,2022.0,4.0,513.0,19238.106475800956
Loretta,Altos Juriquilla,148.6,194.6,0.0,46.0,2.0,Horizontal,2794126.67,2802914.77,1.5,2020-11-13,2022-04-06,2022.0,4.0,509.0,18862.14515477793
Sophia Distrito,Jurica,215.8,259.4,43.6,0.0,2.0,Horizontal,4672385.54,4737385.54,0.0,2021-09-25,2022-04-12,2022.0,4.0,199.0,21952.66700648749
Paseo Monet,Zibatá,222.0,286.6,64.6,0.0,2.0,Horizontal,4023043.7,4002928.48,0.5,2017-06-02,2022-04-02,2022.0,4.0,1765.0,18031.209369369368
Sophia Distrito,Jurica,215.8,259.4,43.6,0.0,2.0,Horizontal,4672385.54,4649023.61,0.5,2021-09-25,2022-04-18,2022.0,4.0,205.0,21543.204865616313
Sophia Distrito,Jurica,198.7,242.8,0.0,44.1,2.0,Subvertical,4919082.54,4919082.54,0.0,2021-09-25,2022-04-19,2022.0,4.0,206.0,24756.328837443383
Nazca Nea,Zibatá II,154.4,169.53,15.13,0.0,2.0,Horizontal,2871840.0,2871840.0,0.0,2022-03-17,2023-03-18,2023.0,3.0,366.0,18600.0
Loretta,Altos Juriquilla,110.4,185.1,74.7,0.0,2.0,Horizontal,2763347.88,2749531.14,0.5,2020-11-13,2022-04-11,2022.0,4.0,514.0,24905.17336956522
Nazca Nea,Zibatá II,154.4,169.5,15.1,0.0,2.0,Horizontal,3194634.82,3194634.82,0.0,2022-03-17,2022-06-11,2022.0,6.0,86.0,20690.640025906734
Nazca Nea,Zibatá II,165.3,191.3,26.0,0.0,2.0,Horizontal,3659236.22,3549459.13,3.0,2022-03-17,2022-07-16,2022.0,7.0,121.0,21472.83200241984
Sophia Distrito,Jurica,215.8,258.2,42.4,0.0,2.0,Horizontal,4698964.76,4749469.94,0.5,2021-09-25,2022-04-24,2022.0,4.0,211.0,22008.66515291937
Sinfonía,Rancho Cerro Prieto,151.3,185.63,34.33,0.0,2.0,Horizontal,3063783.94,3048465.02,0.5,2021-11-10,2022-04-19,2022.0,4.0,160.0,20148.47997356246
Alondra,Altos Juriquilla,165.4,196.5,31.1,0.0,2.0,Horizontal,4189449.0,4147554.51,1.0,2022-02-17,2022-04-12,2022.0,4.0,54.0,25075.90392986699
Alegra Towers,Juriquilla Santa Fe,97.7,105.6,0.0,7.9,2.0,Vertical,3323136.4,3090516.85,7.0,2018-08-29,2022-04-26,2022.0,4.0,1336.0,31632.72108495394
Nazca Munay,Zibatá II,148.7,194.7,0.0,46.0,2.0,Horizontal,2903157.9,2915157.9,0.0,2022-03-17,2022-05-11,2022.0,5.0,55.0,19604.289845326162
Sinfonía,Rancho Cerro Prieto,123.0,152.6,29.6,0.0,2.0,Horizontal,2682703.76,2438845.99,9.09,2021-11-10,2022-04-12,2022.0,4.0,153.0,19828.01617886179
Sophia Distrito,Jurica,161.6,188.78,0.0,27.18,2.0,Subvertical,4284015.23,4284015.23,0.0,2021-09-25,2022-04-26,2022.0,4.0,213.0,26509.99523514852
Sophia Distrito,Jurica,165.0,239.4,74.4,0.0,2.0,Subvertical,4895025.73,4900525.73,0.0,2021-09-25,2022-10-20,2022.0,10.0,390.0,29700.155939393942
Nazca Munay,Zibatá II,146.7,214.7,0.0,68.0,2.0,Horizontal,2864973.77,2840174.29,2.0,2022-03-17,2022-09-30,2022.0,9.0,197.0,19360.424608043628
Sinfonía,Rancho Cerro Prieto,134.0,159.4,25.4,0.0,2.0,Horizontal,3281511.0,3248695.89,1.0,2021-11-10,2022-04-18,2022.0,4.0,159.0,24243.999179104478
Van Gogh,Zibatá,205.8,230.2,24.4,0.0,2.0,Horizontal,3779850.15,3685353.9,2.5,2019-09-06,2022-06-20,2022.0,6.0,1018.0,17907.453352769677
Sinfonía,Rancho Cerro Prieto,134.0,159.4,25.4,0.0,2.0,Horizontal,2804435.33,2748346.62,2.0,2021-11-10,2022-05-05,2022.0,5.0,176.0,20510.049402985074
Loretta,Altos Juriquilla,146.7,214.7,0.0,68.0,2.0,Horizontal,2898186.68,2836232.01,2.5,2020-11-13,2022-04-28,2022.0,4.0,531.0,19333.55153374233
Sophia Distrito,Jurica,135.0,145.31,0.0,10.31,2.0,Subvertical,3428177.94,3428177.94,0.0,2021-09-25,2023-04-02,2023.0,4.0,554.0,25393.910666666667
Nazca Munay,Zibatá II,146.7,214.7,0.0,68.0,2.0,Horizontal,3437969.0,3437969.0,0.0,2022-03-17,2022-10-31,2022.0,10.0,228.0,23435.371506475803
Nazca Munay,Zibatá II,138.8,192.1,53.3,0.0,2.0,Horizontal,3194064.28,3206064.28,0.0,2022-03-17,2022-09-28,2022.0,9.0,195.0,23098.445821325644
Nazca Munay,Zibatá II,138.8,192.1,53.3,0.0,2.0,Horizontal,3194064.28,3206064.28,0.0,2022-03-17,2022-09-28,2022.0,9.0,195.0,23098.445821325644
Nazca Munay,Zibatá II,136.1,194.1,0.0,58.0,2.0,Horizontal,2664298.81,2676298.81,0.0,2022-03-17,2022-09-30,2022.0,9.0,197.0,19664.208743570904
Nazca Munay,Zibatá II,115.2,192.4,77.2,0.0,2.0,Horizontal,2956175.97,2964175.97,0.0,2022-03-17,2022-09-30,2022.0,9.0,197.0,25730.69418402778
Sinfonía,Rancho Cerro Prieto,134.0,157.0,23.0,0.0,2.0,Horizontal,2802007.24,2802007.24,0.0,2021-11-10,2022-04-29,2022.0,4.0,170.0,20910.50179104478
Nazca Munay,Zibatá II,110.5,183.9,73.4,0.0,2.0,Horizontal,2797157.88,2797157.88,0.0,2022-03-17,2022-10-13,2022.0,10.0,210.0,25313.645972850678
Sophia Distrito,Jurica,165.0,239.4,74.4,0.0,2.0,Subvertical,4830149.08,4858649.08,0.0,2021-09-25,2023-02-03,2023.0,2.0,496.0,29446.35806060606
Sophia Distrito,Jurica,250.3,300.7,50.4,0.0,2.0,Horizontal,5414780.33,5414780.33,0.0,2021-09-25,2022-05-05,2022.0,5.0,222.0,21633.1615261686
Loretta,Altos Juriquilla,148.6,194.6,0.0,46.0,2.0,Horizontal,2923033.8,2923033.8,0.0,2020-11-13,2022-05-06,2022.0,5.0,539.0,19670.483176312246
Van Gogh,Zibatá,205.8,230.2,24.4,0.0,2.0,Horizontal,3816379.1,3816379.1,0.0,2019-09-06,2022-04-28,2022.0,4.0,965.0,18544.116132167153
Sophia Distrito,Jurica,165.3,175.65,0.0,10.35,2.0,Subvertical,3986742.37,3992242.37,0.0,2021-09-25,2022-10-03,2022.0,10.0,373.0,24151.49649122807
Sophia Distrito,Jurica,262.5,314.7,52.2,0.0,2.0,Horizontal,5683895.08,5664475.6,0.5,2021-09-25,2022-05-02,2022.0,5.0,219.0,21578.954666666665
Paseo Dalí,Zibatá,219.3,232.1,12.8,0.0,2.0,Horizontal,3952518.3,3932755.71,0.5,2015-08-10,2022-04-25,2022.0,4.0,2450.0,17933.222571819424
Alegra Towers,Juriquilla Santa Fe,173.7,190.34,0.0,16.64,2.0,Vertical,4918647.37,4746494.71,3.5,2018-08-29,2022-04-27,2022.0,4.0,1337.0,27325.818710420266
Sophia Distrito,Jurica,86.2,94.9,0.0,8.7,1.0,Subvertical,2669514.41,2669514.41,0.0,2021-09-25,2022-04-29,2022.0,4.0,216.0,30968.844663573087
Sinfonía,Rancho Cerro Prieto,151.3,182.8,31.5,0.0,2.0,Horizontal,3434305.24,3335598.72,0.0,2021-11-10,2022-06-03,2022.0,6.0,205.0,22046.257237276932
Nazca Nea,Zibatá II,165.3,191.3,26.0,0.0,2.0,Horizontal,3643797.99,3724397.99,0.0,2022-03-17,2022-06-30,2022.0,6.0,105.0,22531.143315184512
Loretta,Altos Juriquilla,146.7,214.7,0.0,68.0,2.0,Horizontal,2839847.52,2768851.33,2.5,2020-11-13,2022-05-06,2022.0,5.0,539.0,18874.242194955696
Sophia Distrito,Jurica,219.5,270.2,50.7,0.0,2.0,Horizontal,4772204.47,4614177.31,3.5,2021-09-25,2022-05-05,2022.0,5.0,222.0,21021.308929384963
Loretta,Altos Juriquilla,138.8,205.3,66.5,0.0,2.0,Horizontal,3296889.08,3307389.08,0.0,2020-11-13,2022-04-29,2022.0,4.0,532.0,23828.45158501441
Nazca Munay,Zibatá II,148.7,194.7,0.0,46.0,2.0,Horizontal,2903157.9,2770000.01,5.0,2022-03-17,2022-09-30,2022.0,9.0,197.0,18628.110356422327
Amara Grand,Altos Juriquilla,190.7,227.8,37.1,0.0,2.0,Horizontal,4309796.39,4137404.53,4.0,2018-07-09,2022-05-16,2022.0,5.0,1407.0,21695.881122181436
Sinfonía,Rancho Cerro Prieto,110.4,165.4,55.0,0.0,2.0,Horizontal,2734850.84,2639131.06,3.5,2021-11-10,2022-04-30,2022.0,4.0,171.0,23905.172644927534
Serena,Altos Juriquilla,151.3,185.6,34.3,0.0,2.0,Horizontal,3246607.87,3246607.87,0.0,2020-04-17,2022-04-29,2022.0,4.0,742.0,21458.08241903503
Loretta,Altos Juriquilla,110.4,185.1,74.7,0.0,2.0,Horizontal,2861947.64,2819018.42,1.5,2020-11-13,2022-05-06,2022.0,5.0,539.0,25534.58713768116
Serena,Altos Juriquilla,151.3,186.4,35.1,0.0,2.0,Horizontal,3248132.96,3259130.97,0.0,2020-04-17,2022-05-16,2022.0,5.0,759.0,21540.852412425644
Sophia Distrito,Jurica,215.8,258.2,42.4,0.0,2.0,Horizontal,4698964.76,4772964.76,0.0,2021-09-25,2022-04-30,2022.0,4.0,217.0,22117.538276181647
Loretta,Altos Juriquilla,148.6,194.6,0.0,46.0,2.0,Horizontal,2822067.94,2868667.94,0.0,2020-11-13,2022-04-30,2022.0,4.0,533.0,19304.62947510094
Alegra Towers,Juriquilla Santa Fe,344.1,357.1,0.0,13.0,3.0,Vertical,11685104.7,9685104.7,0.0,2016-07-04,2022-05-11,2022.0,5.0,2137.0,28146.192095321123
Sophia Distrito,Jurica,86.2,113.0,26.8,0.0,2.0,Subvertical,2982169.32,2982615.09,2.5,2021-09-25,2022-10-25,2022.0,10.0,395.0,34601.10313225058
Nazca Nea,Zibatá II,174.0,202.4,28.4,0.0,2.0,Horizontal,4056910.0,4064910.0,0.0,2022-03-17,2022-09-24,2022.0,9.0,191.0,23361.55172413793
Sophia Distrito,Jurica,86.2,94.9,0.0,8.7,1.0,Subvertical,2725229.39,2798229.39,0.0,2021-09-25,2022-10-20,2022.0,10.0,390.0,32462.05788863109
Sophia Distrito,Jurica,86.2,94.9,0.0,8.7,1.0,Subvertical,2667739.76,2667739.76,0.0,2021-09-25,2023-08-26,2023.0,8.0,700.0,30948.257076566122
Loretta,Altos Juriquilla,148.6,194.6,0.0,46.0,2.0,Horizontal,2933018.82,2933018.82,0.0,2020-11-13,2022-05-11,2022.0,5.0,544.0,19737.677119784657
Sophia Distrito,Jurica,250.3,285.4,35.1,0.0,2.0,Horizontal,5051594.68,5035336.71,0.5,2021-09-25,2022-05-23,2022.0,5.0,240.0,20117.206192568916
Loretta,Altos Juriquilla,148.6,194.6,0.0,46.0,2.0,Horizontal,2822067.94,2854167.94,0.0,2020-11-13,2022-05-09,2022.0,5.0,542.0,19207.052086137282
Sophia Distrito,Jurica,135.2,145.51,0.0,10.31,2.0,Subvertical,3332859.39,3199545.01,4.0,2021-09-25,2022-10-26,2022.0,10.0,396.0,23665.27374260355
Nazca Nea,Zibatá II,205.8,261.0,55.2,0.0,2.0,Horizontal,4540831.35,4540831.35,0.0,2022-03-17,2022-10-08,2022.0,10.0,205.0,22064.292274052474
Sophia Distrito,Jurica,135.2,145.51,0.0,10.31,2.0,Subvertical,3317754.39,3185044.21,4.0,2021-09-25,2023-11-16,2023.0,11.0,782.0,23558.01930473373
Loretta,Altos Juriquilla,110.4,221.5,111.1,0.0,2.0,Horizontal,2939033.07,2905447.57,1.5,2020-11-13,2022-05-07,2022.0,5.0,540.0,26317.459873188403
Sophia Distrito,Jurica,86.2,121.6,35.4,0.0,1.0,Subvertical,2989574.18,3016574.18,0.0,2021-09-25,2022-10-18,2022.0,10.0,388.0,34995.06009280743
Paseo Miró B,Zibatá,149.4,161.06,0.0,11.66,2.0,Subvertical,3064052.15,3000000.0,2.09,2019-07-31,2022-05-07,2022.0,5.0,1011.0,20080.321285140562
Loretta,Altos Juriquilla,138.8,205.3,66.5,0.0,2.0,Horizontal,3296889.08,3307389.08,0.0,2020-11-13,2022-05-23,2022.0,5.0,556.0,23828.45158501441
Loretta,Altos Juriquilla,136.1,194.1,0.0,58.0,2.0,Horizontal,2377910.2,2303204.24,4.5,2020-11-13,2021-04-10,2021.0,4.0,148.0,16922.881998530494
Serena,Altos Juriquilla,151.3,191.2,39.9,0.0,2.0,Horizontal,2889000.0,2889000.0,0.0,2020-04-17,2021-04-14,2021.0,4.0,362.0,19094.51421017845
Serena,Altos Juriquilla,151.3,186.9,35.6,0.0,2.0,Horizontal,2983551.7,2953716.18,1.0,2020-04-17,2021-04-15,2021.0,4.0,363.0,19522.248380700596
Dos Motivos,Zakia,110.5,180.7,70.2,0.0,2.0,Horizontal,2263047.97,2251732.73,0.5,2019-10-22,2021-04-07,2021.0,4.0,533.0,20377.671764705883
Dos Motivos,Zakia,154.4,213.8,59.4,0.0,2.0,Horizontal,2759021.85,2717636.52,1.5,2019-10-22,2021-04-12,2021.0,4.0,538.0,17601.27279792746
Amara Grand,Altos Juriquilla,179.5,207.8,28.3,0.0,2.0,Horizontal,3170113.63,3170113.63,0.0,2018-07-09,2021-04-14,2021.0,4.0,1010.0,17660.800167130918
Van Gogh,Zibatá,151.1,173.5,22.4,0.0,2.0,Horizontal,3245886.05,3229656.62,0.5,2019-09-06,2021-04-07,2021.0,4.0,579.0,21374.299272005297
El Capricho,"Cascatta II, Lomas de Angelópolis",215.2,237.7,22.5,0.0,0.0,Horizontal,3870011.0,3870011.0,0.0,2019-07-16,2021-04-06,2021.0,4.0,630.0,17983.32249070632
Dos Motivos,Zakia,115.2,203.8,88.6,0.0,2.0,Horizontal,2497161.84,2484676.03,0.5,2019-10-22,2021-04-12,2021.0,4.0,538.0,21568.36831597222
Loretta,Altos Juriquilla,138.8,193.5,54.7,0.0,2.0,Horizontal,2812364.16,2820864.16,0.0,2020-11-13,2021-04-13,2021.0,4.0,151.0,20323.228818443804
Armonía,Zakia,151.1,175.3,24.2,0.0,2.0,Horizontal,2662089.21,2648778.76,0.5,2019-01-17,2021-04-10,2021.0,4.0,814.0,17529.97193911317
Dos Motivos,Zakia,154.4,213.4,59.0,0.0,2.0,Horizontal,2718248.13,2650291.93,2.5,2019-10-22,2021-04-30,2021.0,4.0,556.0,17165.10317357513
Loretta,Altos Juriquilla,148.6,194.6,0.0,46.0,2.0,Horizontal,2536160.19,2409352.18,5.0,2020-11-13,2021-04-13,2021.0,4.0,151.0,16213.675504710634
Alegra Towers,Juriquilla Santa Fe,133.5,145.46,0.0,11.96,2.0,Vertical,4292390.3,4088080.55,4.76,2017-04-27,2021-04-08,2021.0,4.0,1442.0,30622.326217228463
Paseo Miró B,Zibatá,148.1,159.76,0.0,11.66,2.0,Subvertical,3155498.6,3045056.15,3.5,2019-11-20,2021-08-07,2021.0,8.0,626.0,20560.811276164754
Armonía,Zakia,165.3,190.9,25.6,0.0,2.0,Horizontal,2874805.16,2817309.06,2.0,2019-01-17,2021-04-09,2021.0,4.0,813.0,17043.611978221415
Loretta,Altos Juriquilla,148.6,194.6,0.0,46.0,2.0,Horizontal,2746611.19,2705412.02,1.5,2020-11-13,2021-04-16,2021.0,4.0,154.0,18206.002826379543
Dos Motivos,Zakia,146.7,216.9,70.2,0.0,2.0,Horizontal,2634918.3,2643418.3,0.0,2019-10-22,2021-04-16,2021.0,4.0,542.0,18019.21131561009
Amara Grand,Altos Juriquilla,205.1,255.0,49.9,0.0,2.0,Horizontal,3711118.45,3711118.45,0.0,2018-07-09,2021-04-24,2021.0,4.0,1020.0,18094.190394929305
Armonía,Zakia,165.3,192.3,27.0,0.0,2.0,Horizontal,2831267.42,2845167.42,0.0,2019-01-17,2021-04-27,2021.0,4.0,831.0,17212.144101633392
Paseo Miró B,Zibatá,149.4,161.06,0.0,11.66,2.0,Subvertical,3125498.6,3109871.11,0.5,2019-11-20,2021-04-22,2021.0,4.0,519.0,20815.737014725568
Paseo Miró B,Zibatá,149.4,161.06,0.0,11.66,2.0,Subvertical,3046056.35,2817602.12,7.5,2019-07-31,2021-04-26,2021.0,4.0,635.0,18859.451941097723
Loretta,Altos Juriquilla,110.4,185.1,74.7,0.0,2.0,Horizontal,2480183.73,2480183.73,0.0,2020-11-13,2021-04-22,2021.0,4.0,160.0,22465.43233695652
Loretta,Altos Juriquilla,138.8,193.5,54.7,0.0,2.0,Horizontal,2812364.16,2820864.16,0.0,2020-11-13,2021-04-18,2021.0,4.0,156.0,20323.228818443804
Alegra Towers,Juriquilla Santa Fe,172.4,189.3,0.0,16.9,2.0,Vertical,4699750.0,4464762.5,5.0,2016-06-29,2021-04-19,2021.0,4.0,1755.0,25897.694315545243
Van Gogh,Zibatá,175.2,192.7,17.5,0.0,2.0,Horizontal,2815110.24,2716581.38,3.5,2019-09-06,2021-04-30,2021.0,4.0,602.0,15505.601484018265
Alegra Towers,Juriquilla Santa Fe,133.4,145.29,0.0,11.89,2.0,Vertical,4724009.0,4724009.0,0.0,2018-08-29,2021-04-21,2021.0,4.0,966.0,35412.36131934033
Dos Motivos,Zakia,146.7,214.7,0.0,68.0,2.0,Horizontal,2453514.58,2485914.58,0.0,2019-10-22,2021-04-20,2021.0,4.0,546.0,16945.56632583504
Serena,Altos Juriquilla,221.6,239.7,18.1,0.0,2.0,Horizontal,4089146.13,3966471.75,3.0,2020-04-17,2021-05-06,2021.0,5.0,384.0,17899.240749097473
Van Gogh,Zibatá,151.1,173.5,22.4,0.0,2.0,Horizontal,2950805.5,2950805.5,0.0,2019-09-06,2021-04-29,2021.0,4.0,601.0,19528.82528127068
Loretta,Altos Juriquilla,136.1,194.1,0.0,58.0,2.0,Horizontal,2549984.7,2549984.7,0.0,2020-11-13,2021-05-05,2021.0,5.0,173.0,18736.11094783248
Amara Grand,Altos Juriquilla,205.1,255.0,49.9,0.0,2.0,Horizontal,3700365.08,3644859.6,1.5,2018-07-09,2021-04-20,2021.0,4.0,1016.0,17771.134080936128
Van Gogh,Zibatá,175.2,264.3,89.1,0.0,2.0,Horizontal,2907860.99,2864243.08,1.5,2019-09-06,2021-06-12,2021.0,6.0,645.0,16348.419406392695
Serena,Altos Juriquilla,180.0,210.7,30.7,0.0,2.0,Horizontal,3382501.05,3355441.04,0.8,2020-04-17,2021-05-08,2021.0,5.0,386.0,18641.339111111112
Armonía,Zakia,165.3,187.2,21.9,0.0,2.0,Horizontal,2866706.96,2900106.96,0.0,2019-01-17,2021-04-30,2021.0,4.0,834.0,17544.50671506352
Loretta,Altos Juriquilla,110.4,185.1,74.7,0.0,2.0,Horizontal,2480183.73,2442980.97,0.0,2020-11-13,2021-04-30,2021.0,4.0,168.0,22128.45081521739
Dos Motivos,Zakia,138.8,208.3,69.5,0.0,2.0,Horizontal,2809174.14,2834674.14,0.0,2019-10-22,2021-04-30,2021.0,4.0,556.0,20422.724351585013
Van Gogh,Zibatá,193.7,233.1,39.4,0.0,2.0,Horizontal,3170775.06,3164879.63,0.7,2019-09-06,2021-04-30,2021.0,4.0,602.0,16339.079143004647
Serena,Altos Juriquilla,180.0,202.6,22.6,0.0,2.0,Horizontal,3350013.27,3350013.27,0.0,2020-04-17,2021-04-30,2021.0,4.0,378.0,18611.184833333333
Paseo Monet,Zibatá,205.8,243.9,38.1,0.0,2.0,Horizontal,3399431.31,3382434.15,0.5,2017-06-02,2021-05-08,2021.0,5.0,1436.0,16435.540087463556
Dos Motivos,Zakia,115.2,210.0,94.8,0.0,2.0,Horizontal,2527697.65,2581197.65,0.0,2019-10-22,2021-05-05,2021.0,5.0,561.0,22406.22960069444
Loretta,Altos Juriquilla,110.4,185.1,74.7,0.0,2.0,Horizontal,2480183.73,2496183.73,0.0,2020-11-13,2021-05-05,2021.0,5.0,173.0,22610.359873188405
El Motivo,Zakia,148.7,196.7,0.0,48.0,2.0,Horizontal,2442490.98,2442490.98,0.0,2017-08-01,2021-04-30,2021.0,4.0,1368.0,16425.62864828514
Van Gogh,Zibatá,175.2,201.4,26.2,0.0,2.0,Horizontal,2930000.0,2930000.0,0.0,2019-09-06,2021-05-14,2021.0,5.0,616.0,16723.744292237443
Loretta,Altos Juriquilla,138.8,193.5,54.7,0.0,2.0,Horizontal,2812364.16,2778678.7,1.5,2020-11-13,2021-05-08,2021.0,5.0,176.0,20019.298991354466
Armonía,Zakia,151.1,170.8,19.7,0.0,2.0,Horizontal,2672472.42,2672472.42,0.0,2019-01-17,2021-05-07,2021.0,5.0,841.0,17686.77974851092
Amara Grand,Altos Juriquilla,238.8,301.9,63.1,0.0,2.0,Horizontal,4250408.22,4250408.22,0.0,2018-07-09,2021-04-30,2021.0,4.0,1026.0,17799.029396984923
Loretta,Altos Juriquilla,146.7,214.7,0.0,68.0,2.0,Horizontal,2572153.79,2598653.79,0.0,2020-11-13,2021-05-15,2021.0,5.0,183.0,17714.06809815951
Dos Motivos,Zakia,158.0,208.9,50.9,0.0,2.0,Horizontal,2813814.48,2813814.48,0.0,2019-10-22,2021-05-08,2021.0,5.0,564.0,17808.95240506329
Paseo Miró B,Zibatá,149.4,161.06,0.0,11.66,2.0,Subvertical,3026056.35,2814232.41,7.0,2019-07-31,2021-04-30,2021.0,4.0,639.0,18836.896987951808
Dos Motivos,Zakia,148.7,194.7,0.0,46.0,2.0,Horizontal,2324983.45,2324983.45,0.0,2019-10-22,2021-05-07,2021.0,5.0,563.0,15635.396435776735
Dos Motivos,Zakia,115.2,260.4,145.2,0.0,2.0,Horizontal,2607080.95,2607080.95,0.0,2019-10-22,2021-05-08,2021.0,5.0,564.0,22630.91102430556
Dos Motivos,Zakia,110.5,172.7,62.2,0.0,2.0,Horizontal,2340817.67,2305705.4,1.5,2019-10-22,2021-05-10,2021.0,5.0,566.0,20866.112217194568
Dos Motivos,Zakia,115.2,205.8,90.6,0.0,2.0,Horizontal,2523067.13,2531567.13,0.0,2019-10-22,2021-05-07,2021.0,5.0,563.0,21975.409114583334
Dos Motivos,Zakia,146.7,214.7,0.0,68.0,2.0,Horizontal,2478049.73,2478049.73,0.0,2019-10-22,2021-05-05,2021.0,5.0,561.0,16891.95453306067
Loretta,Altos Juriquilla,148.6,194.6,0.0,46.0,2.0,Horizontal,2556050.18,2550209.43,1.5,2020-11-13,2021-05-08,2021.0,5.0,176.0,17161.570861372813
Loretta,Altos Juriquilla,138.8,193.5,54.7,0.0,2.0,Horizontal,2812364.16,2764616.88,2.0,2020-11-13,2021-05-17,2021.0,5.0,185.0,19917.989048991352
Dos Motivos,Zakia,138.8,208.3,69.5,0.0,2.0,Horizontal,2809174.14,2834674.14,0.0,2019-10-22,2021-05-15,2021.0,5.0,571.0,20422.724351585013
Van Gogh,Zibatá,222.0,263.1,41.1,0.0,2.0,Horizontal,3802787.7,3802787.7,0.0,2019-09-06,2021-05-20,2021.0,5.0,622.0,17129.674324324325
Dos Motivos,Zakia,136.1,194.1,0.0,58.0,2.0,Horizontal,2348635.7,2348635.7,0.0,2019-10-22,2021-05-22,2021.0,5.0,578.0,17256.69140337987
Armonía,Zakia,151.1,170.8,19.7,0.0,2.0,Horizontal,2672472.42,2605660.61,2.5,2019-01-17,2021-05-28,2021.0,5.0,862.0,17244.610258107212
Van Gogh,Zibatá,154.4,170.0,15.6,0.0,2.0,Horizontal,2678651.05,2678651.05,0.0,2019-09-06,2021-05-21,2021.0,5.0,623.0,17348.776230569947
Paseo Monet,Zibatá,205.8,242.1,36.3,0.0,2.0,Horizontal,3403221.86,3369189.64,1.0,2017-06-02,2021-06-04,2021.0,6.0,1463.0,16371.183867832848
Loretta,Altos Juriquilla,138.8,193.5,54.7,0.0,2.0,Horizontal,2812364.16,2838364.16,0.0,2020-11-13,2021-05-21,2021.0,5.0,189.0,20449.309510086456
El Recuerdo,nan,181.7,217.1,35.4,0.0,0.0,Horizontal,2200000.0,2200000.0,0.0,2014-04-11,2021-05-14,2021.0,5.0,2590.0,12107.870115575124
Paseo Miró C,Zibatá,142.5,158.3,15.8,0.0,2.0,Horizontal,2544809.38,2544809.38,0.0,2018-04-24,2021-05-28,2021.0,5.0,1130.0,17858.31143859649
Amara Grand,Altos Juriquilla,190.7,241.7,51.0,0.0,2.0,Horizontal,4061698.52,4061698.52,0.0,2018-07-09,2021-05-20,2021.0,5.0,1046.0,21298.891033036183
Van Gogh,Zibatá,193.7,233.1,39.4,0.0,2.0,Horizontal,3234190.56,3283990.56,0.0,2019-09-06,2021-05-28,2021.0,5.0,630.0,16954.003923593187
Amara Grand,Altos Juriquilla,205.1,255.0,49.9,0.0,2.0,Horizontal,3711118.45,3711118.45,0.0,2018-07-09,2021-05-29,2021.0,5.0,1055.0,18094.190394929305
Paseo Miró C,Zibatá,128.7,144.5,15.8,0.0,2.0,Horizontal,2388554.28,2388554.28,0.0,2018-04-24,2021-05-31,2021.0,5.0,1133.0,18559.085314685315
Amara Grand,Altos Juriquilla,207.2,239.1,31.9,0.0,2.0,Horizontal,3658718.91,3475782.96,5.0,2018-07-09,2021-05-21,2021.0,5.0,1047.0,16775.014285714286
Loretta,Altos Juriquilla,146.7,214.7,0.0,68.0,2.0,Horizontal,2901271.04,2901271.04,0.0,2020-11-13,2021-05-28,2021.0,5.0,196.0,19776.898704839812
Loretta,Altos Juriquilla,146.7,214.7,0.0,68.0,2.0,Horizontal,2552138.49,2552138.49,0.0,2020-11-13,2021-05-31,2021.0,5.0,199.0,17396.99038854806
Dos Motivos,Zakia,115.2,203.8,88.6,0.0,2.0,Horizontal,2497161.84,2497161.84,0.0,2019-10-22,2021-05-28,2021.0,5.0,584.0,21676.752083333333
Paseo Monet,Zibatá,205.8,243.9,38.1,0.0,2.0,Horizontal,3775524.97,3775524.97,0.0,2017-06-02,2021-05-20,2021.0,5.0,1448.0,18345.60238095238
Amara Grand,Altos Juriquilla,205.1,255.0,49.9,0.0,2.0,Horizontal,3748229.63,3725947.33,1.0,2018-07-09,2021-05-31,2021.0,5.0,1057.0,18166.491126279863
Serena,Altos Juriquilla,121.5,159.3,37.8,0.0,2.0,Horizontal,2637205.5,2644295.5,0.0,2020-04-17,2021-05-29,2021.0,5.0,407.0,21763.748971193414
Serena,Altos Juriquilla,165.4,197.7,32.3,0.0,2.0,Horizontal,3223400.34,3265700.34,0.0,2020-04-17,2021-05-31,2021.0,5.0,409.0,19744.258403869408
Serena,Altos Juriquilla,180.0,209.8,29.8,0.0,2.0,Horizontal,3380659.81,3380659.81,0.0,2020-04-17,2021-05-31,2021.0,5.0,409.0,18781.44338888889
Dos Motivos,Zakia,146.7,214.7,0.0,68.0,2.0,Horizontal,2487852.2,2450534.42,1.5,2019-10-22,2021-05-28,2021.0,5.0,584.0,16704.392774369462
Amara Grand,Altos Juriquilla,205.1,255.0,49.9,0.0,2.0,Horizontal,3748229.63,3669723.89,2.5,2018-07-09,2021-05-31,2021.0,5.0,1057.0,17892.364163822527
Amara Grand,Altos Juriquilla,179.5,217.2,37.7,0.0,2.0,Horizontal,3473824.19,3439085.95,1.0,2018-07-09,2021-05-31,2021.0,5.0,1057.0,19159.253203342618
Paseo Monet,Zibatá,151.2,185.3,34.1,0.0,2.0,Horizontal,2996470.5,3043870.5,0.0,2017-06-02,2021-06-12,2021.0,6.0,1471.0,20131.418650793654
Dos Motivos,Zakia,146.7,237.7,91.0,0.0,2.0,Horizontal,2683448.99,2708948.99,0.0,2019-10-22,2021-05-30,2021.0,5.0,586.0,18465.909952283575
El Capricho,"Cascatta II, Lomas de Angelópolis",215.2,237.7,22.5,0.0,0.0,Horizontal,3870011.0,3870011.0,0.0,2019-07-16,2021-05-26,2021.0,5.0,680.0,17983.32249070632
Armonía,Zakia,121.5,150.5,29.0,0.0,2.0,Horizontal,2289404.16,2259613.1,1.5,2019-01-17,2021-06-07,2021.0,6.0,872.0,18597.638683127574
Amara Grand,Altos Juriquilla,190.7,227.8,37.1,0.0,2.0,Horizontal,3687118.09,3687118.09,0.0,2018-07-09,2021-06-07,2021.0,6.0,1064.0,19334.651756685893
Amara Grand,Altos Juriquilla,179.5,206.8,27.3,0.0,2.0,Horizontal,3378297.21,3378297.21,0.0,2018-07-09,2021-06-07,2021.0,6.0,1064.0,18820.597270194987
Alegra Towers,Juriquilla Santa Fe,173.7,190.34,0.0,16.64,2.0,Vertical,4665958.0,4549309.05,2.5,2018-08-29,2021-05-31,2021.0,5.0,1006.0,26190.610535405875
El Capricho,"Cascatta II, Lomas de Angelópolis",233.6,246.5,12.9,0.0,2.0,Horizontal,3695590.0,3523904.6,6.0,2019-07-16,2021-06-02,2021.0,6.0,687.0,15085.208047945207
Serena,Altos Juriquilla,121.5,152.6,31.1,0.0,2.0,Horizontal,2623916.15,2644416.15,0.0,2020-04-17,2021-06-08,2021.0,6.0,417.0,21764.74197530864
Dos Motivos,Zakia,154.4,206.7,52.3,0.0,2.0,Horizontal,2678875.59,2678875.59,0.0,2019-10-22,2021-05-31,2021.0,5.0,587.0,17350.230505181346
Van Gogh,Zibatá,193.7,232.2,38.5,0.0,2.0,Horizontal,3200104.67,3152103.1,1.5,2019-09-06,2021-06-11,2021.0,6.0,644.0,16273.118740320084
Van Gogh,Zibatá,222.0,273.3,51.3,0.0,2.0,Horizontal,3888043.7,3888043.7,0.0,2019-09-06,2021-06-18,2021.0,6.0,651.0,17513.71036036036
Alegra Towers,Juriquilla Santa Fe,172.4,189.3,0.0,16.9,2.0,Vertical,4649750.0,4324267.5,7.0,2016-06-29,2021-06-03,2021.0,6.0,1800.0,25082.75812064965
Van Gogh,Zibatá,193.7,233.1,39.4,0.0,2.0,Horizontal,3234190.56,3234190.56,0.0,2019-09-06,2021-06-12,2021.0,6.0,645.0,16696.905317501292
Paseo Miró C,Zibatá,128.7,144.5,15.8,0.0,2.0,Horizontal,2388554.28,2388554.28,0.0,2018-04-24,2021-06-05,2021.0,6.0,1138.0,18559.085314685315
Paseo Miró C,Zibatá,128.7,144.5,15.8,0.0,2.0,Horizontal,2388554.28,2388554.28,0.0,2018-04-24,2021-06-05,2021.0,6.0,1138.0,18559.085314685315
Loretta,Altos Juriquilla,146.7,214.7,0.0,68.0,2.0,Horizontal,2572153.79,2572153.79,0.0,2020-11-13,2021-06-24,2021.0,6.0,223.0,17533.427334696662
Alegra Towers,Juriquilla Santa Fe,97.6,106.06,0.0,8.46,1.0,Vertical,2958448.02,2884486.82,2.5,2017-04-27,2021-06-14,2021.0,6.0,1509.0,29554.16823770492
Van Gogh,Zibatá,151.1,173.5,22.4,0.0,2.0,Horizontal,2965559.53,2965559.53,0.0,2019-09-06,2021-06-15,2021.0,6.0,648.0,19626.46942422237
Paseo Monet,Zibatá,192.5,248.5,56.0,0.0,2.0,Horizontal,3410960.76,3393905.96,0.5,2017-06-02,2021-06-12,2021.0,6.0,1471.0,17630.680311688313
Paseo Miró B,Zibatá,198.6,245.46,0.0,46.86,2.0,Subvertical,3935504.73,3598314.91,12.32,2019-11-20,2021-06-17,2021.0,6.0,575.0,18118.403373615307
Van Gogh,Zibatá,193.7,233.1,39.4,0.0,2.0,Horizontal,3282703.42,3303253.42,0.0,2019-09-06,2021-06-20,2021.0,6.0,653.0,17053.450800206505
Dos Motivos,Zakia,146.7,201.6,54.9,0.0,2.0,Horizontal,2578882.75,2578882.75,0.0,2019-10-22,2021-06-23,2021.0,6.0,610.0,17579.296182685754
Paseo Miró C,Zibatá,128.7,144.5,15.8,0.0,2.0,Horizontal,2388554.28,2388554.28,0.0,2018-04-24,2021-06-22,2021.0,6.0,1155.0,18559.085314685315
Dos Motivos,Zakia,146.7,201.5,54.8,0.0,2.0,Horizontal,2578882.75,2578882.75,0.0,2019-10-22,2021-06-18,2021.0,6.0,605.0,17579.296182685754
Loretta,Altos Juriquilla,148.6,194.6,0.0,46.0,2.0,Horizontal,2536160.19,2568260.19,0.0,2020-11-13,2021-06-25,2021.0,6.0,224.0,17283.043001345894
Paseo Miró B,Zibatá,149.4,213.66,52.6,11.66,2.0,Subvertical,3397580.77,3363604.96,1.0,2019-11-20,2021-06-26,2021.0,6.0,584.0,22514.089424364123
Van Gogh,Zibatá,205.8,230.2,24.4,0.0,2.0,Horizontal,3632806.85,3632806.85,0.0,2019-09-06,2021-06-23,2021.0,6.0,656.0,17652.122691933917
Dos Motivos,Zakia,136.1,194.1,0.0,58.0,2.0,Horizontal,2348635.7,2336892.52,0.5,2019-10-22,2021-06-19,2021.0,6.0,606.0,17170.40793534166
Loretta,Altos Juriquilla,138.8,219.2,80.4,0.0,2.0,Horizontal,3063084.02,3063084.02,0.0,2020-11-13,2021-06-23,2021.0,6.0,222.0,22068.328674351582
Serena,Altos Juriquilla,165.4,202.6,37.2,0.0,2.0,Horizontal,3286217.17,3202220.65,3.0,2020-04-17,2021-06-21,2021.0,6.0,430.0,19360.463422007255
Paseo Monet,Zibatá,151.2,185.3,34.1,0.0,2.0,Horizontal,2996470.5,2996470.5,0.0,2017-06-02,2021-06-20,2021.0,6.0,1479.0,19817.92658730159
Armonía,Zakia,165.3,194.8,29.5,0.0,2.0,Horizontal,2880898.58,2880898.58,0.0,2019-01-17,2021-06-24,2021.0,6.0,889.0,17428.303569267995
Loretta,Altos Juriquilla,138.8,176.5,37.7,0.0,2.0,Horizontal,2779454.5,2779454.5,0.0,2020-11-13,2021-06-29,2021.0,6.0,228.0,20024.888328530258
Loretta,Altos Juriquilla,146.7,214.7,0.0,68.0,2.0,Horizontal,2582334.24,2582334.24,0.0,2020-11-13,2021-06-29,2021.0,6.0,228.0,17602.823721881392
Van Gogh,Zibatá,193.7,244.1,50.4,0.0,2.0,Horizontal,3334256.46,3352656.46,0.0,2019-09-06,2021-07-20,2021.0,7.0,683.0,17308.500051626226
Dos Motivos,Zakia,148.7,194.7,0.0,46.0,2.0,Horizontal,2452490.38,2487490.38,0.0,2019-10-22,,,,,16728.24734364492
Serena,Altos Juriquilla,215.0,281.1,66.1,0.0,2.0,Horizontal,4070911.02,4070911.02,0.0,2020-04-17,2021-06-30,2021.0,6.0,439.0,18934.469860465117
Serena,Altos Juriquilla,151.3,184.8,33.5,0.0,2.0,Horizontal,3353605.36,3286533.25,2.0,2020-04-17,2021-07-03,2021.0,7.0,442.0,21721.964639788497
Van Gogh,Zibatá,179.5,224.5,45.0,0.0,2.0,Horizontal,3266470.78,3217473.72,1.5,2019-09-06,2021-07-18,2021.0,7.0,681.0,17924.64467966574
Alegra Towers,Juriquilla Santa Fe,173.7,190.34,0.0,16.64,2.0,Vertical,4715647.37,4527021.48,4.0,2018-08-29,2021-06-30,2021.0,6.0,1036.0,26062.299827288432
Van Gogh,Zibatá,151.1,173.5,22.4,0.0,2.0,Horizontal,2965559.53,2977859.53,0.0,2019-09-06,2021-07-24,2021.0,7.0,687.0,19707.872468563863
Loretta,Altos Juriquilla,115.2,193.0,77.8,0.0,2.0,Horizontal,2701434.02,2701434.02,0.0,2020-11-13,2021-07-04,2021.0,7.0,233.0,23449.948090277776
Loretta,Altos Juriquilla,136.1,194.1,0.0,58.0,2.0,Horizontal,2508714.04,2496170.47,0.5,2020-11-13,2021-07-04,2021.0,7.0,233.0,18340.708817046292
Dos Motivos,Zakia,115.2,185.0,69.8,0.0,2.0,Horizontal,2445720.89,2384577.87,2.5,2019-10-22,2021-07-19,2021.0,7.0,636.0,20699.460677083334
Paseo Monet,Zibatá,205.8,243.9,38.1,0.0,2.0,Horizontal,3701495.07,3701495.07,0.0,2017-06-02,2021-07-10,2021.0,7.0,1499.0,17985.88469387755
Paseo Miró B,Zibatá,149.4,161.06,0.0,11.66,2.0,Subvertical,3145498.6,2988223.67,5.0,2019-11-20,2021-06-30,2021.0,6.0,588.0,20001.497121820616
Alegra Towers,Juriquilla Santa Fe,133.5,145.46,0.0,11.96,0.0,Vertical,4718052.0,4718052.0,0.0,2017-04-27,2021-07-01,2021.0,7.0,1526.0,35341.213483146064
Van Gogh,Zibatá,179.5,217.3,37.8,0.0,2.0,Horizontal,3241034.74,3241034.74,0.0,2019-09-06,2021-07-21,2021.0,7.0,684.0,18055.903844011144
Loretta,Altos Juriquilla,110.4,169.3,58.9,0.0,2.0,Horizontal,2474115.41,2445503.68,1.5,2020-11-13,2021-07-11,2021.0,7.0,240.0,22151.30144927536
Amara Grand,Altos Juriquilla,179.5,216.4,36.9,0.0,2.0,Horizontal,3456711.76,3456711.76,0.0,2018-07-09,2021-07-17,2021.0,7.0,1104.0,19257.44713091922
Dos Motivos,Zakia,115.2,210.0,94.8,0.0,2.0,Horizontal,2527697.65,2581197.65,0.0,2019-10-22,2021-07-11,2021.0,7.0,628.0,22406.22960069444
Dos Motivos,Zakia,110.5,196.4,85.9,0.0,2.0,Horizontal,2405625.11,2405625.11,0.0,2019-10-22,2021-07-15,2021.0,7.0,632.0,21770.362986425338
Loretta,Altos Juriquilla,148.6,194.6,0.0,46.0,2.0,Horizontal,2566230.63,2574730.63,0.0,2020-11-13,2021-07-15,2021.0,7.0,244.0,17326.585666218034
Armonía,Zakia,165.3,187.0,21.7,0.0,2.0,Horizontal,2866706.96,2866706.96,0.0,2019-01-17,2021-07-18,2021.0,7.0,913.0,17342.44984875983
Loretta,Altos Juriquilla,115.2,176.9,61.7,0.0,2.0,Horizontal,2669918.08,2669918.08,0.0,2020-11-13,2021-07-17,2021.0,7.0,246.0,23176.372222222224
Serena,Altos Juriquilla,121.5,180.3,58.8,0.0,2.0,Horizontal,2756630.71,2756630.71,0.0,2020-04-17,2021-07-16,2021.0,7.0,455.0,22688.318600823044
Paseo Miró B,Zibatá,148.1,159.76,0.0,11.66,2.0,Subvertical,3010716.43,2799966.28,7.0,2019-07-31,2021-07-12,2021.0,7.0,712.0,18905.916812964213
Dos Motivos,Zakia,110.5,198.9,88.4,0.0,2.0,Horizontal,2409517.67,2409517.67,0.0,2019-10-22,2021-07-21,2021.0,7.0,638.0,21805.589773755655
Armonía,Zakia,151.1,168.9,17.8,0.0,2.0,Horizontal,2639581.53,2613185.71,1.0,2019-01-17,2021-07-29,2021.0,7.0,924.0,17294.412375909993
Serena,Altos Juriquilla,180.0,212.4,32.4,0.0,2.0,Horizontal,3484758.89,3449911.3,1.0,2020-04-17,2021-07-17,2021.0,7.0,456.0,19166.173888888887
Van Gogh,Zibatá,222.0,263.1,41.1,0.0,2.0,Horizontal,3772811.63,3772811.63,0.0,2019-09-06,2021-07-15,2021.0,7.0,678.0,16994.646981981983
Dos Motivos,Zakia,110.5,195.6,85.1,0.0,2.0,Horizontal,2404415.13,2412915.13,0.0,2019-10-22,2021-07-17,2021.0,7.0,634.0,21836.336018099548
Serena,Altos Juriquilla,165.4,194.0,28.6,0.0,2.0,Horizontal,3368100.19,3368100.19,0.0,2020-04-17,2021-07-26,2021.0,7.0,465.0,20363.36269649335
Amara Grand,Altos Juriquilla,207.2,240.1,32.9,0.0,2.0,Horizontal,3659818.61,3609818.61,0.0,2018-07-09,2021-07-22,2021.0,7.0,1109.0,17421.90448841699
Loretta,Altos Juriquilla,138.8,176.5,37.7,0.0,3.0,Horizontal,2812364.0,2778678.54,1.5,2020-11-13,2021-07-26,2021.0,7.0,255.0,20019.297838616712
Sophia Distrito,Jurica,215.8,259.5,43.7,0.0,2.0,Horizontal,5292612.07,5287222.89,1.5,2021-09-25,2023-03-31,2023.0,3.0,552.0,24500.569462465242
Alondra,Altos Juriquilla,180.6,253.0,72.4,0.0,2.0,Horizontal,4431882.24,4431882.24,0.0,2022-02-17,2023-04-01,2023.0,4.0,408.0,24539.76877076412
Gran Motivo,Zarú,115.2,191.6,76.4,0.0,2.0,Horizontal,3015318.69,3051318.69,0.0,2022-08-03,2023-04-17,2023.0,4.0,257.0,26487.141406249997
Alegra Towers,Juriquilla Santa Fe,97.5,105.9,0.0,8.4,2.0,Vertical,3250538.55,3055506.24,6.0,2016-07-04,2023-03-31,2023.0,3.0,2461.0,31338.52553846154
Gran Motivo,Zarú,138.8,210.6,71.8,0.0,2.0,Horizontal,3342823.76,3192396.69,4.5,2022-08-03,2023-04-04,2023.0,4.0,244.0,22999.97615273775
Alondra,Altos Juriquilla,158.0,178.2,20.2,0.0,2.0,Horizontal,3688457.0,3688457.0,0.0,2022-02-17,2023-03-31,2023.0,3.0,407.0,23344.664556962027
Gran Motivo,Zarú,146.7,162.4,15.7,0.0,2.0,Horizontal,3265324.0,3174384.42,4.5,2022-08-03,2023-04-04,2023.0,4.0,244.0,21638.61226993865
Gran Motivo,Zarú,148.6,148.6,0.0,0.0,2.0,Horizontal,3168827.45,3180827.45,0.0,2022-08-03,2023-06-30,2023.0,6.0,331.0,21405.29912516824
Emma,Cumbres del Lago,148.6,192.29,0.0,43.69,2.0,Horizontal,3459130.74,3471630.74,0.0,2022-12-08,2023-06-30,2023.0,6.0,204.0,23362.252624495293
Emma,Cumbres del Lago,148.6,192.29,0.0,43.69,2.0,Horizontal,3459130.74,3471630.74,0.0,2022-12-08,2023-08-10,2023.0,8.0,245.0,23362.252624495293
Melodía,Nuevo Refugio,165.3,187.6,22.3,0.0,2.0,Horizontal,3727672.4,3709034.04,0.5,2023-03-15,2023-09-30,2023.0,9.0,199.0,22438.197459165152
Nazca Munay,Zibatá II,146.7,230.8,16.1,68.0,2.0,Horizontal,3579425.86,3591425.86,0.0,2022-03-17,2023-04-15,2023.0,4.0,394.0,24481.430538513974
Nazca Nea,Zibatá II,174.0,202.4,28.4,0.0,2.0,Horizontal,3863937.15,3805978.09,1.5,2022-03-17,2023-04-28,2023.0,4.0,407.0,21873.437298850575
Sophia Distrito,Jurica,250.3,296.6,46.3,0.0,2.0,Horizontal,6399490.2,6354693.77,0.7,2021-09-25,2023-04-26,2023.0,4.0,578.0,25388.309109069112
Nazca Nea,Zibatá II,174.0,202.4,28.4,0.0,2.0,Horizontal,3803793.07,3659641.35,4.0,2022-03-17,2023-04-17,2023.0,4.0,396.0,21032.42155172414
Gran Motivo,Zarú,110.4,181.6,71.2,0.0,2.0,Horizontal,3094460.48,3106460.48,0.0,2022-08-03,2023-04-17,2023.0,4.0,257.0,28138.228985507245
Nazca Nea,Zibatá II,205.8,237.2,31.4,0.0,2.0,Horizontal,4220855.54,4220855.54,0.0,2022-03-17,2023-04-28,2023.0,4.0,407.0,20509.502137998057
Alondra,Altos Juriquilla,158.0,178.2,20.2,0.0,2.0,Horizontal,3688457.0,3688457.0,0.0,2022-02-17,2023-04-18,2023.0,4.0,425.0,23344.664556962027
Emma,Cumbres del Lago,146.7,210.03,0.0,63.33,2.0,Horizontal,3470810.33,3467656.28,0.5,2022-12-08,2023-04-15,2023.0,4.0,128.0,23637.738786639402
Nazca Lofts & Apartments,Zibatá II,148.1,200.4,52.3,0.0,2.0,Subvertical,3974693.08,3750591.1,7.5,2022-05-24,2023-11-01,2023.0,11.0,526.0,25324.720459149226
Sinfonía,Rancho Cerro Prieto,138.8,192.3,53.5,0.0,2.0,Horizontal,3455404.05,3463404.05,0.0,2021-11-10,2023-04-18,2023.0,4.0,524.0,24952.47874639769
Alegra Towers,Juriquilla Santa Fe,133.4,145.29,0.0,11.89,2.0,Vertical,4524538.47,4501915.78,0.5,2018-08-29,2023-04-14,2023.0,4.0,1689.0,33747.49460269865
Alegra Towers,Juriquilla Santa Fe,97.6,106.06,0.0,8.46,2.0,Vertical,3279588.15,3279588.15,0.0,2017-04-27,2023-04-15,2023.0,4.0,2179.0,33602.33760245902
Nazca Munay,Zibatá II,146.7,214.7,0.0,68.0,2.0,Horizontal,3504426.0,3451859.61,1.5,2022-03-17,2023-04-24,2023.0,4.0,403.0,23530.058691206545
Alegra Towers,Juriquilla Santa Fe,97.6,106.06,0.0,8.46,2.0,Vertical,3356853.15,3155441.96,6.0,2017-04-27,2023-04-30,2023.0,4.0,2194.0,32330.347950819672
Sophia Distrito,Jurica,219.5,266.5,47.0,0.0,2.0,Horizontal,5242299.71,5163665.21,1.5,2021-09-25,2023-04-27,2023.0,4.0,579.0,23524.670660592255
Emma,Cumbres del Lago,115.2,215.1,99.9,0.0,2.0,Horizontal,3733622.07,3798117.74,1.5,2022-12-08,2023-07-15,2023.0,7.0,219.0,32969.772048611114
Alegra Towers,Juriquilla Santa Fe,97.6,106.0,0.0,8.4,2.0,Vertical,3250538.55,3039253.54,6.5,2016-07-04,2023-04-28,2023.0,4.0,2489.0,31139.892827868855
Emma,Cumbres del Lago,115.2,204.7,89.5,0.0,2.0,Horizontal,3697391.79,3778891.79,0.0,2022-12-08,2023-04-20,2023.0,4.0,133.0,32802.88012152778
Alondra,Altos Juriquilla,134.1,157.7,23.6,0.0,2.0,Horizontal,3469959.35,3469959.35,0.0,2022-02-17,2023-04-24,2023.0,4.0,431.0,25875.908650261
Alondra,Altos Juriquilla,123.1,189.2,66.1,0.0,2.0,Horizontal,3464085.05,3464085.05,0.0,2022-02-17,2023-04-24,2023.0,4.0,431.0,28140.414703493094
Sophia Distrito,Jurica,135.0,145.31,0.0,10.31,2.0,Subvertical,3868129.32,3815766.73,2.0,2021-09-25,2024-02-06,2024.0,2.0,864.0,28264.93874074074
Sophia Distrito,Jurica,165.3,175.65,0.0,10.35,2.0,Subvertical,4720342.01,4648935.17,2.0,2021-09-25,2023-12-20,2023.0,12.0,816.0,28124.229703569265
Gran Motivo,Zarú,115.2,232.0,116.8,0.0,2.0,Horizontal,3324537.84,3336537.84,0.0,2022-08-03,2023-05-06,2023.0,5.0,276.0,28963.002083333333
Sinfonía,Rancho Cerro Prieto,151.3,181.7,30.4,0.0,2.0,Horizontal,3429832.25,3481232.25,0.0,2021-11-10,2023-05-24,2023.0,5.0,560.0,23008.805353602114
Sophia Distrito,Jurica,165.3,175.65,0.0,10.35,2.0,Subvertical,4704643.88,4610551.0,2.0,2021-09-25,2023-10-01,2023.0,10.0,736.0,27892.020568663036
Serena,Altos Juriquilla,180.0,235.5,55.5,0.0,2.0,Horizontal,3563693.47,3528056.54,1.0,2020-04-17,2021-07-22,2021.0,7.0,461.0,19600.31411111111
Van Gogh,Zibatá,193.7,232.2,38.5,0.0,2.0,Horizontal,3200104.67,3200104.67,0.0,2019-09-06,2021-07-24,2021.0,7.0,687.0,16520.932731027362
Serena,Altos Juriquilla,151.3,172.1,20.8,0.0,2.0,Horizontal,2941858.03,2883020.87,2.0,2020-04-17,2021-07-30,2021.0,7.0,469.0,19054.995836087244
Loretta,Altos Juriquilla,146.7,214.7,0.0,68.0,2.0,Horizontal,2901271.04,2857751.97,1.5,2020-11-13,2021-07-30,2021.0,7.0,259.0,19480.24519427403
Van Gogh,Zibatá,193.7,233.1,39.4,0.0,2.0,Horizontal,3282703.42,3303253.42,0.0,2019-09-06,2021-07-20,2021.0,7.0,683.0,17053.450800206505
Van Gogh,Zibatá,193.7,233.1,39.4,0.0,2.0,Horizontal,3234190.56,3153335.8,2.5,2019-09-06,2021-07-29,2021.0,7.0,692.0,16279.482705214248
Dos Motivos,Zakia,146.7,192.0,45.3,0.0,2.0,Horizontal,2578882.75,2514410.68,2.5,2019-10-22,2021-07-26,2021.0,7.0,643.0,17139.813769597822
Amara Grand,Altos Juriquilla,179.5,207.8,28.3,0.0,2.0,Horizontal,2951910.0,2951910.0,0.0,2018-07-09,2021-07-19,2021.0,7.0,1106.0,16445.181058495822
Amara,Altos Juriquilla,180.0,278.3,28.8,69.5,2.0,Horizontal,3471429.45,3384643.71,2.5,2017-10-26,2021-08-02,2021.0,8.0,1376.0,18803.576166666666
Amara,Altos Juriquilla,121.2,156.8,35.6,0.0,2.0,Horizontal,2693930.38,2680460.73,0.5,2017-10-26,2021-08-02,2021.0,8.0,1376.0,22116.012623762377
Serena,Altos Juriquilla,239.7,252.3,12.6,0.0,2.0,Horizontal,4260621.28,4268121.28,0.0,2020-04-17,2021-08-03,2021.0,8.0,473.0,17806.09628702545
Armonía,Zakia,151.1,170.8,19.7,0.0,2.0,Horizontal,2672472.42,2605660.61,2.5,2019-01-17,2021-07-31,2021.0,7.0,926.0,17244.610258107212
Alegra Towers,Juriquilla Santa Fe,173.6,190.24,0.0,16.64,2.0,Vertical,4855958.0,4831678.21,0.5,2018-08-29,2021-07-22,2021.0,7.0,1058.0,27832.24775345622
Van Gogh,Zibatá,205.8,230.2,24.4,0.0,2.0,Horizontal,3632806.85,3656506.85,0.0,2019-09-06,2021-07-28,2021.0,7.0,691.0,17767.283041788145
Serena,Altos Juriquilla,180.0,211.0,31.0,0.0,2.0,Horizontal,3481940.47,3487890.47,0.0,2020-04-17,2021-08-04,2021.0,8.0,474.0,19377.16927777778
Paseo Miró C,Zibatá,142.5,183.5,41.0,0.0,2.0,Horizontal,2610497.19,2618944.7,0.5,2018-04-24,2021-08-06,2021.0,8.0,1200.0,18378.559298245615
Serena,Altos Juriquilla,121.5,159.0,37.5,0.0,2.0,Horizontal,2689175.82,2693875.82,0.0,2020-04-17,2021-07-31,2021.0,7.0,470.0,22171.81744855967
Loretta,Altos Juriquilla,110.4,185.1,74.7,0.0,2.0,Horizontal,2480183.73,2480183.73,0.0,2020-11-13,2021-08-02,2021.0,8.0,262.0,22465.43233695652
Dos Motivos,Zakia,146.7,214.7,0.0,68.0,2.0,Horizontal,2471552.2,2471552.2,0.0,2019-10-22,2021-08-07,2021.0,8.0,655.0,16847.663258350378
Paseo Miró B,Zibatá,149.4,215.26,54.2,11.66,2.0,Subvertical,3051802.15,3079205.37,1.5,2019-07-31,2021-11-26,2021.0,11.0,849.0,20610.477710843374
Paseo Monet,Zibatá,151.2,185.3,34.1,0.0,2.0,Horizontal,3011452.85,2992452.85,0.0,2017-06-02,2021-07-31,2021.0,7.0,1520.0,19791.35482804233
Amara Grand,Altos Juriquilla,179.5,207.8,28.3,0.0,2.0,Horizontal,3170113.63,3170113.63,0.0,2018-07-09,2021-07-30,2021.0,7.0,1117.0,17660.800167130918
Serena,Altos Juriquilla,151.3,170.6,19.3,0.0,2.0,Horizontal,2938980.48,2938980.48,0.0,2020-04-17,2021-07-31,2021.0,7.0,470.0,19424.854461335093
Loretta,Altos Juriquilla,138.8,176.5,37.7,0.0,3.0,Horizontal,2812364.0,2820864.0,0.0,2020-11-13,2021-08-07,2021.0,8.0,267.0,20323.22766570605
Paseo Monet,Zibatá,151.2,185.3,34.1,0.0,2.0,Horizontal,3011452.85,3011452.85,0.0,2017-06-02,2021-08-09,2021.0,8.0,1529.0,19917.016203703704
Loretta,Altos Juriquilla,138.8,208.8,70.0,0.0,2.0,Horizontal,2844004.79,2844004.79,0.0,2020-11-13,2021-08-08,2021.0,8.0,268.0,20489.94805475504
Amara Grand,Altos Juriquilla,205.1,255.0,49.9,0.0,2.0,Horizontal,3250000.0,3250000.0,0.0,2018-07-09,2021-08-10,2021.0,8.0,1128.0,15845.928815212092
Paseo Miró C,Zibatá,142.5,158.3,15.8,0.0,2.0,Horizontal,2740026.8,2757526.8,0.0,2018-04-24,2021-08-31,2021.0,8.0,1225.0,19351.065263157892
Armonía,Zakia,165.3,187.0,21.7,0.0,2.0,Horizontal,2866706.96,2866706.96,0.0,2019-01-17,2021-08-14,2021.0,8.0,940.0,17342.44984875983
Loretta,Altos Juriquilla,138.8,176.5,37.7,0.0,2.0,Horizontal,2833687.76,2833687.76,0.0,2020-11-13,2021-08-18,2021.0,8.0,278.0,20415.617867435154
Van Gogh,Zibatá,151.1,173.5,22.4,0.0,2.0,Horizontal,2980387.33,2980387.33,0.0,2019-09-06,2021-08-20,2021.0,8.0,714.0,19724.601786896095
Dos Motivos,Zakia,146.7,214.7,0.0,68.0,2.0,Horizontal,2512492.15,2449679.85,2.5,2019-10-22,2021-08-22,2021.0,8.0,670.0,16698.567484662577
Amara,Altos Juriquilla,143.2,176.3,33.1,0.0,2.0,Horizontal,2979358.9,2979358.9,0.0,2017-10-26,2021-08-24,2021.0,8.0,1398.0,20805.578910614528
Dos Motivos,Zakia,148.7,194.7,0.0,46.0,2.0,Horizontal,2394375.15,2429375.15,0.0,2019-10-22,2021-08-20,2021.0,8.0,668.0,16337.425353059853
Dos Motivos,Zakia,148.7,194.7,0.0,46.0,2.0,Horizontal,2452490.38,2487490.38,0.0,2019-10-22,2021-08-15,2021.0,8.0,663.0,16728.24734364492
Loretta,Altos Juriquilla,110.4,169.3,58.9,0.0,2.0,Horizontal,2497381.5,2497381.5,0.0,2020-11-13,2021-08-21,2021.0,8.0,281.0,22621.209239130432
Dos Motivos,Zakia,136.1,194.1,0.0,58.0,2.0,Horizontal,2372008.05,2372008.05,0.0,2019-10-22,2021-08-27,2021.0,8.0,675.0,17428.420646583392
Loretta,Altos Juriquilla,115.2,176.9,61.7,0.0,2.0,Horizontal,2696484.43,2704984.43,0.0,2020-11-13,2021-08-19,2021.0,8.0,279.0,23480.76762152778
Serena,Altos Juriquilla,121.5,153.1,31.6,0.0,2.0,Horizontal,2695638.32,2614769.17,3.0,2020-04-17,2021-08-26,2021.0,8.0,496.0,21520.73390946502
Dos Motivos,Zakia,158.0,209.0,51.0,0.0,2.0,Horizontal,2835593.56,2835593.56,0.0,2019-10-22,2021-08-27,2021.0,8.0,675.0,17946.794683544304
Loretta,Altos Juriquilla,110.4,213.0,102.6,0.0,2.0,Horizontal,2509016.37,2509016.37,0.0,2020-11-13,2021-08-24,2021.0,8.0,284.0,22726.597554347827
Paseo Miró C,Zibatá,142.5,183.5,41.0,0.0,2.0,Horizontal,2610497.19,2618944.7,0.5,2018-04-24,2021-08-26,2021.0,8.0,1220.0,18378.559298245615
Paseo Monet,Zibatá,151.2,185.3,34.1,0.0,2.0,Horizontal,3011452.85,3011452.85,0.0,2017-06-02,2021-08-31,2021.0,8.0,1551.0,19917.016203703704
Van Gogh,Zibatá,151.1,173.5,22.4,0.0,2.0,Horizontal,2965559.53,2977859.53,0.0,2019-09-06,2021-09-04,2021.0,9.0,729.0,19707.872468563863
Dos Motivos,Zakia,136.1,194.1,0.0,58.0,2.0,Horizontal,2348635.7,2348635.7,0.0,2019-10-22,2021-08-30,2021.0,8.0,678.0,17256.69140337987
Paseo Miró B,Zibatá,74.2,80.04,0.0,5.84,2.0,Subvertical,2047828.6,2037589.46,0.5,2019-11-20,2021-08-29,2021.0,8.0,648.0,27460.774393530995
Serena,Altos Juriquilla,121.5,159.0,37.5,0.0,2.0,Horizontal,2689175.82,2693875.82,0.0,2020-04-17,2021-08-31,2021.0,8.0,501.0,22171.81744855967
Paseo Miró C,Zibatá,142.5,158.3,15.8,0.0,2.0,Horizontal,2544809.38,2544809.38,0.0,2018-04-24,2021-09-04,2021.0,9.0,1229.0,17858.31143859649
Serena,Altos Juriquilla,238.4,250.9,12.5,0.0,2.0,Horizontal,4154176.75,4132093.22,2.0,2020-04-17,2021-09-08,2021.0,9.0,509.0,17332.605788590605
Amara,Altos Juriquilla,165.7,206.99,28.8,12.49,2.0,Horizontal,3024865.88,2964368.56,2.0,2017-10-26,2021-08-31,2021.0,8.0,1405.0,17889.973204586604
Ambrosía,Lomas de Juriquilla,190.1,219.5,29.4,0.0,2.0,Horizontal,3010628.0,3010628.0,0.0,2017-01-09,2021-09-25,2021.0,9.0,1720.0,15837.075223566544
Alegra Towers,Juriquilla Santa Fe,173.6,190.24,0.0,16.64,2.0,Vertical,4870958.0,4985652.97,0.5,2018-08-29,2021-08-31,2021.0,8.0,1098.0,28719.1991359447
Van Gogh,Zibatá,193.7,232.2,38.5,0.0,2.0,Horizontal,3200104.67,3200104.67,0.0,2019-09-06,2021-08-30,2021.0,8.0,724.0,16520.932731027362
Amara Grand,Altos Juriquilla,190.7,227.8,37.1,0.0,2.0,Horizontal,3687118.09,3594940.14,2.5,2018-07-09,2021-09-03,2021.0,9.0,1152.0,18851.285474567387
Loretta,Altos Juriquilla,138.8,209.2,70.4,0.0,2.0,Horizontal,2936198.32,2921517.33,0.5,2020-11-13,2021-09-08,2021.0,9.0,299.0,21048.395749279538
El Capricho,"Cascatta II, Lomas de Angelópolis",233.6,246.5,12.9,0.0,0.0,Horizontal,3745590.0,3308713.3,13.0,2019-07-16,2021-09-03,2021.0,9.0,780.0,14164.012414383562
Dos Motivos,Zakia,148.7,194.7,0.0,46.0,2.0,Horizontal,2428446.35,2416304.12,0.5,2019-10-22,2021-09-13,2021.0,9.0,692.0,16249.523335574986
Dos Motivos,Zakia,136.1,194.1,0.0,58.0,2.0,Horizontal,2325498.09,2325498.09,0.0,2019-10-22,2021-09-05,2021.0,9.0,684.0,17086.686921381337
Amara Grand,Altos Juriquilla,238.8,294.3,55.5,0.0,2.0,Horizontal,4241322.12,4201708.9,1.0,2018-07-09,2021-09-25,2021.0,9.0,1174.0,17595.095896147406
Alegra Towers,Juriquilla Santa Fe,97.5,105.9,0.0,8.4,2.0,Vertical,3280250.0,3000000.0,8.54,2016-07-04,2021-08-31,2021.0,8.0,1884.0,30769.23076923077
Loretta,Altos Juriquilla,110.4,226.2,115.8,0.0,2.0,Horizontal,3066678.34,3066678.34,0.0,2020-11-13,2021-09-13,2021.0,9.0,304.0,27777.88351449275
Serena,Altos Juriquilla,180.0,211.7,31.7,0.0,2.0,Horizontal,3535580.06,3535580.06,0.0,2020-04-17,2021-09-10,2021.0,9.0,511.0,19642.111444444447
Amara,Altos Juriquilla,177.6,198.0,20.4,0.0,2.0,Horizontal,3280618.95,3280618.95,0.0,2017-10-26,2021-09-18,2021.0,9.0,1423.0,18471.9535472973
Serena,Altos Juriquilla,239.7,252.3,12.6,0.0,2.0,Horizontal,4260640.76,4260640.76,0.0,2020-04-17,2021-09-11,2021.0,9.0,512.0,17774.888443888194
Amara Grand,Altos Juriquilla,238.8,297.1,58.3,0.0,2.0,Horizontal,4262528.73,4177278.16,2.0,2018-07-09,2021-09-14,2021.0,9.0,1163.0,17492.78961474037
Loretta,Altos Juriquilla,110.4,169.3,58.9,0.0,2.0,Horizontal,2509868.41,2509868.41,0.0,2020-11-13,2021-09-09,2021.0,9.0,300.0,22734.315307971014
Dos Motivos,Zakia,148.7,194.7,0.0,46.0,2.0,Horizontal,2512477.74,2529477.74,0.0,2019-10-22,2021-09-08,2021.0,9.0,687.0,17010.61022192334
Van Gogh,Zibatá,222.0,273.3,51.3,0.0,2.0,Horizontal,3888043.7,3790842.61,2.5,2019-09-06,2021-09-13,2021.0,9.0,738.0,17075.867612612612
Serena,Altos Juriquilla,165.4,197.2,31.8,0.0,2.0,Horizontal,3275608.94,3275608.94,0.0,2020-04-17,2021-09-18,2021.0,9.0,519.0,19804.16529625151
Amara Grand,Altos Juriquilla,179.5,206.8,27.3,0.0,2.0,Horizontal,3532009.73,3496689.63,1.0,2018-07-09,2021-09-10,2021.0,9.0,1159.0,19480.165069637882
Serena,Altos Juriquilla,151.3,180.6,29.3,0.0,2.0,Horizontal,2986336.69,2993623.32,1.0,2020-04-17,2021-09-06,2021.0,9.0,507.0,19786.010046265696
Loretta,Altos Juriquilla,138.8,176.5,37.7,0.0,2.0,Horizontal,2847856.2,2833616.92,0.5,2020-11-13,2021-09-10,2021.0,9.0,301.0,20415.107492795385
Paseo Miró B,Zibatá,74.2,80.04,0.0,5.84,1.0,Subvertical,2032000.0,1981200.0,2.5,2019-07-31,2021-09-14,2021.0,9.0,776.0,26700.808625336926
Dos Motivos,Zakia,148.7,194.7,0.0,46.0,2.0,Horizontal,2428446.35,2367735.19,2.5,2019-10-22,2021-09-20,2021.0,9.0,699.0,15922.899731002019
Serena,Altos Juriquilla,180.0,235.5,55.5,0.0,2.0,Horizontal,3563693.47,3563693.47,0.0,2020-04-17,2021-09-22,2021.0,9.0,523.0,19798.29705555556
Ambrosía,Lomas de Juriquilla,220.8,250.9,30.1,0.0,2.0,Horizontal,3303000.0,3303000.0,0.0,2017-01-09,2022-04-27,2022.0,4.0,1934.0,14959.239130434782
Van Gogh,Zibatá,151.1,173.5,22.4,0.0,2.0,Horizontal,2980387.33,2980387.33,0.0,2019-09-06,2021-09-10,2021.0,9.0,735.0,19724.601786896095
Paseo Dalí,Zibatá,219.3,232.1,12.8,0.0,2.0,Horizontal,3473489.81,3334550.22,4.0,2015-08-10,2021-09-17,2021.0,9.0,2230.0,15205.427359781123
Dos Motivos,Zakia,148.7,194.7,0.0,46.0,2.0,Horizontal,2512477.74,2474790.57,1.5,2019-10-22,2021-09-15,2021.0,9.0,694.0,16642.841761936786
Paseo Miró B,Zibatá,112.2,123.93,0.0,11.73,2.0,Subvertical,2524010.92,2398000.0,4.99,2019-11-20,2021-09-10,2021.0,9.0,660.0,21372.549019607843
Paseo Miró C,Zibatá,142.5,183.5,41.0,0.0,2.0,Horizontal,2610497.19,2618944.7,0.5,2018-04-24,2021-09-14,2021.0,9.0,1239.0,18378.559298245615
Van Gogh,Zibatá,222.0,273.3,51.3,0.0,2.0,Horizontal,3888043.7,3790842.61,2.5,2019-09-06,2021-09-14,2021.0,9.0,739.0,17075.867612612612
Paseo Miró C,Zibatá,142.5,158.3,15.8,0.0,2.0,Horizontal,2544809.38,2473241.05,3.5,2018-04-24,2021-09-23,2021.0,9.0,1248.0,17356.077543859647
Paseo Monet,Zibatá,205.8,243.9,38.1,0.0,2.0,Horizontal,3701495.07,3701495.07,0.0,2017-06-02,2021-09-30,2021.0,9.0,1581.0,17985.88469387755
Loretta,Altos Juriquilla,148.6,194.6,0.0,46.0,2.0,Horizontal,2605924.33,2605924.33,0.0,2020-11-13,2021-09-24,2021.0,9.0,315.0,17536.502893674293
Paseo Miró B,Zibatá,149.4,220.36,59.3,11.66,2.0,Subvertical,3465631.93,3342618.65,4.0,2019-11-20,2021-09-29,2021.0,9.0,679.0,22373.618808567604
Serena,Altos Juriquilla,180.0,202.3,22.3,0.0,2.0,Horizontal,3465010.37,3430360.27,1.0,2020-04-17,2021-09-22,2021.0,9.0,523.0,19057.557055555557
El Capricho,"Cascatta II, Lomas de Angelópolis",215.2,237.7,22.5,0.0,0.0,Horizontal,3473390.0,3021849.3,13.0,2019-07-16,2021-09-22,2021.0,9.0,799.0,14042.050650557621
El Capricho,"Cascatta II, Lomas de Angelópolis",219.2,236.9,17.7,0.0,0.0,Horizontal,3677410.0,3125798.5,15.0,2019-07-16,2021-09-23,2021.0,9.0,800.0,14260.029653284671
El Capricho,"Cascatta II, Lomas de Angelópolis",215.2,237.7,22.5,0.0,0.0,Horizontal,3473390.0,3021849.3,13.0,2019-07-16,2021-09-27,2021.0,9.0,804.0,14042.050650557621
Dos Motivos,Zakia,146.7,201.9,55.2,0.0,2.0,Horizontal,2630353.79,2630353.79,0.0,2019-10-22,2021-09-24,2021.0,9.0,703.0,17930.15535105658
Paseo Monet,Zibatá,179.5,225.5,46.0,0.0,2.0,Horizontal,3271514.72,3271514.72,0.0,2017-06-02,2021-09-27,2021.0,9.0,1578.0,18225.708746518107
Dos Motivos,Zakia,148.7,194.7,0.0,46.0,2.0,Horizontal,2562727.29,2562727.29,0.0,2019-10-22,2021-09-24,2021.0,9.0,703.0,17234.211768661735
Paseo Miró,Zibatá,146.0,234.38,69.2,19.18,2.0,Horizontal,2845211.46,2845211.46,0.0,2017-02-07,2021-09-27,2021.0,9.0,1693.0,19487.749726027396
Paseo Monet,Zibatá,151.2,185.3,34.1,0.0,2.0,Horizontal,3011452.85,2981338.32,1.0,2017-06-02,2021-09-30,2021.0,9.0,1581.0,19717.84603174603
Ambrosía,Lomas de Juriquilla,175.4,175.4,0.0,0.0,2.0,Horizontal,2896800.0,2896800.0,0.0,2017-01-09,2021-09-24,2021.0,9.0,1719.0,16515.393386545038
El Capricho,"Cascatta II, Lomas de Angelópolis",233.6,277.7,44.1,0.0,0.0,Horizontal,3822850.0,3375929.5,13.0,2019-07-16,2021-09-30,2021.0,9.0,807.0,14451.752996575342
Amara Grand,Altos Juriquilla,207.2,241.9,34.7,0.0,2.0,Horizontal,3662018.01,3515537.29,4.0,2018-07-09,2021-09-27,2021.0,9.0,1176.0,16966.878812741314
Amara Grand,Altos Juriquilla,238.8,300.3,61.5,0.0,2.0,Horizontal,4249892.45,4079896.75,4.0,2018-07-09,2021-10-19,2021.0,10.0,1198.0,17084.994765494135
Alegra Towers,Juriquilla Santa Fe,344.0,357.03,0.0,13.03,0.0,Vertical,10483675.0,10483675.0,0.0,2017-04-27,,,,,30475.799418604653
Vista Esmeralda,Los Olvera,272.0,272.0,0.0,0.0,2.0,Horizontal,3015820.18,3015820.18,0.0,2013-01-16,2021-09-30,2021.0,9.0,3179.0,11087.57419117647
Dos Motivos,Zakia,136.1,194.1,0.0,58.0,2.0,Horizontal,2372008.05,2372008.05,0.0,2019-10-22,2021-09-30,2021.0,9.0,709.0,17428.420646583392
Armonía,Zakia,151.1,168.9,17.8,0.0,2.0,Horizontal,2599991.43,2599991.43,0.0,2019-01-17,2021-10-05,2021.0,10.0,992.0,17207.090866975515
Sophia Distrito,Jurica,135.2,145.51,0.0,10.31,2.0,Subvertical,2969025.96,2879874.66,5.0,2021-09-25,2022-07-20,2022.0,7.0,298.0,21300.84807692308
Sophia Distrito,Jurica,165.3,175.65,0.0,10.35,2.0,Subvertical,3716450.02,3540545.27,5.5,2021-09-25,2022-06-30,2022.0,6.0,278.0,21418.90665456745
Sophia Distrito,Jurica,135.0,202.5,67.5,0.0,2.0,Subvertical,3546214.97,3380673.15,5.5,2021-09-25,2022-06-20,2022.0,6.0,268.0,25042.023333333334
Sophia Distrito,Jurica,135.2,145.51,0.0,10.31,2.0,Subvertical,2910352.54,2794334.91,5.0,2021-09-25,2022-05-20,2022.0,5.0,237.0,20668.157618343197
Sophia Distrito,Jurica,135.0,145.31,0.0,10.31,2.0,Subvertical,3863342.18,3708808.49,4.0,2021-09-25,2022-06-20,2022.0,6.0,268.0,27472.655481481484
El Capricho,"Cascatta II, Lomas de Angelópolis",233.6,322.2,88.6,0.0,0.0,Horizontal,3935970.0,3424293.9,13.0,2019-07-16,2021-10-23,2021.0,10.0,830.0,14658.792380136987
Sophia Distrito,Jurica,86.2,123.9,29.0,8.7,1.0,Subvertical,2686297.93,2578983.03,5.0,2021-09-25,2021-10-27,2021.0,10.0,32.0,29918.596635730853
Dos Motivos,Zakia,148.7,194.7,0.0,46.0,2.0,Horizontal,2562727.29,2498659.11,2.5,2019-10-22,2021-10-08,2021.0,10.0,717.0,16803.35648957633
Sophia Distrito,Jurica,135.0,145.31,0.0,10.31,2.0,Subvertical,3163712.0,3005526.4,5.0,2021-09-25,2021-10-20,2021.0,10.0,25.0,22263.158518518518
Sophia Distrito,Jurica,161.6,188.78,0.0,27.18,2.0,Subvertical,3893016.59,3708400.68,5.5,2021-09-25,2022-07-20,2022.0,7.0,298.0,22948.024009900993
Sophia Distrito,Jurica,165.0,239.4,74.4,0.0,2.0,Subvertical,4830149.08,4689593.86,3.5,2021-09-25,2021-10-29,2021.0,10.0,34.0,28421.78096969697
Sophia Distrito,Jurica,86.2,94.9,0.0,8.7,1.0,Subvertical,2354730.93,2236994.38,5.0,2021-09-25,2022-06-20,2022.0,6.0,268.0,25951.210904872387
Sophia Distrito,Jurica,262.5,285.6,23.1,0.0,2.0,Horizontal,6266788.0,6189786.18,1.5,2021-09-25,2021-11-08,2021.0,11.0,44.0,23580.137828571427
Amara Grand,Altos Juriquilla,207.2,238.2,31.0,0.0,2.0,Horizontal,3658718.91,3658718.91,0.0,2018-07-09,2021-10-09,2021.0,10.0,1188.0,17657.9097972973
Sophia Distrito,Jurica,215.8,258.2,42.4,0.0,2.0,Horizontal,4368828.24,4422328.24,0.0,2021-09-25,2021-11-08,2021.0,11.0,44.0,20492.71658943466
Sophia Distrito,Jurica,135.0,202.5,67.5,0.0,2.0,Subvertical,3511374.15,3441146.67,2.0,2021-09-25,2022-04-30,2022.0,4.0,217.0,25489.975333333332
Alegra Towers,Juriquilla Santa Fe,97.7,105.6,0.0,7.9,2.0,Vertical,3315234.06,3315234.06,0.0,2018-08-29,2021-09-30,2021.0,9.0,1128.0,33932.794882292736
Sophia Distrito,Jurica,161.6,188.78,0.0,27.18,2.0,Subvertical,4346347.66,4259420.71,2.0,2021-09-25,2021-11-05,2021.0,11.0,41.0,26357.801423267327
Serena,Altos Juriquilla,180.0,235.5,55.5,0.0,2.0,Horizontal,3563693.47,3456782.67,3.0,2020-04-17,2021-10-05,2021.0,10.0,536.0,19204.348166666667
Serena,Altos Juriquilla,151.3,186.4,35.1,0.0,2.0,Horizontal,2941479.31,2941479.31,0.0,2020-04-17,2021-10-04,2021.0,10.0,535.0,19441.370191672173
Sophia Distrito,Jurica,135.2,145.51,0.0,10.31,2.0,Subvertical,2954025.96,2835824.66,5.0,2021-09-25,2022-06-20,2022.0,6.0,268.0,20975.034467455625
Loretta,Altos Juriquilla,146.7,214.7,0.0,68.0,2.0,Horizontal,2712224.2,2722724.2,0.0,2020-11-13,2021-10-15,2021.0,10.0,336.0,18559.81049761418
Loretta,Altos Juriquilla,136.1,194.1,0.0,58.0,2.0,Horizontal,2503714.04,2503714.04,0.0,2020-11-13,2021-10-13,2021.0,10.0,334.0,18396.135488611315
Sophia Distrito,Jurica,262.5,288.0,25.5,0.0,3.0,Horizontal,4946532.97,4872334.98,1.5,2021-09-25,2021-11-08,2021.0,11.0,44.0,18561.276114285716
Sophia Distrito,Jurica,86.2,94.9,0.0,8.7,1.0,Subvertical,2458257.95,2436092.79,2.0,2021-09-25,2022-05-20,2022.0,5.0,237.0,28260.937238979117
Agatha,Zakia,180.0,211.1,31.1,0.0,2.0,Horizontal,3349780.0,3316282.2,1.0,2021-10-01,2021-10-15,2021.0,10.0,14.0,18423.79
Agatha,Zakia,165.34,203.22,37.88,0.0,2.0,Horizontal,3207940.0,3175860.6,1.0,2021-10-01,2021-10-21,2021.0,10.0,20.0,19208.059755655013
Agatha,Zakia,180.0,211.1,31.1,0.0,2.0,Horizontal,3349780.0,3349780.0,0.0,2021-10-01,2021-10-16,2021.0,10.0,15.0,18609.88888888889
Sophia Distrito,Jurica,135.0,145.31,0.0,10.31,2.0,Subvertical,3017768.43,2896380.01,5.0,2021-09-25,2022-05-20,2022.0,5.0,237.0,21454.66674074074
Sophia Distrito,Jurica,86.2,94.9,0.0,8.7,1.0,Subvertical,2477230.93,2427686.31,2.0,2021-09-25,2022-07-20,2022.0,7.0,298.0,28163.414269141533
Sophia Distrito,Jurica,86.2,94.9,0.0,8.7,1.0,Subvertical,2458257.95,2492092.79,2.0,2021-09-25,2023-03-15,2023.0,3.0,536.0,28910.589211136892
Agatha,Zakia,151.32,185.21,33.89,0.0,2.0,Horizontal,3007220.0,3023147.8,1.0,2021-10-01,2021-10-16,2021.0,10.0,15.0,19978.50779804388
Sophia Distrito,Jurica,250.3,284.4,34.1,0.0,2.0,Horizontal,4840200.0,4627891.0,4.5,2021-09-25,2021-10-30,2021.0,10.0,35.0,18489.376747902515
Agatha,Zakia,121.5,157.5,36.0,0.0,2.0,Horizontal,2562904.0,2585274.96,1.0,2021-10-01,2021-10-16,2021.0,10.0,15.0,21277.983209876544
Alegra Towers,Juriquilla Santa Fe,344.0,357.03,0.0,13.03,3.0,Vertical,9209833.76,9062476.42,1.6,2017-04-27,2021-11-01,2021.0,11.0,1649.0,26344.40819767442
Sophia Distrito,Jurica,135.0,145.31,0.0,10.31,2.0,Subvertical,3148712.32,3115238.07,2.0,2021-09-25,2022-10-20,2022.0,10.0,390.0,23075.837555555554
Agatha,Zakia,121.5,153.6,32.1,0.0,2.0,Horizontal,2547304.0,2453411.84,4.0,2021-10-01,2021-10-28,2021.0,10.0,27.0,20192.690041152262
Agatha,Zakia,165.3,222.8,57.5,0.0,2.0,Horizontal,3287820.0,3287820.0,0.0,2021-10-01,2021-10-21,2021.0,10.0,20.0,19890.018148820327
Agatha,Zakia,165.3,182.5,17.2,0.0,2.0,Horizontal,3125180.0,3125180.0,0.0,2021-10-01,2021-10-16,2021.0,10.0,15.0,18906.110102843315
Sophia Distrito,Jurica,86.2,94.9,0.0,8.7,1.0,Subvertical,2382132.95,2337490.29,2.0,2021-09-25,2022-05-20,2022.0,5.0,237.0,27117.056728538282
Agatha,Zakia,180.0,211.1,31.1,0.0,2.0,Horizontal,3349780.0,3349780.0,0.0,2021-10-01,2021-10-18,2021.0,10.0,17.0,18609.88888888889
Agatha,Zakia,165.3,222.1,56.8,0.0,2.0,Horizontal,3283500.0,3283500.0,0.0,2021-10-01,2021-10-16,2021.0,10.0,15.0,19863.883847549907
Sophia Distrito,Jurica,86.2,94.9,0.0,8.7,1.0,Subvertical,2477230.93,2427686.31,2.0,2021-09-25,2022-07-20,2022.0,7.0,298.0,28163.414269141533
Sophia Distrito,Jurica,135.2,145.51,0.0,10.31,2.0,Subvertical,2925352.54,2779084.91,5.0,2021-09-25,2022-05-20,2022.0,5.0,237.0,20555.361760355034
Sophia Distrito,Jurica,135.2,145.51,0.0,10.31,2.0,Subvertical,3071372.81,3015445.35,2.0,2021-09-25,2022-10-20,2022.0,10.0,390.0,22303.58986686391
Serena,Altos Juriquilla,165.4,199.2,33.8,0.0,2.0,Horizontal,3242385.79,3327885.79,0.0,2020-04-17,2021-10-13,2021.0,10.0,544.0,20120.228476420798
Sophia Distrito,Jurica,135.2,145.51,0.0,10.31,2.0,Subvertical,3086372.81,3024645.35,2.0,2021-09-25,2022-10-20,2022.0,10.0,390.0,22371.637204142015
El Anhelo,El Refugio,165.3,188.4,23.1,0.0,2.0,Horizontal,2273272.0,2273272.0,0.0,2016-05-19,2021-10-05,2021.0,10.0,1965.0,13752.401693889897
Serena,Altos Juriquilla,151.3,180.6,29.3,0.0,2.0,Horizontal,2942290.51,2883444.7,2.0,2020-04-17,2021-10-15,2021.0,10.0,546.0,19057.797091870456
Dos Motivos,Zakia,154.4,213.8,59.4,0.0,2.0,Horizontal,2759021.85,2759021.85,0.0,2019-10-22,2021-10-13,2021.0,10.0,722.0,17869.3125
Agatha,Zakia,151.3,187.7,36.4,0.0,2.0,Horizontal,3032140.0,3032140.0,0.0,2021-10-01,2021-10-15,2021.0,10.0,14.0,20040.581625908788
Agatha,Zakia,121.5,157.5,36.0,0.0,2.0,Horizontal,2562904.0,2562904.0,0.0,2021-10-01,2021-10-15,2021.0,10.0,14.0,21093.860082304527
Agatha,Zakia,180.0,298.9,118.9,0.0,2.0,Horizontal,3715660.0,3723660.0,0.0,2021-10-01,2021-10-15,2021.0,10.0,14.0,20687.0
Sophia Distrito,Jurica,135.2,145.51,0.0,10.31,2.0,Subvertical,3056372.81,2903554.17,5.0,2021-09-25,2022-10-27,2022.0,10.0,397.0,21475.992381656804
Loretta,Altos Juriquilla,148.6,194.6,0.0,46.0,2.0,Horizontal,2556050.18,2549809.43,1.5,2020-11-13,2021-10-15,2021.0,10.0,336.0,17158.879071332438
Sophia Distrito,Jurica,161.6,188.78,0.0,27.18,2.0,Subvertical,3976372.52,3926345.07,2.0,2021-09-25,2022-07-20,2022.0,7.0,298.0,24296.68978960396
Agatha,Zakia,151.3,185.2,33.9,0.0,2.0,Horizontal,3007180.0,3007180.0,0.0,2021-10-01,2021-10-15,2021.0,10.0,14.0,19875.61136814276
Agatha,Zakia,180.0,200.8,20.8,0.0,2.0,Horizontal,3308620.0,3316620.0,0.0,2021-10-01,2021-10-20,2021.0,10.0,19.0,18425.666666666668
Sophia Distrito,Jurica,135.0,145.31,0.0,10.31,2.0,Subvertical,3031416.39,2879845.57,5.0,2021-09-25,2022-06-17,2022.0,6.0,265.0,21332.189407407404
Sophia Distrito,Jurica,135.2,145.51,0.0,10.31,2.0,Subvertical,2924025.96,2617003.23,10.5,2021-09-25,2022-07-01,2022.0,7.0,279.0,19356.53276627219
Sophia Distrito,Jurica,86.2,94.9,0.0,8.7,1.0,Subvertical,2407882.94,2287488.79,5.0,2021-09-25,2022-05-20,2022.0,5.0,237.0,26536.992923433874
Sophia Distrito,Jurica,86.2,94.9,0.0,8.7,2.0,Subvertical,2425980.93,2455461.31,2.0,2021-09-25,2022-06-20,2022.0,6.0,268.0,28485.630046403712
Sophia Distrito,Jurica,165.3,175.65,0.0,10.35,2.0,Subvertical,3751450.02,3704921.02,2.0,2021-09-25,2022-07-20,2022.0,7.0,298.0,22413.31530550514
Sophia Distrito,Jurica,86.2,94.9,0.0,8.7,1.0,Subvertical,2409676.9,2361483.36,2.0,2021-09-25,2022-09-20,2022.0,9.0,360.0,27395.39860788863
Paseo Miró B,Zibatá,149.4,161.06,0.0,11.66,2.0,Subvertical,3006056.35,2855753.53,5.0,2019-07-31,2021-10-12,2021.0,10.0,804.0,19114.81613119143
Sophia Distrito,Jurica,250.3,284.4,34.1,0.0,2.0,Horizontal,5984850.0,5993850.0,0.0,2021-09-25,2021-11-21,2021.0,11.0,57.0,23946.664003196165
Sophia Distrito,Jurica,86.2,94.9,0.0,8.7,2.0,Subvertical,2407507.95,2461357.79,2.0,2021-09-25,2022-05-31,2022.0,5.0,248.0,28554.034686774943
Sophia Distrito,Jurica,86.2,94.9,0.0,8.7,1.0,Subvertical,2400355.93,2357848.81,2.0,2021-09-25,2022-06-16,2022.0,6.0,264.0,27353.23445475638
Sophia Distrito,Jurica,165.3,175.65,0.0,10.35,2.0,Subvertical,3680484.65,3533265.26,4.0,2021-09-25,2022-05-20,2022.0,5.0,237.0,21374.86545674531
Sophia Distrito,Jurica,165.3,175.65,0.0,10.35,2.0,Subvertical,3919061.46,3846180.23,2.0,2021-09-25,2021-11-08,2021.0,11.0,44.0,23267.877979431334
Paseo Miró C,Zibatá,142.5,158.3,15.8,0.0,2.0,Horizontal,2740026.8,2716426.4,1.5,2018-04-24,2021-10-08,2021.0,10.0,1263.0,19062.641403508773
Sophia Distrito,Jurica,165.3,175.65,0.0,10.35,2.0,Subvertical,3783380.75,3713213.14,2.0,2021-09-25,2023-12-20,2023.0,12.0,816.0,22463.479370840894
Loretta,Altos Juriquilla,136.1,194.1,0.0,58.0,2.0,Horizontal,2424410.77,2424410.77,0.0,2020-11-13,2021-10-14,2021.0,10.0,335.0,17813.45165319618
Paseo Miró B,Zibatá,148.1,159.76,0.0,11.66,2.0,Subvertical,3212453.59,3148204.52,2.0,2019-11-20,2021-10-19,2021.0,10.0,699.0,21257.289128966917
Sophia Distrito,Jurica,250.3,288.5,38.2,0.0,2.0,Horizontal,4789732.93,4789732.93,0.0,2021-09-25,2021-11-08,2021.0,11.0,44.0,19135.96855773072
Sophia Distrito,Jurica,86.2,94.9,0.0,8.7,1.0,Subvertical,3020175.54,2899368.52,4.0,2021-09-25,2021-11-08,2021.0,11.0,44.0,33635.3656612529
Paseo Dalí,Zibatá,219.3,232.1,12.8,0.0,2.0,Horizontal,3473489.81,3473489.81,0.0,2015-08-10,2021-10-25,2021.0,10.0,2268.0,15838.986821705426
Serena,Altos Juriquilla,165.4,197.6,32.2,0.0,2.0,Horizontal,3225401.28,3225401.28,0.0,2020-04-17,2021-10-23,2021.0,10.0,554.0,19500.612333736393
Paseo Miró B,Zibatá,74.2,80.04,0.0,5.84,1.0,Subvertical,2017828.6,2087828.6,0.0,2019-11-20,2021-10-14,2021.0,10.0,694.0,28137.851752021565
Loretta,Altos Juriquilla,110.4,234.8,124.4,0.0,2.0,Horizontal,2564238.59,2574738.59,0.0,2020-11-13,2021-10-18,2021.0,10.0,339.0,23321.90751811594
Loretta,Altos Juriquilla,148.6,194.6,0.0,46.0,2.0,Horizontal,2892103.83,2877643.31,0.5,2020-11-13,2021-10-18,2021.0,10.0,339.0,19365.029004037686
Paseo Miró C,Zibatá,142.5,158.3,15.8,0.0,2.0,Horizontal,2582981.52,2570066.61,0.5,2018-04-24,2021-10-25,2021.0,10.0,1280.0,18035.555157894734
Sophia Distrito,Jurica,161.6,188.78,0.0,27.18,2.0,Subvertical,3856596.91,3808964.97,2.0,2021-09-25,2022-05-20,2022.0,5.0,237.0,23570.327784653466
Sophia Distrito,Jurica,215.8,264.7,48.9,0.0,2.0,Horizontal,4547071.08,4352652.88,4.5,2021-09-25,2021-10-29,2021.0,10.0,34.0,20169.846524559776
Paseo Monet,Zibatá,151.2,185.3,34.1,0.0,2.0,Horizontal,3011452.85,2951223.79,2.0,2017-06-02,2021-10-26,2021.0,10.0,1607.0,19518.67585978836
Sophia Distrito,Jurica,86.2,94.9,0.0,8.7,1.0,Subvertical,2461926.9,2215734.21,10.0,2021-09-25,2022-10-20,2022.0,10.0,390.0,25704.573201856147
Sophia Distrito,Jurica,165.3,175.65,0.0,10.35,2.0,Subvertical,3680484.65,3635374.96,2.0,2021-09-25,2022-05-20,2022.0,5.0,237.0,21992.588989715667
Sophia Distrito,Jurica,219.5,257.7,38.2,0.0,2.0,Horizontal,4355038.04,4382038.04,0.0,2021-09-25,2021-10-27,2021.0,10.0,32.0,19963.726833712983
Van Gogh,Zibatá,193.7,233.1,39.4,0.0,2.0,Horizontal,3271383.7,3276662.94,1.5,2019-09-06,2021-11-10,2021.0,11.0,796.0,16916.17418688694
Loretta,Altos Juriquilla,146.7,214.7,0.0,68.0,2.0,Horizontal,2572153.79,2550249.95,2.5,2020-11-13,2021-10-24,2021.0,10.0,345.0,17384.11690524881
El Capricho,"Cascatta II, Lomas de Angelópolis",219.2,236.9,17.7,0.0,0.0,Horizontal,3677410.0,3530313.6,4.0,2019-07-16,2021-10-30,2021.0,10.0,837.0,16105.445255474453
Loretta,Altos Juriquilla,148.6,194.6,0.0,46.0,2.0,Horizontal,2566230.63,2566230.63,0.0,2020-11-13,2021-10-23,2021.0,10.0,344.0,17269.385127860027
Loretta,Altos Juriquilla,138.8,185.1,46.3,0.0,2.0,Horizontal,2874839.84,2885339.84,0.0,2020-11-13,2021-10-25,2021.0,10.0,346.0,20787.75100864553
Sophia Distrito,Jurica,135.2,145.51,0.0,10.31,2.0,Subvertical,3051373.0,2959831.81,3.0,2021-09-25,2022-10-28,2022.0,10.0,398.0,21892.247115384616
Paseo Miró B,Zibatá,148.1,159.76,0.0,11.66,2.0,Subvertical,3227453.59,3009094.57,7.5,2019-11-20,2021-10-27,2021.0,10.0,707.0,20317.99169480081
Paseo Miró C,Zibatá,165.7,194.0,28.3,0.0,2.0,Horizontal,2957940.38,2979900.68,0.5,2018-04-24,2021-11-06,2021.0,11.0,1292.0,17983.7095956548
Sophia Distrito,Jurica,262.5,285.6,23.1,0.0,2.0,Horizontal,4918391.97,4868116.09,1.5,2021-09-25,2021-11-26,2021.0,11.0,62.0,18545.204152380953
Loretta,Altos Juriquilla,138.8,209.2,70.4,0.0,2.0,Horizontal,2936198.32,2833431.38,3.5,2020-11-13,2021-10-27,2021.0,10.0,348.0,20413.770749279538
Paseo Monet,Zibatá,205.8,243.9,38.1,0.0,2.0,Horizontal,3701495.07,3701495.07,0.0,2017-06-02,2021-10-29,2021.0,10.0,1610.0,17985.88469387755
Loretta,Altos Juriquilla,146.7,214.7,0.0,68.0,2.0,Horizontal,2597875.33,2558907.2,1.5,2020-11-13,2021-10-28,2021.0,10.0,349.0,17443.13019768235
Van Gogh,Zibatá,205.8,230.2,24.4,0.0,2.0,Horizontal,3816379.1,3816379.1,0.0,2019-09-06,2021-10-24,2021.0,10.0,779.0,18544.116132167153
Loretta,Altos Juriquilla,110.4,177.4,67.0,0.0,2.0,Horizontal,2563550.32,2563550.32,0.0,2020-11-13,2021-10-30,2021.0,10.0,351.0,23220.56449275362
Alegra Towers,Juriquilla Santa Fe,133.4,145.29,0.0,11.89,2.0,Vertical,4352838.23,4331074.04,0.5,2018-08-29,2021-10-29,2021.0,10.0,1157.0,32466.82188905547
Serena,Altos Juriquilla,151.3,185.7,34.4,0.0,2.0,Horizontal,3129607.31,3165107.31,0.0,2020-04-17,2021-10-31,2021.0,10.0,562.0,20919.413813615334
Sophia Distrito,Jurica,86.2,123.9,29.0,8.7,1.0,Subvertical,2686297.93,2578983.03,5.0,2021-09-25,2022-06-20,2022.0,6.0,268.0,29918.596635730853
Sophia Distrito,Jurica,262.5,363.9,101.4,0.0,2.0,Horizontal,7199477.49,7086086.37,1.7,2021-09-25,2021-11-08,2021.0,11.0,44.0,26994.614742857142
Ambrosía,Lomas de Juriquilla,167.3,227.3,60.0,0.0,2.0,Horizontal,3038600.71,3038600.71,0.0,2017-01-09,2021-10-29,2021.0,10.0,1754.0,18162.58643156007
Loretta,Altos Juriquilla,146.7,214.7,0.0,68.0,2.0,Horizontal,2597875.33,2597875.33,0.0,2020-11-13,2021-11-09,2021.0,11.0,361.0,17708.761622358557
Amara Grand,Altos Juriquilla,179.5,206.8,27.3,0.0,2.0,Horizontal,3532009.73,3426049.44,3.0,2018-07-09,2021-11-04,2021.0,11.0,1214.0,19086.626406685238
Serena,Altos Juriquilla,151.3,181.4,30.1,0.0,2.0,Horizontal,3032784.2,3060720.28,0.5,2020-04-17,2021-11-08,2021.0,11.0,570.0,20229.479709187042
Loretta,Altos Juriquilla,110.4,169.3,58.9,0.0,2.0,Horizontal,2547516.44,2547516.44,0.0,2020-11-13,2021-11-08,2021.0,11.0,360.0,23075.330072463767
Van Gogh,Zibatá,205.8,230.2,24.4,0.0,2.0,Horizontal,3705735.44,3705735.44,0.0,2019-09-06,2021-11-15,2021.0,11.0,801.0,18006.489018464526
Sophia Distrito,Jurica,262.5,319.7,57.2,0.0,2.0,Horizontal,5149607.97,4798135.41,7.0,2021-09-25,2021-12-10,2021.0,12.0,76.0,18278.611085714285
Paseo Miró B,Zibatá,149.4,161.06,0.0,11.66,2.0,Subvertical,3125498.6,3125498.6,0.0,2019-11-20,2021-11-24,2021.0,11.0,735.0,20920.338688085674
Paseo Miró B,Zibatá,74.2,80.04,0.0,5.84,1.0,Subvertical,2053156.89,2053156.89,0.0,2019-11-20,2021-11-24,2021.0,11.0,735.0,27670.578032345013
Loretta,Altos Juriquilla,148.6,194.6,0.0,46.0,2.0,Horizontal,2556050.18,2588150.18,0.0,2020-11-13,2021-11-08,2021.0,11.0,360.0,17416.892193808886
Loretta,Altos Juriquilla,138.8,209.2,70.4,0.0,2.0,Horizontal,2936198.32,2936198.32,0.0,2020-11-13,2021-11-19,2021.0,11.0,371.0,21154.166570605183
Alegra Towers,Juriquilla Santa Fe,97.7,105.6,0.0,7.9,2.0,Vertical,3140234.06,3046027.04,3.0,2018-08-29,2021-11-17,2021.0,11.0,1176.0,31177.3494370522
Van Gogh,Zibatá,193.7,233.1,39.4,0.0,2.0,Horizontal,3331943.97,3352493.97,0.0,2019-09-06,2021-12-03,2021.0,12.0,819.0,17307.661177077956
Sinfonía,Rancho Cerro Prieto,110.4,183.79,73.39,0.0,2.0,Horizontal,2603005.36,2611005.36,0.0,2021-11-10,2022-01-27,2022.0,1.0,78.0,23650.410869565214
Sinfonía,Rancho Cerro Prieto,148.6,148.6,0.0,0.0,2.0,Horizontal,2756351.01,2767351.01,0.0,2021-11-10,2022-02-11,2022.0,2.0,93.0,18622.819717362047
Amara Grand,Altos Juriquilla,238.8,298.6,59.8,0.0,2.0,Horizontal,4334627.26,4291280.99,1.0,2018-07-09,2021-12-20,2021.0,12.0,1260.0,17970.18840033501
Sinfonía,Rancho Cerro Prieto,110.4,183.8,73.4,0.0,2.0,Horizontal,2602586.94,2602586.94,0.0,2021-11-10,2022-02-11,2022.0,2.0,93.0,23574.15706521739
Paseo Monet,Zibatá,151.2,185.3,34.1,0.0,2.0,Horizontal,3087190.89,3025447.07,2.0,2017-06-02,2021-11-22,2021.0,11.0,1634.0,20009.57056878307
Sinfonía,Rancho Cerro Prieto,115.2,192.5,77.3,0.0,2.0,Horizontal,3071464.08,3071464.08,0.0,2021-11-10,2022-01-31,2022.0,1.0,82.0,26662.014583333334
Sinfonía,Rancho Cerro Prieto,148.6,148.6,0.0,0.0,2.0,Horizontal,3049214.44,3093214.44,0.0,2021-11-10,2022-01-31,2022.0,1.0,82.0,20815.709555854643
Loretta,Altos Juriquilla,146.7,214.7,0.0,68.0,2.0,Horizontal,2661808.41,2661808.41,0.0,2020-11-13,2021-11-26,2021.0,11.0,378.0,18144.569938650307
Sinfonía,Rancho Cerro Prieto,180.0,212.5,32.5,0.0,2.0,Horizontal,4023467.44,4023467.44,0.0,2021-11-10,2022-02-01,2022.0,2.0,83.0,22352.59688888889
Serena,Altos Juriquilla,215.0,235.2,20.2,0.0,2.0,Horizontal,4033123.61,3952461.14,2.0,2020-04-17,2021-11-29,2021.0,11.0,591.0,18383.540186046514
Loretta,Altos Juriquilla,110.4,169.3,58.9,0.0,2.0,Horizontal,2547516.44,2547516.44,0.0,2020-11-13,2021-11-27,2021.0,11.0,379.0,23075.330072463767
Van Gogh,Zibatá,151.1,173.5,22.4,0.0,2.0,Horizontal,3010042.92,3010042.92,0.0,2019-09-06,2021-11-30,2021.0,11.0,816.0,19920.86644606221
Loretta,Altos Juriquilla,148.6,194.6,0.0,46.0,2.0,Horizontal,2591892.94,2553014.55,1.5,2020-11-13,2021-11-23,2021.0,11.0,375.0,17180.447846567968
Sophia Distrito,Jurica,86.2,107.6,21.4,0.0,1.0,Subvertical,2592694.93,2488987.13,4.0,2021-09-25,2022-06-20,2022.0,6.0,268.0,28874.560672853826
Sophia Distrito,Jurica,86.2,94.9,0.0,8.7,1.0,Subvertical,2458404.56,2190980.06,11.0,2021-09-25,2022-01-03,2022.0,1.0,100.0,25417.402088167055
Loretta,Altos Juriquilla,148.6,194.6,0.0,46.0,2.0,Horizontal,2581610.68,2581610.68,0.0,2020-11-13,2021-12-03,2021.0,12.0,385.0,17372.884791386274
Alegra Towers,Juriquilla Santa Fe,133.3,145.19,0.0,11.89,2.0,Vertical,4327838.23,4327838.23,0.0,2018-08-29,2021-12-10,2021.0,12.0,1199.0,32466.903450862716
Sinfonía,Rancho Cerro Prieto,148.6,148.6,0.0,0.0,2.0,Horizontal,2764620.07,2872973.87,1.0,2021-11-10,2022-02-05,2022.0,2.0,87.0,19333.606123822345
Loretta,Altos Juriquilla,138.8,185.4,46.6,0.0,2.0,Horizontal,3082618.05,3082618.05,0.0,2020-11-13,2021-11-24,2021.0,11.0,376.0,22209.063760806912
Paseo Monet,Zibatá,151.2,185.3,34.1,0.0,2.0,Horizontal,3087190.89,3040883.03,0.0,2017-06-02,2021-11-21,2021.0,11.0,1633.0,20111.66025132275
Amara Grand,Altos Juriquilla,190.7,227.8,37.1,0.0,2.0,Horizontal,3902206.4,3882695.37,0.5,2018-07-09,2021-11-29,2021.0,11.0,1239.0,20360.227425275305
Alegra Towers,Juriquilla Santa Fe,133.5,145.46,0.0,11.96,2.0,Vertical,4252390.3,3953522.98,7.0,2017-04-27,2021-11-29,2021.0,11.0,1677.0,29614.404344569288
Sophia Distrito,Jurica,135.0,212.9,77.9,0.0,2.0,Subvertical,5515888.0,5226788.48,5.24,2021-09-25,2022-06-27,2022.0,6.0,275.0,38716.95170370371
Sophia Distrito,Jurica,135.0,145.31,0.0,10.31,2.0,Subvertical,3163712.0,2831522.24,10.5,2021-09-25,2022-07-20,2022.0,7.0,298.0,20974.238814814817
Alegra Towers,Juriquilla Santa Fe,173.7,190.34,0.0,16.64,2.0,Vertical,4968647.37,4620842.05,7.0,2018-08-29,2021-11-29,2021.0,11.0,1188.0,26602.429763960852
Alegra Towers,Juriquilla Santa Fe,133.3,145.19,0.0,11.89,2.0,Vertical,4802036.0,4465893.48,7.0,2018-08-29,2021-11-29,2021.0,11.0,1188.0,33502.576744186044
Alegra Towers,Juriquilla Santa Fe,173.6,190.55,0.0,16.95,2.0,Vertical,4724505.81,4535525.58,4.0,2017-04-27,2021-11-29,2021.0,11.0,1677.0,26126.299423963133
Loretta,Altos Juriquilla,146.7,214.7,0.0,68.0,2.0,Horizontal,2661808.41,2661808.41,0.0,2020-11-13,2021-11-30,2021.0,11.0,382.0,18144.569938650307
Sophia Distrito,Jurica,135.2,145.51,0.0,10.31,2.0,Subvertical,3045946.0,2985027.08,2.0,2021-09-25,2022-05-20,2022.0,5.0,237.0,22078.602662721896
Sophia Distrito,Jurica,86.2,94.9,0.0,8.7,1.0,Subvertical,2609715.62,2609715.62,0.0,2021-09-25,2022-10-20,2022.0,10.0,390.0,30275.12320185615
Sophia Distrito,Jurica,135.0,145.31,0.0,10.31,2.0,Subvertical,3163749.0,3100474.02,2.0,2021-09-25,2022-07-20,2022.0,7.0,298.0,22966.474222222223
Alegra Towers,Juriquilla Santa Fe,133.5,145.46,0.0,11.96,2.0,Vertical,4152390.3,4048580.54,2.5,2017-04-27,2021-11-29,2021.0,11.0,1677.0,30326.445992509365
Serena,Altos Juriquilla,215.0,239.1,24.1,0.0,2.0,Horizontal,4040890.68,4048390.68,0.0,2020-04-17,2021-12-02,2021.0,12.0,594.0,18829.72409302326
El Capricho,"Cascatta II, Lomas de Angelópolis",233.6,246.5,12.9,0.0,0.0,Horizontal,3783045.9,3454791.31,10.0,2019-07-16,2021-11-29,2021.0,11.0,867.0,14789.34636130137
Sophia Distrito,Jurica,86.2,94.9,0.0,8.7,1.0,Subvertical,2499382.5,2461294.85,2.0,2021-09-25,2022-04-30,2022.0,4.0,217.0,28553.30452436195
Ambrosía,Lomas de Juriquilla,175.4,175.4,0.0,0.0,2.0,Horizontal,2758857.83,2758857.83,0.0,2017-01-09,,,,,15728.95
Paseo Dalí,Zibatá,151.1,178.5,27.4,0.0,2.0,Horizontal,3020000.0,2929400.0,3.0,2015-08-10,2021-12-03,2021.0,12.0,2307.0,19387.160820648576
Sophia Distrito,Jurica,86.2,94.9,0.0,8.7,1.0,Subvertical,2546138.12,2549138.12,0.0,2021-09-25,2022-10-25,2022.0,10.0,395.0,29572.367981438514
Loretta,Altos Juriquilla,148.6,194.6,0.0,46.0,2.0,Horizontal,2655477.15,2655477.15,0.0,2020-11-13,2021-12-17,2021.0,12.0,399.0,17869.96736204576
Sinfonía,Rancho Cerro Prieto,165.3,225.0,59.7,0.0,2.0,Horizontal,3130172.79,3207172.79,0.0,2021-11-10,2022-01-25,2022.0,1.0,76.0,19402.134240774347
Sinfonía,Rancho Cerro Prieto,115.2,192.5,77.3,0.0,2.0,Horizontal,2750605.77,2750605.77,0.0,2021-11-10,2022-01-22,2022.0,1.0,73.0,23876.786197916666
Loretta,Altos Juriquilla,148.6,194.6,0.0,46.0,2.0,Horizontal,2645143.49,2645143.49,0.0,2020-11-13,2021-12-08,2021.0,12.0,390.0,17800.42725437416
Sophia Distrito,Jurica,86.2,94.9,0.0,8.7,1.0,Subvertical,2444210.71,2322000.17,5.0,2021-09-25,2022-07-20,2022.0,7.0,298.0,26937.356960556845
Sophia Distrito,Jurica,215.8,258.2,42.4,0.0,2.0,Horizontal,4482417.77,4390533.15,3.5,2021-09-25,2021-12-13,2021.0,12.0,79.0,20345.380676552362
Sinfonía,Rancho Cerro Prieto,151.3,197.4,46.1,0.0,2.0,Horizontal,3558959.0,3558959.0,0.0,2021-11-10,2022-01-28,2022.0,1.0,79.0,23522.531394580303
Paseo Miró B,Zibatá,149.4,161.06,0.0,11.66,2.0,Subvertical,3315241.37,3099750.68,6.5,2019-11-20,2021-12-13,2021.0,12.0,754.0,20747.99651941098
Loretta,Altos Juriquilla,148.6,194.6,0.0,46.0,2.0,Horizontal,2692756.07,2692756.07,0.0,2020-11-13,2021-12-17,2021.0,12.0,399.0,18120.834925975774
Serena,Altos Juriquilla,151.3,181.4,30.1,0.0,2.0,Horizontal,3032784.2,3075884.2,0.0,2020-04-17,2021-12-10,2021.0,12.0,602.0,20329.703899537344
Agatha,Zakia,180.0,211.1,31.1,0.0,2.0,Horizontal,3349780.0,3349780.0,0.0,2021-10-01,2021-12-13,2021.0,12.0,73.0,18609.88888888889
Loretta,Altos Juriquilla,136.1,194.1,0.0,58.0,2.0,Horizontal,2508714.04,2508714.04,0.0,2020-11-13,2021-12-11,2021.0,12.0,393.0,18432.873181484203
Paseo Miró,Zibatá,165.7,252.83,74.0,13.13,2.0,Horizontal,3261003.42,3261003.42,0.0,2017-02-07,2021-12-28,2021.0,12.0,1785.0,19680.16547978274
Loretta,Altos Juriquilla,136.1,194.1,0.0,58.0,2.0,Horizontal,2503714.04,2503714.04,0.0,2020-11-13,2021-12-13,2021.0,12.0,395.0,18396.135488611315
Loretta,Altos Juriquilla,136.1,194.1,0.0,58.0,2.0,Horizontal,2508714.04,2519214.04,0.0,2020-11-13,2021-12-17,2021.0,12.0,399.0,18510.022336517268
Sinfonía,Rancho Cerro Prieto,121.5,158.4,36.9,0.0,2.0,Horizontal,2434853.2,2454653.2,0.0,2021-11-10,2022-01-25,2022.0,1.0,76.0,20202.906995884776
Paseo Miró C,Zibatá,128.7,243.1,114.4,0.0,2.0,Horizontal,2875000.35,2831875.35,0.5,2018-04-24,2021-12-14,2021.0,12.0,1330.0,22003.693473193474
Sophia Distrito,Jurica,215.8,258.2,42.4,0.0,2.0,Horizontal,5395038.0,5206211.67,3.5,2021-09-25,2021-12-20,2021.0,12.0,86.0,24125.169925857273
Sophia Distrito,Jurica,135.0,145.31,0.0,10.31,2.0,Subvertical,3285554.97,3285554.97,0.0,2021-09-25,2021-12-22,2021.0,12.0,88.0,24337.444222222224
Sophia Distrito,Jurica,250.3,284.4,34.1,0.0,2.0,Horizontal,4840200.0,4845700.0,0.0,2021-09-25,2021-12-28,2021.0,12.0,94.0,19359.568517778665
Sophia Distrito,Jurica,86.2,94.9,0.0,8.7,1.0,Subvertical,2473043.25,2381891.09,5.0,2021-09-25,2022-05-20,2022.0,5.0,237.0,27632.14721577726
Sinfonía,Rancho Cerro Prieto,146.7,146.7,0.0,0.0,2.0,Horizontal,2728895.5,2780695.5,0.0,2021-11-10,2022-01-24,2022.0,1.0,75.0,18954.979550102253
Loretta,Altos Juriquilla,115.2,193.8,78.6,0.0,2.0,Horizontal,2882607.72,2882607.72,0.0,2020-11-13,2021-12-16,2021.0,12.0,398.0,25022.636458333334
Sophia Distrito,Jurica,135.2,145.51,0.0,10.31,2.0,Subvertical,3050945.93,3075945.93,0.0,2021-09-25,2022-05-12,2022.0,5.0,229.0,22751.07936390533
Sophia Distrito,Jurica,86.2,94.9,0.0,8.7,1.0,Subvertical,2470809.46,2482455.41,0.5,2021-09-25,2022-07-20,2022.0,7.0,298.0,28798.786658932717
Sophia Distrito,Jurica,86.2,94.9,0.0,8.7,1.0,Subvertical,2528362.37,2531362.37,0.0,2021-09-25,2022-10-20,2022.0,10.0,390.0,29366.152784222737
Serena,Altos Juriquilla,151.3,177.2,25.9,0.0,2.0,Horizontal,3024423.53,2948812.94,2.5,2020-04-17,2021-12-17,2021.0,12.0,609.0,19489.840978189026
Paseo Miró B,Zibatá,149.4,161.06,0.0,11.66,2.0,Subvertical,3000570.01,2880547.21,4.0,2019-07-25,2021-12-27,2021.0,12.0,886.0,19280.771151271754
Dos Motivos,Zakia,148.7,194.7,0.0,46.0,2.0,Horizontal,2562727.29,2498659.11,2.5,2019-10-22,2021-12-18,2021.0,12.0,788.0,16803.35648957633
Sinfonía,Rancho Cerro Prieto,138.8,172.3,33.5,0.0,2.0,Horizontal,3077973.54,3085973.54,0.0,2021-11-10,2022-02-14,2022.0,2.0,96.0,22233.238760806915
Paseo Monet,Zibatá,151.2,185.3,34.1,0.0,2.0,Horizontal,3087190.89,3025447.07,2.0,2017-06-02,2021-12-23,2021.0,12.0,1665.0,20009.57056878307
Serena,Altos Juriquilla,165.4,199.2,33.8,0.0,2.0,Horizontal,3439532.16,3439532.16,0.0,2020-04-17,2021-12-23,2021.0,12.0,615.0,20795.236759371222
Amara,Altos Juriquilla,145.6,195.37,30.6,19.17,2.0,Horizontal,2851280.0,2851280.0,0.0,2017-10-26,2021-12-16,2021.0,12.0,1512.0,19582.967032967033
Sophia Distrito,Jurica,86.2,94.9,0.0,8.7,1.0,Subvertical,2570716.96,2597716.96,0.0,2021-09-25,2022-07-15,2022.0,7.0,293.0,30135.927610208815
Sinfonía,Rancho Cerro Prieto,180.0,205.6,25.6,0.0,2.0,Horizontal,3200592.05,3200592.05,0.0,2021-11-10,2022-01-24,2022.0,1.0,75.0,17781.066944444443
Loretta,Altos Juriquilla,136.1,194.1,0.0,58.0,2.0,Horizontal,2485384.7,2485384.7,0.0,2020-11-13,2021-12-29,2021.0,12.0,411.0,18261.459955914772
Loretta,Altos Juriquilla,110.4,185.1,74.7,0.0,2.0,Horizontal,2682862.02,2615790.47,2.5,2020-11-13,2021-12-27,2021.0,12.0,409.0,23693.75425724638
Sophia Distrito,Jurica,135.0,145.31,0.0,10.31,2.0,Subvertical,3255554.97,2913721.7,10.5,2021-09-25,2022-10-04,2022.0,10.0,374.0,21583.123703703706
Serena,Altos Juriquilla,165.4,194.0,28.6,0.0,2.0,Horizontal,3368100.19,3368100.19,0.0,2020-04-17,2021-12-27,2021.0,12.0,619.0,20363.36269649335
Sinfonía,Rancho Cerro Prieto,151.3,185.6,34.3,0.0,2.0,Horizontal,2850129.58,2903129.58,0.0,2021-11-10,2022-02-07,2022.0,2.0,89.0,19187.90204890945
Sophia Distrito,Jurica,135.0,211.1,76.1,0.0,2.0,Subvertical,3732877.21,3471575.81,7.0,2021-09-25,2024-07-15,2024.0,7.0,1024.0,25715.37637037037
Serena,Altos Juriquilla,219.5,237.6,18.1,0.0,2.0,Horizontal,4113595.09,4113595.09,0.0,2020-04-17,2021-12-31,2021.0,12.0,623.0,18740.752118451026
Sophia Distrito,Jurica,215.8,258.2,42.4,0.0,2.0,Horizontal,4698964.76,4772964.76,0.0,2021-09-25,2022-01-15,2022.0,1.0,112.0,22117.538276181647
Paseo Miró,Zibatá,184.5,243.48,39.8,19.18,2.0,Horizontal,3283738.41,3283738.41,0.0,2017-02-07,2021-12-30,2021.0,12.0,1787.0,17798.04016260163
Loretta,Altos Juriquilla,136.1,194.1,0.0,58.0,2.0,Horizontal,2549984.7,2549984.7,0.0,2020-11-13,2022-01-11,2022.0,1.0,424.0,18736.11094783248
Sophia Distrito,Jurica,86.2,94.9,0.0,8.7,1.0,Subvertical,2582597.87,2530945.91,2.0,2021-09-25,2022-10-20,2022.0,10.0,390.0,29361.32146171694
Alegra Towers,Juriquilla Santa Fe,133.5,145.46,0.0,11.96,2.0,Vertical,4102390.3,3938294.69,4.0,2017-04-27,2021-12-30,2021.0,12.0,1708.0,29500.334756554308
Loretta,Altos Juriquilla,115.2,193.8,78.6,0.0,2.0,Horizontal,2925846.84,2940346.84,0.0,2020-11-13,2022-01-22,2022.0,1.0,435.0,25523.84409722222
Sinfonía,Rancho Cerro Prieto,165.3,198.3,33.0,0.0,2.0,Horizontal,3026488.39,3052988.39,0.0,2021-11-10,2022-02-05,2022.0,2.0,87.0,18469.37924984876
El Motivo,Zakia,156.8,201.0,44.2,0.0,2.0,Horizontal,2796932.42,2754978.43,1.5,2017-08-01,2022-01-13,2022.0,1.0,1626.0,17570.015497448978
Serena,Altos Juriquilla,165.4,237.8,72.4,0.0,2.0,Horizontal,3702230.2,3726019.05,0.5,2020-04-17,2022-01-14,2022.0,1.0,637.0,22527.321946795644
Loretta,Altos Juriquilla,146.7,214.7,0.0,68.0,2.0,Horizontal,2811730.22,2822230.22,0.0,2020-11-13,2022-01-14,2022.0,1.0,427.0,19238.106475800956
Loretta,Altos Juriquilla,115.2,193.8,78.6,0.0,2.0,Horizontal,2925846.84,2951346.84,0.0,2020-11-13,2022-01-05,2022.0,1.0,418.0,25619.330208333333
Sophia Distrito,Jurica,86.2,107.8,21.6,0.0,1.0,Subvertical,2569349.15,2466575.18,4.0,2021-09-25,2022-05-13,2022.0,5.0,230.0,28614.561252900232
Sophia Distrito,Jurica,86.2,117.0,22.1,8.7,1.0,Subvertical,2575195.55,2472187.73,4.0,2021-09-25,2022-06-20,2022.0,6.0,268.0,28679.67204176334
Loretta,Altos Juriquilla,136.1,194.1,0.0,58.0,2.0,Horizontal,2610668.22,2610668.22,0.0,2020-11-13,2022-01-15,2022.0,1.0,428.0,19181.985451873625
Loretta,Altos Juriquilla,136.1,194.1,0.0,58.0,2.0,Horizontal,2610668.22,2621168.22,0.0,2020-11-13,2022-01-15,2022.0,1.0,428.0,19259.13460690669
Paseo Monet,Zibatá,151.2,251.1,99.9,0.0,2.0,Horizontal,3282060.75,3265650.45,0.5,2017-06-02,2022-01-21,2022.0,1.0,1694.0,21598.217261904763
Sinfonía,Rancho Cerro Prieto,121.5,156.1,34.6,0.0,2.0,Horizontal,2427808.4,2427808.4,0.0,2021-11-10,2022-01-25,2022.0,1.0,76.0,19981.962139917694
Paseo Miró B,Zibatá,213.1,275.71,0.0,62.61,2.0,Subvertical,5096914.0,5045944.86,1.0,2019-11-20,2022-01-31,2022.0,1.0,803.0,23678.765180666356
Loretta,Altos Juriquilla,146.7,214.7,0.0,68.0,2.0,Horizontal,2712224.2,2654918.6,2.5,2020-11-13,2022-01-20,2022.0,1.0,433.0,18097.60463531016
Serena,Altos Juriquilla,151.3,183.4,32.1,0.0,2.0,Horizontal,3156308.6,3098769.34,3.0,2020-04-17,2022-01-20,2022.0,1.0,643.0,20480.960608063448
Loretta,Altos Juriquilla,146.7,214.7,0.0,68.0,2.0,Horizontal,2712224.2,2712224.2,0.0,2020-11-13,2022-01-21,2022.0,1.0,434.0,18488.235855487394
Serena,Altos Juriquilla,151.3,190.9,39.6,0.0,2.0,Horizontal,3179761.22,3179761.22,0.0,2020-04-17,2022-01-20,2022.0,1.0,643.0,21016.267151354925
Dos Motivos,Zakia,154.4,213.4,59.0,0.0,2.0,Horizontal,2718248.13,2718248.13,0.0,2019-10-22,2022-02-24,2022.0,2.0,856.0,17605.23400259067
Loretta,Altos Juriquilla,138.8,193.5,54.7,0.0,2.0,Horizontal,3363300.95,3363300.95,0.0,2020-11-13,2022-01-20,2022.0,1.0,433.0,24231.27485590778
Sophia Distrito,Jurica,135.0,145.31,0.0,10.31,2.0,Subvertical,3103985.93,3010866.35,3.0,2021-09-25,2022-05-31,2022.0,5.0,248.0,22302.713703703703
Sophia Distrito,Jurica,135.0,145.31,0.0,10.31,2.0,Subvertical,3285554.97,3285554.97,0.0,2021-09-25,2022-10-20,2022.0,10.0,390.0,24337.444222222224
Loretta,Altos Juriquilla,110.4,185.1,74.7,0.0,2.0,Horizontal,2709690.64,2655496.83,2.0,2020-11-13,2022-01-20,2022.0,1.0,433.0,24053.41331521739
Loretta,Altos Juriquilla,138.8,193.5,54.7,0.0,2.0,Horizontal,3103181.34,3113681.34,0.0,2020-11-13,2022-01-31,2022.0,1.0,444.0,22432.86268011527
Sophia Distrito,Jurica,215.8,264.0,48.2,0.0,2.0,Horizontal,4972945.11,5046945.11,0.0,2021-09-25,2022-01-18,2022.0,1.0,115.0,23387.141380908248
Sinfonía,Rancho Cerro Prieto,165.3,221.3,56.0,0.0,2.0,Horizontal,3856512.0,3864512.0,0.0,2021-11-10,2022-01-25,2022.0,1.0,76.0,23378.777979431336
Sophia Distrito,Jurica,86.2,94.9,0.0,8.7,1.0,Subvertical,2609715.62,2612715.62,0.0,2021-09-25,2023-01-23,2023.0,1.0,485.0,30309.925986078888
Loretta,Altos Juriquilla,136.1,194.1,0.0,58.0,2.0,Horizontal,2597679.82,2629979.82,0.0,2020-11-13,2022-01-29,2022.0,1.0,442.0,19323.878177810435
Sinfonía,Rancho Cerro Prieto,165.3,196.4,31.1,0.0,2.0,Horizontal,3020473.99,3032973.99,0.0,2021-11-10,2022-02-05,2022.0,2.0,87.0,18348.3
Sophia Distrito,Jurica,135.0,145.31,0.0,10.31,2.0,Subvertical,2922768.0,2802154.64,4.0,2021-09-25,2022-06-13,2022.0,6.0,261.0,20756.701037037037
Alegra Towers,Juriquilla Santa Fe,306.9,320.1,0.0,13.2,0.0,Vertical,8315682.17,7899898.06,5.0,2016-07-04,2022-01-18,2022.0,1.0,2024.0,25740.95164548713
Paseo Miró B,Zibatá,149.2,224.66,63.8,11.66,2.0,Subvertical,3417616.65,3366352.4,1.5,2019-07-25,2022-01-28,2022.0,1.0,918.0,22562.6836461126
Loretta,Altos Juriquilla,148.6,194.6,0.0,46.0,2.0,Horizontal,2692756.07,2692756.07,0.0,2020-11-13,2022-01-22,2022.0,1.0,435.0,18120.834925975774
Loretta,Altos Juriquilla,110.4,185.1,74.7,0.0,2.0,Horizontal,2709690.64,2655496.83,2.0,2020-11-13,2022-01-24,2022.0,1.0,437.0,24053.41331521739
Sophia Distrito,Jurica,250.3,284.4,34.1,0.0,2.0,Horizontal,5984850.0,5963925.75,0.5,2021-09-25,2022-01-31,2022.0,1.0,128.0,23827.110467439074
Sophia Distrito,Jurica,250.3,285.4,35.1,0.0,2.0,Horizontal,4939891.39,4858093.56,2.0,2021-09-25,2022-01-31,2022.0,1.0,128.0,19409.08333999201
Paseo Miró B,Zibatá,148.1,204.96,45.2,11.66,2.0,Subvertical,3449571.53,3208101.52,7.0,2019-11-20,2022-01-29,2022.0,1.0,801.0,21661.725320729238
Sophia Distrito,Jurica,135.0,145.31,0.0,10.31,2.0,Subvertical,3240555.0,3240555.0,0.0,2021-09-25,2022-10-20,2022.0,10.0,390.0,24004.11111111111
Sinfonía,Rancho Cerro Prieto,146.7,146.7,0.0,0.0,2.0,Horizontal,3023729.75,3044229.75,0.0,2021-11-10,2022-02-04,2022.0,2.0,86.0,20751.395705521474
Paseo Miró,Zibatá,165.7,252.83,74.0,13.13,2.0,Horizontal,3261003.42,3261003.42,0.0,2017-02-07,2022-02-10,2022.0,2.0,1829.0,19680.16547978274
Sinfonía,Rancho Cerro Prieto,165.3,198.3,33.0,0.0,2.0,Horizontal,3225933.98,3209804.31,0.5,2021-11-10,2022-02-05,2022.0,2.0,87.0,19418.05390199637
Sophia Distrito,Jurica,215.8,258.2,42.4,0.0,2.0,Horizontal,5395038.0,5314112.43,1.5,2021-09-25,2022-02-08,2022.0,2.0,136.0,24625.1734476367
Sophia Distrito,Jurica,250.3,284.4,34.1,0.0,2.0,Horizontal,4930567.39,4757997.53,3.5,2021-09-25,2022-02-04,2022.0,2.0,132.0,19009.179105073912
Sophia Distrito,Jurica,135.2,145.51,0.0,10.31,2.0,Subvertical,3096469.58,3096469.58,0.0,2021-09-25,2022-08-02,2022.0,8.0,311.0,22902.881508875744
Sophia Distrito,Jurica,250.3,285.4,35.1,0.0,2.0,Horizontal,6016788.0,6025788.0,0.0,2021-09-25,2022-02-09,2022.0,2.0,137.0,24074.26288453855
El Capricho,"Cascatta II, Lomas de Angelópolis",219.2,237.2,18.0,0.0,0.0,Horizontal,3751639.1,3413991.58,9.0,2019-07-16,2022-02-04,2022.0,2.0,934.0,15574.779105839418
Loretta,Altos Juriquilla,138.8,193.5,54.7,0.0,2.0,Horizontal,3042334.65,3007199.63,1.5,2020-11-13,2022-02-08,2022.0,2.0,452.0,21665.703386167144
Loretta,Altos Juriquilla,138.8,193.5,54.7,0.0,2.0,Horizontal,3042334.65,3007199.63,1.5,2020-11-13,2022-02-15,2022.0,2.0,459.0,21665.703386167144
Loretta,Altos Juriquilla,138.8,193.5,54.7,0.0,2.0,Horizontal,3103181.34,3067133.62,1.5,2020-11-13,2022-02-15,2022.0,2.0,459.0,22097.504466858787
Sinfonía,Rancho Cerro Prieto,121.5,158.4,36.9,0.0,2.0,Horizontal,2544424.52,2417203.29,5.0,2021-11-10,2022-02-07,2022.0,2.0,89.0,19894.67728395062
Alegra Towers,Juriquilla Santa Fe,97.7,105.6,0.0,7.9,2.0,Vertical,3265234.06,3303157.89,0.5,2018-08-29,2022-02-04,2022.0,2.0,1255.0,33809.190276356196
Loretta,Altos Juriquilla,110.4,185.1,74.7,0.0,2.0,Horizontal,2709690.64,2722190.64,0.0,2020-11-13,2022-02-10,2022.0,2.0,454.0,24657.52391304348
El Capricho,"Cascatta II, Lomas de Angelópolis",233.6,277.7,44.1,0.0,0.0,Horizontal,3822850.0,3528843.5,9.0,2019-07-16,2022-02-06,2022.0,2.0,936.0,15106.350599315068
Sophia Distrito,Jurica,161.6,188.78,0.0,27.18,2.0,Subvertical,4178464.44,4182964.44,0.0,2021-09-25,2022-12-07,2022.0,12.0,438.0,25884.68094059406
Loretta,Altos Juriquilla,110.4,185.1,74.7,0.0,2.0,Horizontal,2763347.88,2763347.88,0.0,2020-11-13,2022-02-10,2022.0,2.0,454.0,25030.324999999997
Sinfonía,Rancho Cerro Prieto,123.0,150.5,27.5,0.0,2.0,Horizontal,2567183.47,2567183.47,0.0,2021-11-10,2022-02-18,2022.0,2.0,100.0,20871.410325203255
Loretta,Altos Juriquilla,148.6,194.6,0.0,46.0,2.0,Horizontal,2746611.19,2746611.19,0.0,2020-11-13,2022-02-10,2022.0,2.0,454.0,18483.251615074023
Alegra Towers,Juriquilla Santa Fe,343.5,356.82,0.0,13.32,3.0,Vertical,9509833.76,9146806.48,7.0,2018-08-29,2022-02-10,2022.0,2.0,1261.0,26628.257583697236
Paseo Miró,Zibatá,165.7,252.83,74.0,13.13,2.0,Horizontal,3261003.42,3244698.4,0.5,2017-02-07,2022-02-19,2022.0,2.0,1838.0,19581.76463488232
Sophia Distrito,Jurica,86.2,123.2,28.3,8.7,1.0,Subvertical,2875253.31,2803371.98,2.5,2021-09-25,2022-10-20,2022.0,10.0,390.0,32521.716705336425
Serena,Altos Juriquilla,151.3,181.5,30.2,0.0,2.0,Horizontal,2880000.0,2880000.0,0.0,2020-04-17,2022-02-09,2022.0,2.0,663.0,19035.02974223397
Paseo Miró B,Zibatá,149.2,224.66,63.8,11.66,2.0,Subvertical,3417616.65,3263823.9,4.5,2019-07-25,2022-02-14,2022.0,2.0,935.0,21875.495308310994
Sinfonía,Rancho Cerro Prieto,151.3,185.6,34.3,0.0,2.0,Horizontal,3037956.1,3037956.1,0.0,2021-11-10,2022-02-17,2022.0,2.0,99.0,20079.02247191011
Sinfonía,Rancho Cerro Prieto,115.2,172.6,57.4,0.0,2.0,Horizontal,2835358.9,2843358.9,0.0,2021-11-10,2022-02-26,2022.0,2.0,108.0,24681.934895833332
Paseo Miró B,Zibatá,149.4,161.06,0.0,11.66,2.0,Subvertical,3296368.39,3115068.13,5.5,2019-11-20,2022-02-25,2022.0,2.0,828.0,20850.522958500667
Loretta,Altos Juriquilla,148.6,194.6,0.0,46.0,2.0,Horizontal,2746611.19,2677945.91,2.5,2020-11-13,2022-02-16,2022.0,2.0,460.0,18021.170323014805
Paseo Monet,Zibatá,205.8,243.9,38.1,0.0,2.0,Horizontal,3775524.97,3775524.97,0.0,2017-06-02,2022-02-25,2022.0,2.0,1729.0,18345.60238095238
Serena,Altos Juriquilla,215.0,246.8,31.8,0.0,2.0,Horizontal,4178497.3,4053142.38,3.0,2020-04-17,2022-02-21,2022.0,2.0,675.0,18851.825023255813
Alondra,Altos Juriquilla,134.1,167.3,33.2,0.0,2.0,Horizontal,3133608.0,3139439.96,0.5,2022-02-17,2022-03-31,2022.0,3.0,42.0,23411.18538404176
Alondra,Altos Juriquilla,180.6,220.5,39.9,0.0,2.0,Horizontal,3800451.0,3818451.0,0.0,2022-02-17,2022-03-30,2022.0,3.0,41.0,21143.13953488372
Loretta,Altos Juriquilla,138.8,193.5,54.7,0.0,2.0,Horizontal,3103181.34,3098165.43,0.5,2020-11-13,2022-02-26,2022.0,2.0,470.0,22321.07658501441
Serena,Altos Juriquilla,151.3,185.6,34.3,0.0,2.0,Horizontal,2928000.0,2928000.0,0.0,2020-04-17,2022-02-28,2022.0,2.0,682.0,19352.28023793787
Paseo Miró,Zibatá,165.7,252.83,74.0,13.13,2.0,Horizontal,3261003.42,3261003.42,0.0,2017-02-07,2022-03-12,2022.0,3.0,1859.0,19680.16547978274
Amara Grand,Altos Juriquilla,190.7,227.8,37.1,0.0,2.0,Horizontal,3902206.4,3902206.4,0.0,2018-07-09,2022-02-28,2022.0,2.0,1330.0,20462.54011536445
Serena,Altos Juriquilla,151.3,177.2,25.9,0.0,2.0,Horizontal,2920000.0,2920000.0,0.0,2020-04-17,2022-02-26,2022.0,2.0,680.0,19299.405155320554
Alegra Towers,Juriquilla Santa Fe,306.9,320.16,0.0,13.26,0.0,Vertical,8895879.0,8895879.0,0.0,2017-04-27,2022-02-21,2022.0,2.0,1761.0,28986.246334310854
Alegra Towers,Juriquilla Santa Fe,133.5,145.46,0.0,11.96,2.0,Vertical,4366926.16,4104910.59,6.0,2017-04-27,2022-02-28,2022.0,2.0,1768.0,30748.39393258427
Paseo Miró C,Zibatá,142.5,158.3,15.8,0.0,2.0,Horizontal,2740026.8,2757526.8,0.0,2018-04-24,2022-04-30,2022.0,4.0,1467.0,19351.065263157892
Loretta,Altos Juriquilla,148.6,194.6,0.0,46.0,2.0,Horizontal,2794126.67,2799626.67,0.0,2020-11-13,2022-03-12,2022.0,3.0,484.0,18840.01796769852
Sinfonía,Rancho Cerro Prieto,123.0,152.6,29.6,0.0,2.0,Horizontal,2567183.47,2541511.64,1.0,2021-11-10,2022-03-05,2022.0,3.0,115.0,20662.696260162604
Alondra,Altos Juriquilla,165.4,196.5,31.1,0.0,2.0,Horizontal,3709192.8,3817792.8,0.0,2022-02-17,2022-03-17,2022.0,3.0,28.0,23082.18137847642
Alondra,Altos Juriquilla,165.4,216.9,51.5,0.0,2.0,Horizontal,3616367.0,3616367.0,0.0,2022-02-17,2022-03-16,2022.0,3.0,27.0,21864.37122128174
Sophia Distrito,Jurica,165.0,312.8,147.8,0.0,2.0,Subvertical,6559750.0,4486927.21,31.6,2021-09-25,2023-04-30,2023.0,4.0,582.0,27193.49824242424
Sinfonía,Rancho Cerro Prieto,121.5,157.5,36.0,0.0,2.0,Horizontal,3104146.4,3112146.4,0.0,2021-11-10,2023-04-30,2023.0,4.0,536.0,25614.37366255144
Alondra,Altos Juriquilla,121.5,191.9,70.4,0.0,2.0,Horizontal,3345742.1,3245369.84,3.0,2022-02-17,2023-05-05,2023.0,5.0,442.0,26710.862880658435
Alegra Towers,Juriquilla Santa Fe,173.6,190.24,0.0,16.64,2.0,Vertical,5033919.0,4731883.86,6.0,2018-08-29,2023-04-30,2023.0,4.0,1705.0,27257.395506912446
Alondra,Altos Juriquilla,121.5,155.5,34.0,0.0,2.0,Horizontal,3303525.0,3303525.0,0.0,2022-02-17,2023-05-08,2023.0,5.0,445.0,27189.506172839505
Alondra,Altos Juriquilla,121.5,191.9,70.4,0.0,2.0,Horizontal,3345742.1,3353742.1,0.0,2022-02-17,2023-05-08,2023.0,5.0,445.0,27602.815637860083
Loretta,Altos Juriquilla,146.7,214.7,0.0,68.0,2.0,Horizontal,3364947.26,3364947.26,0.0,2020-11-13,2023-05-20,2023.0,5.0,918.0,22937.60913428766
Alondra,Altos Juriquilla,123.1,152.3,29.2,0.0,2.0,Horizontal,3301776.86,3310776.86,0.0,2022-02-17,2023-05-08,2023.0,5.0,445.0,26895.01917140536
Nazca Lofts & Apartments,Zibatá II,112.4,141.7,29.3,0.0,2.0,Subvertical,3272067.74,3287067.74,0.0,2022-05-24,2025-06-08,2025.0,6.0,1111.0,29244.374911032028
Alegra Towers,Juriquilla Santa Fe,173.6,190.24,0.0,16.64,2.0,Vertical,5007402.13,4706958.0,6.0,2018-08-29,2023-05-07,2023.0,5.0,1712.0,27113.8133640553
Nazca Nea,Zibatá II,154.4,169.5,15.1,0.0,2.0,Horizontal,3270154.59,3270154.59,0.0,2022-03-17,2023-05-10,2023.0,5.0,419.0,21179.757707253884
Sophia Distrito,Jurica,165.3,175.65,0.0,10.35,2.0,Subvertical,4688945.76,4595166.84,2.0,2021-09-25,2024-02-06,2024.0,2.0,864.0,27798.952450090743
Alondra,Altos Juriquilla,121.5,191.0,69.5,0.0,2.0,Horizontal,3395928.0,3395928.0,0.0,2022-02-17,2023-05-12,2023.0,5.0,449.0,27950.024691358023
Sophia Distrito,Jurica,135.0,145.31,0.0,10.31,2.0,Subvertical,3820242.72,3768837.87,2.0,2021-09-25,2023-05-11,2023.0,5.0,593.0,27917.317555555557
Sophia Distrito,Jurica,161.6,188.78,0.0,27.18,2.0,Subvertical,4872499.59,4876999.59,0.0,2021-09-25,2023-12-20,2023.0,12.0,816.0,30179.452908415842
Emma,Cumbres del Lago,146.7,210.03,0.0,63.33,2.0,Horizontal,3470810.33,3485010.33,0.0,2022-12-08,2023-09-10,2023.0,9.0,276.0,23756.034969325156
Nazca Nea,Zibatá II,165.3,191.3,26.0,0.0,2.0,Horizontal,4119710.0,4043217.25,2.5,2022-03-17,2023-05-25,2023.0,5.0,434.0,24459.874470659404
Sinfonía,Rancho Cerro Prieto,91.9,130.2,38.3,0.0,2.0,Horizontal,2545974.05,2578440.82,0.0,2022-05-12,2023-05-29,2023.0,5.0,382.0,28057.0274211099
Sophia Distrito,Jurica,86.2,116.6,21.7,8.7,2.0,Subvertical,3392325.52,3395325.52,0.0,2021-09-25,2023-05-22,2023.0,5.0,604.0,39388.92714617169
El Capricho,"Cascatta II, Lomas de Angelópolis",219.2,237.2,18.0,0.0,0.0,Horizontal,4243043.33,4163043.33,0.0,2019-07-16,2023-05-25,2023.0,5.0,1409.0,18991.98599452555
Nazca Nea,Zibatá II,154.4,169.5,15.1,0.0,2.0,Horizontal,3270154.59,3253803.82,0.5,2022-03-17,2023-05-23,2023.0,5.0,432.0,21073.858937823832
Gran Motivo,Zarú,136.1,136.1,0.0,0.0,2.0,Horizontal,3115618.0,3115618.0,0.0,2022-08-03,2023-05-20,2023.0,5.0,290.0,22892.123438648054
Nazca Nea,Zibatá II,154.4,169.5,15.1,0.0,2.0,Horizontal,3270154.59,3253803.82,0.5,2022-03-17,2023-05-23,2023.0,5.0,432.0,21073.858937823832
Nazca Nea,Zibatá II,205.8,237.2,31.4,0.0,2.0,Horizontal,4426750.93,4404617.18,0.5,2022-03-17,2023-05-29,2023.0,5.0,438.0,21402.41584062196
Alondra,Altos Juriquilla,121.5,155.5,34.0,0.0,2.0,Horizontal,3303525.0,3303525.0,0.0,2022-02-17,2023-05-30,2023.0,5.0,467.0,27189.506172839505
Sophia Distrito,Jurica,86.2,94.9,0.0,8.7,1.0,Subvertical,3095582.26,3095582.26,0.0,2021-09-25,2023-12-20,2023.0,12.0,816.0,35911.62714617169
Gran Motivo,Zarú,110.4,183.0,72.6,0.0,2.0,Horizontal,2962488.49,3005888.49,0.0,2022-08-03,2023-05-27,2023.0,5.0,297.0,27227.25081521739
Alondra,Altos Juriquilla,123.1,190.1,67.0,0.0,2.0,Horizontal,3430935.91,3439935.91,0.0,2022-02-17,2023-05-27,2023.0,5.0,464.0,27944.23972380179
Sophia Distrito,Jurica,86.2,94.9,0.0,8.7,1.0,Subvertical,3030175.54,3005175.54,0.0,2021-09-25,2024-05-20,2024.0,5.0,968.0,34862.825290023204
Sophia Distrito,Jurica,165.3,175.65,0.0,10.35,2.0,Subvertical,4899797.64,4703805.73,4.0,2021-09-25,2024-04-05,2024.0,4.0,923.0,28456.17501512402
Sophia Distrito,Jurica,86.2,94.9,0.0,8.7,1.0,Subvertical,3345988.99,3369988.99,0.0,2021-09-25,2024-09-12,2024.0,9.0,1083.0,39094.99988399072
Nazca Lofts & Apartments,Zibatá II,149.4,149.4,0.0,0.0,2.0,Subvertical,3758470.4,3777470.4,0.0,2022-05-24,2025-05-06,2025.0,5.0,1078.0,25284.273092369476
Sophia Distrito,Jurica,198.7,242.8,0.0,44.1,2.0,Subvertical,6188925.7,6104177.09,2.0,2021-09-25,2024-02-08,2024.0,2.0,866.0,30720.569149471565
Sophia Distrito,Jurica,135.0,145.31,0.0,10.31,2.0,Subvertical,3820242.72,3692433.01,4.0,2021-09-25,2023-09-25,2023.0,9.0,730.0,27351.355629629626
Sinfonía,Rancho Cerro Prieto,115.2,192.5,77.3,0.0,2.0,Horizontal,3071464.08,2917890.88,5.0,2021-11-10,2023-06-02,2023.0,6.0,569.0,25328.91388888889
Melodía,Nuevo Refugio,165.3,187.3,22.0,0.0,2.0,Horizontal,3891938.0,3851938.0,0.0,2023-03-15,2023-05-31,2023.0,5.0,77.0,23302.71022383545
Emma,Cumbres del Lago,138.8,198.0,59.2,0.0,2.0,Horizontal,3958686.44,3958686.44,0.0,2022-12-08,2023-06-13,2023.0,6.0,187.0,28520.795677233426
Nazca Nea,Zibatá II,205.8,237.2,31.4,0.0,2.0,Horizontal,4426684.41,4426684.41,0.0,2022-03-17,2023-06-14,2023.0,6.0,454.0,21509.64241982507
Melodía,Nuevo Refugio,165.34,187.74,22.4,0.0,2.0,Horizontal,3727672.4,3726195.68,1.0,2023-03-15,2023-07-08,2023.0,7.0,115.0,22536.56513850248
Nazca Nea,Zibatá II,205.8,237.24,31.44,0.0,2.0,Horizontal,4220855.54,4220855.54,0.0,2022-03-17,2023-06-03,2023.0,6.0,443.0,20509.502137998057
Alondra,Altos Juriquilla,180.6,253.0,72.4,0.0,2.0,Horizontal,4431882.24,4298925.77,3.0,2022-02-17,2023-06-09,2023.0,6.0,477.0,23803.575692137318
Sinfonía,Rancho Cerro Prieto,148.6,148.6,0.0,0.0,2.0,Horizontal,3049214.44,2971245.86,4.0,2021-11-10,2023-06-10,2023.0,6.0,577.0,19994.925033647374
Nazca Nea,Zibatá II,174.0,202.4,28.4,0.0,2.0,Horizontal,3921896.21,3929896.21,0.0,2022-03-17,2023-06-15,2023.0,6.0,455.0,22585.61040229885
Alondra,Altos Juriquilla,134.1,157.7,23.6,0.0,2.0,Horizontal,3503644.26,3536144.26,0.0,2022-02-17,2023-06-20,2023.0,6.0,488.0,26369.457568978374
Nazca Nea,Zibatá II,205.8,237.2,31.4,0.0,2.0,Horizontal,4669154.0,4669154.0,0.0,2022-03-17,2023-06-17,2023.0,6.0,457.0,22687.8231292517
Melodía,Nuevo Refugio,151.14,207.66,56.52,0.0,2.0,Horizontal,3739153.0,3739153.0,0.0,2023-03-15,2023-06-10,2023.0,6.0,87.0,24739.665211062595
Nazca Munay,Zibatá II,146.7,223.1,8.4,68.0,2.0,Horizontal,3515407.87,3515407.87,0.0,2022-03-17,2023-06-20,2023.0,6.0,460.0,23963.243830947515
Nazca Munay,Zibatá II,136.1,194.1,0.0,58.0,2.0,Horizontal,3233705.0,3245705.0,0.0,2022-03-17,2023-07-08,2023.0,7.0,478.0,23847.94268919912
Nazca Munay,Zibatá II,136.1,194.1,0.0,58.0,2.0,Horizontal,2973954.23,2973344.92,1.5,2022-03-17,2023-06-14,2023.0,6.0,454.0,21846.7664952241
Sophia Distrito,Jurica,161.6,188.78,0.0,27.18,2.0,Subvertical,4928099.48,4928099.48,0.0,2021-09-25,2023-12-20,2023.0,12.0,816.0,30495.665099009904
Alegra Towers,Juriquilla Santa Fe,173.6,190.55,0.0,16.95,2.0,Vertical,4878580.83,4585865.98,6.0,2017-04-27,2023-06-16,2023.0,6.0,2241.0,26416.27868663595
Loretta,Altos Juriquilla,138.8,251.8,113.0,0.0,2.0,Horizontal,3650276.51,3632025.13,0.5,2020-11-13,2023-06-10,2023.0,6.0,939.0,26167.328025936597
Emma,Cumbres del Lago,146.7,210.03,0.0,63.33,2.0,Horizontal,3470810.33,3470810.33,0.0,2022-12-08,2023-08-15,2023.0,8.0,250.0,23659.238786639402
Nazca Lofts & Apartments,Zibatá II,148.1,148.1,0.0,0.0,2.0,Subvertical,3621968.79,3422760.51,5.5,2022-05-24,2023-06-17,2023.0,6.0,389.0,23111.144564483457
Nazca Lofts & Apartments,Zibatá II,149.4,149.4,0.0,0.0,2.0,Subvertical,3743048.0,3331312.72,11.0,2022-05-24,2023-06-22,2023.0,6.0,394.0,22297.94323962517
Sophia Distrito,Jurica,215.8,254.8,39.0,0.0,2.0,Horizontal,5313695.82,5322695.82,0.0,2021-09-25,2023-06-09,2023.0,6.0,622.0,24664.948192771084
Sophia Distrito,Jurica,165.3,175.65,0.0,10.35,2.0,Subvertical,4852246.03,4759439.88,2.5,2021-09-25,2024-01-12,2024.0,1.0,839.0,28792.73974591651
Nazca Nea,Zibatá II,174.0,202.4,28.4,0.0,2.0,Horizontal,3863937.15,3659420.61,5.5,2022-03-17,2023-06-17,2023.0,6.0,457.0,21031.15293103448
Nazca Munay,Zibatá II,110.5,272.6,162.1,0.0,2.0,Horizontal,3511129.72,3493574.07,0.5,2022-03-17,2023-06-13,2023.0,6.0,453.0,31616.054932126695
Sophia Distrito,Jurica,135.0,145.31,0.0,10.31,2.0,Subvertical,3863342.18,3708808.49,4.0,2021-09-25,2023-06-21,2023.0,6.0,634.0,27472.655481481484
Sophia Distrito,Jurica,86.2,94.9,0.0,8.7,1.0,Subvertical,3040175.54,3064175.54,0.0,2021-09-25,2023-10-13,2023.0,10.0,748.0,35547.280046403714
Nazca Munay,Zibatá II,148.7,204.0,9.3,46.0,2.0,Horizontal,3266038.27,3249708.08,0.5,2022-03-17,2023-06-13,2023.0,6.0,453.0,21854.12293207801
Nazca Nea,Zibatá II,205.8,237.2,31.4,0.0,2.0,Horizontal,4323738.27,4323738.27,0.0,2022-03-17,2023-06-13,2023.0,6.0,453.0,21009.418221574342
Nazca Munay,Zibatá II,136.1,194.1,0.0,58.0,2.0,Horizontal,3010824.18,3042824.18,0.0,2022-03-17,2023-06-29,2023.0,6.0,469.0,22357.268038207203
Nazca Nea,Zibatá II,205.8,237.2,31.4,0.0,2.0,Horizontal,4456599.61,4442167.62,2.0,2022-03-17,2023-06-22,2023.0,6.0,462.0,21584.87667638484
Gran Motivo,Zarú,138.8,179.8,41.0,0.0,2.0,Horizontal,3461974.88,3469974.88,0.0,2022-08-03,2023-06-19,2023.0,6.0,320.0,24999.81902017291
Emma,Cumbres del Lago,110.4,184.0,73.6,0.0,2.0,Horizontal,3508287.09,3520787.09,0.0,2022-12-08,2023-06-30,2023.0,6.0,204.0,31891.187409420287
Loretta,Altos Juriquilla,146.7,214.7,0.0,68.0,2.0,Horizontal,3364947.26,3348122.52,0.5,2020-11-13,2023-06-18,2023.0,6.0,947.0,22822.921063394686
Sophia Distrito,Jurica,165.3,175.65,0.0,10.35,2.0,Subvertical,4883947.1,4786268.16,2.0,2021-09-25,2024-12-04,2024.0,12.0,1166.0,28955.040290381123
Nazca Nea,Zibatá II,154.4,169.5,15.1,0.0,2.0,Horizontal,3288256.8,3238932.95,1.5,2022-03-17,2023-06-30,2023.0,6.0,470.0,20977.545012953367
Sophia Distrito,Jurica,86.2,116.6,21.7,8.7,2.0,Subvertical,3392325.52,3370325.52,0.0,2021-09-25,2024-12-04,2024.0,12.0,1166.0,39098.90394431554
Gran Motivo,Zarú,148.6,148.6,0.0,0.0,2.0,Horizontal,2984171.83,2938646.68,3.0,2022-08-03,2023-06-29,2023.0,6.0,330.0,19775.549663526246
Sophia Distrito,Jurica,135.0,202.5,67.5,0.0,2.0,Subvertical,4905013.32,4733812.79,4.0,2021-09-25,2023-06-23,2023.0,6.0,636.0,35065.27992592593
Loretta,Altos Juriquilla,138.8,251.8,113.0,0.0,2.0,Horizontal,3650276.51,3540768.21,3.0,2020-11-13,2023-06-23,2023.0,6.0,952.0,25509.85742074928
Nazca Munay,Zibatá II,136.1,194.1,0.0,58.0,2.0,Horizontal,3117984.08,3129984.08,0.0,2022-03-17,2023-06-17,2023.0,6.0,457.0,22997.67876561352
Nazca Lofts & Apartments,Zibatá II,148.1,148.1,0.0,0.0,2.0,Subvertical,3621968.79,3223552.22,11.0,2022-05-24,2023-06-29,2023.0,6.0,401.0,21766.05145172181
Nazca Lofts & Apartments,Zibatá II,112.4,141.7,29.3,0.0,2.0,Subvertical,3948270.0,3908787.3,1.0,2022-05-24,2023-10-20,2023.0,10.0,514.0,34775.68772241993
Nazca Nea,Zibatá II,121.0,152.0,31.0,0.0,2.0,Horizontal,3275304.22,3275304.22,0.0,2022-03-17,2024-01-10,2024.0,1.0,664.0,27068.629917355374
Sophia Distrito,Jurica,215.8,254.9,39.1,0.0,2.0,Horizontal,5314061.93,5287491.62,0.5,2021-09-25,2023-06-27,2023.0,6.0,640.0,24501.81473586654
Gran Motivo,Zarú,136.1,136.1,0.0,0.0,2.0,Horizontal,2961045.29,2961045.29,0.0,2022-08-03,2023-06-26,2023.0,6.0,327.0,21756.39448934607
Alegra Towers,Juriquilla Santa Fe,344.1,357.1,0.0,13.0,3.0,Vertical,9702848.76,9654334.52,0.5,2016-06-29,2023-06-29,2023.0,6.0,2556.0,28056.769892473116
Nazca Nea,Zibatá II,121.0,152.0,31.0,0.0,2.0,Horizontal,3275233.29,3275233.29,0.0,2022-03-17,2023-06-29,2023.0,6.0,469.0,27068.043719008263
Sophia Distrito,Jurica,135.2,145.51,0.0,10.31,2.0,Subvertical,3992542.97,3992542.97,0.0,2021-09-25,2025-06-20,2025.0,6.0,1364.0,29530.64326923077
Sophia Distrito,Jurica,250.3,283.9,33.6,0.0,2.0,Horizontal,5840584.88,5694367.33,3.0,2021-09-25,2023-07-24,2023.0,7.0,667.0,22750.16911705953
Nazca Lofts & Apartments,Zibatá II,148.1,148.1,0.0,0.0,2.0,Subvertical,3793222.84,3812222.84,0.0,2022-05-24,2023-06-27,2023.0,6.0,399.0,25740.86995273464
Gran Motivo,Zarú,146.7,146.7,0.0,0.0,2.0,Horizontal,3143996.21,3089956.34,3.5,2022-08-03,2023-07-06,2023.0,7.0,337.0,21063.09706884799
Amara Grand,Altos Juriquilla,205.1,235.1,30.0,0.0,2.0,Horizontal,4500000.0,4500000.0,0.0,2018-07-09,2023-06-28,2023.0,6.0,1815.0,21940.516821062898
Alegra Towers,Juriquilla Santa Fe,97.7,105.6,0.0,7.9,2.0,Vertical,3362334.13,3345522.46,0.5,2018-08-29,2023-06-29,2023.0,6.0,1765.0,34242.80921187308
Alegra Towers,Juriquilla Santa Fe,306.4,319.94,0.0,13.54,3.0,Vertical,8884713.78,8307207.38,6.5,2018-08-29,2023-06-30,2023.0,6.0,1766.0,27112.295626631854
Melodía,Nuevo Refugio,151.1,224.2,73.1,0.0,2.0,Horizontal,3881799.0,3914699.0,0.0,2023-03-15,2023-08-03,2023.0,8.0,141.0,25908.001323626737
Melodía,Nuevo Refugio,121.5,149.3,27.8,0.0,2.0,Horizontal,3340836.0,3324131.82,0.5,2023-03-15,2023-07-26,2023.0,7.0,133.0,27359.109629629627
Sophia Distrito,Jurica,135.0,145.31,0.0,10.31,2.0,Subvertical,4009533.51,4009533.51,0.0,2021-09-25,2024-03-01,2024.0,3.0,888.0,29700.24822222222
Sophia Distrito,Jurica,135.0,145.31,0.0,10.31,2.0,Subvertical,3993322.48,3973056.03,2.0,2021-09-25,2024-03-05,2024.0,3.0,892.0,29430.044666666665
Sophia Distrito,Jurica,161.6,188.78,0.0,27.18,2.0,Subvertical,4954411.62,4945367.3,0.0,2021-09-25,2023-09-19,2023.0,9.0,724.0,30602.52042079208
Emma,Cumbres del Lago,136.1,188.2,0.0,52.1,2.0,Horizontal,3329370.0,3329370.0,0.0,2022-12-08,2023-07-31,2023.0,7.0,235.0,24462.674504041148
Sinfonía,Rancho Cerro Prieto,146.7,146.7,0.0,0.0,2.0,Horizontal,3128972.24,3102037.66,1.5,2021-11-10,2023-07-17,2023.0,7.0,614.0,21145.45098841173
Nazca Nea,Zibatá II,154.4,169.5,15.1,0.0,2.0,Horizontal,3694093.19,3694093.19,0.0,2022-03-17,2023-10-12,2023.0,10.0,574.0,23925.474028497407
Nazca Munay,Zibatá II,136.1,194.1,0.0,58.0,2.0,Horizontal,3010824.18,3022824.18,0.0,2022-03-17,2023-07-11,2023.0,7.0,481.0,22210.317266715654
Emma,Cumbres del Lago,138.8,191.8,53.0,0.0,2.0,Horizontal,3935534.15,3935534.15,0.0,2022-12-08,2023-07-17,2023.0,7.0,221.0,28353.9924351585
Nazca Munay,Zibatá II,115.2,307.9,192.7,0.0,2.0,Horizontal,3847365.0,3836128.18,0.5,2022-03-17,2023-07-17,2023.0,7.0,487.0,33299.72378472222
Nazca Munay,Zibatá II,136.1,204.5,10.4,58.0,2.0,Horizontal,3641805.0,3635595.98,0.5,2022-03-17,2023-07-17,2023.0,7.0,487.0,26712.68170462895
Sinfonía,Rancho Cerro Prieto,73.8,178.5,104.7,0.0,2.0,Horizontal,2335395.22,2363195.22,0.0,2022-05-12,2023-07-15,2023.0,7.0,429.0,32021.615447154476
Nazca Nea,Zibatá II,165.3,191.3,26.0,0.0,2.0,Horizontal,4000480.0,4021980.0,0.0,2022-03-17,2023-07-28,2023.0,7.0,498.0,24331.397459165153
Nazca Nea,Zibatá II,165.3,191.3,26.0,0.0,2.0,Horizontal,3871740.79,3871740.79,0.0,2022-03-17,2023-07-22,2023.0,7.0,492.0,23422.509316394433
Sophia Distrito,Jurica,165.0,239.4,74.4,0.0,2.0,Subvertical,5879585.91,5879585.91,0.0,2021-09-25,2023-07-29,2023.0,7.0,672.0,35633.854
Nazca Nea,Zibatá II,165.3,191.3,26.0,0.0,2.0,Horizontal,4000479.83,4000479.83,0.0,2022-03-17,2023-07-25,2023.0,7.0,495.0,24201.32988505747
Sinfonía,Rancho Cerro Prieto,110.4,187.1,76.7,0.0,2.0,Horizontal,3107142.84,3029464.27,2.5,2021-11-10,2023-07-22,2023.0,7.0,619.0,27440.799547101447
Nazca Munay,Zibatá II,110.5,183.9,73.4,0.0,2.0,Horizontal,3214003.0,3181862.97,1.0,2022-03-17,2023-08-12,2023.0,8.0,513.0,28795.140000000003
Alondra,Altos Juriquilla,165.4,239.1,73.7,0.0,2.0,Horizontal,4149508.48,4033023.23,3.0,2022-02-17,2023-07-28,2023.0,7.0,526.0,24383.453627569528
Sophia Distrito,Jurica,86.2,94.9,0.0,8.7,1.0,Subvertical,3280582.26,3264179.35,0.5,2021-09-25,2024-07-14,2024.0,7.0,1023.0,37867.509860788865
Alegra Towers,Juriquilla Santa Fe,173.6,190.24,0.0,16.64,2.0,Vertical,4927851.5,4632180.41,6.0,2018-08-29,2023-07-31,2023.0,7.0,1797.0,26683.066877880185
Sophia Distrito,Jurica,135.0,145.31,0.0,10.31,2.0,Subvertical,3977111.44,3977111.44,0.0,2021-09-25,2023-07-29,2023.0,7.0,672.0,29460.084740740742
Sophia Distrito,Jurica,86.2,94.9,0.0,8.7,1.0,Subvertical,3062878.89,3062878.89,0.0,2021-09-25,2023-12-20,2023.0,12.0,816.0,35532.23770301624
Sinfonía,Rancho Cerro Prieto,134.0,159.4,25.4,0.0,2.0,Horizontal,3166629.2,3071630.32,3.0,2021-11-10,2023-07-28,2023.0,7.0,625.0,22922.614328358206
Melodía,Nuevo Refugio,151.1,176.2,25.1,0.0,2.0,Horizontal,3750000.0,3750000.0,0.0,2023-03-15,2023-08-12,2023.0,8.0,150.0,24818.001323626737
Nazca Lofts & Apartments,Zibatá II,112.4,112.4,0.0,0.0,2.0,Subvertical,3097386.22,3003977.7,3.5,2022-05-24,2023-11-10,2023.0,11.0,535.0,26725.78024911032
Paseo Miró B,Zibatá,148.1,159.76,0.0,11.66,2.0,Subvertical,3068833.95,3068833.95,0.0,2019-07-31,2022-05-16,2022.0,5.0,1020.0,20721.363605671846
Sophia Distrito,Jurica,165.3,175.65,0.0,10.35,2.0,Subvertical,4167618.56,4167618.56,0.0,2021-09-25,2022-05-07,2022.0,5.0,224.0,25212.453478523894
Sophia Distrito,Jurica,165.3,175.65,0.0,10.35,2.0,Subvertical,4111265.01,4116765.01,0.0,2021-09-25,2022-10-20,2022.0,10.0,390.0,24904.809497882634
Sophia Distrito,Jurica,161.6,188.78,0.0,27.18,2.0,Subvertical,4346347.66,4237688.97,2.5,2021-09-25,2022-05-13,2022.0,5.0,230.0,26223.322834158414
Sophia Distrito,Jurica,165.3,175.65,0.0,10.35,2.0,Subvertical,3988003.41,3911303.32,2.5,2021-09-25,2022-05-13,2022.0,5.0,230.0,23661.84706594071
Alondra,Altos Juriquilla,180.6,219.8,39.2,0.0,2.0,Horizontal,3917923.83,3925923.83,0.0,2022-02-17,2022-05-11,2022.0,5.0,83.0,21738.227187153934
Nazca Munay,Zibatá II,148.7,194.7,0.0,46.0,2.0,Horizontal,2806093.58,2806093.58,0.0,2022-03-17,2022-11-07,2022.0,11.0,235.0,18870.837794216546
Sophia Distrito,Jurica,219.5,257.7,38.2,0.0,2.0,Horizontal,5365222.65,5374222.65,0.0,2021-09-25,2022-05-23,2022.0,5.0,240.0,24483.930068337133
Loretta,Altos Juriquilla,148.6,194.6,0.0,46.0,2.0,Horizontal,2923033.8,2923033.8,0.0,2020-11-13,2022-05-30,2022.0,5.0,563.0,19670.483176312246
Sinfonía,Rancho Cerro Prieto,138.8,192.1,53.3,0.0,2.0,Horizontal,3157335.95,3125762.59,1.0,2021-11-10,2022-05-18,2022.0,5.0,189.0,22519.903386167145
Sophia Distrito,Jurica,219.5,257.7,38.2,0.0,2.0,Horizontal,4546798.86,4546798.86,0.0,2021-09-25,2022-05-28,2022.0,5.0,245.0,20714.345603644648
Alondra,Altos Juriquilla,121.5,156.6,35.1,0.0,2.0,Horizontal,2947517.67,2955517.67,0.0,2022-02-17,2022-05-30,2022.0,5.0,102.0,24325.2483127572
Sophia Distrito,Jurica,161.6,188.78,0.0,27.18,2.0,Subvertical,4284015.23,3855613.71,10.0,2021-09-25,2022-10-20,2022.0,10.0,390.0,23858.99573019802
Amara Grand,Altos Juriquilla,190.7,227.8,37.1,0.0,2.0,Horizontal,3902206.4,3785140.21,3.0,2018-07-09,2022-05-12,2022.0,5.0,1403.0,19848.66392239119
Sophia Distrito,Jurica,86.2,94.9,0.0,8.7,1.0,Subvertical,2730264.39,2757264.39,0.0,2021-09-25,2023-10-13,2023.0,10.0,748.0,31986.825870069606
Alondra,Altos Juriquilla,121.5,164.7,43.2,0.0,2.0,Horizontal,3006467.63,3006467.63,0.0,2022-02-17,2022-06-24,2022.0,6.0,127.0,24744.5895473251
Nazca Munay,Zibatá II,110.5,183.9,73.4,0.0,2.0,Horizontal,3214003.0,3214003.0,0.0,2022-03-17,2022-10-07,2022.0,10.0,204.0,29086.0
Loretta,Altos Juriquilla,138.8,193.5,54.7,0.0,2.0,Horizontal,3272120.49,3215317.48,2.5,2020-11-13,2022-05-19,2022.0,5.0,552.0,23165.11152737752
Sophia Distrito,Jurica,135.0,145.31,0.0,10.31,2.0,Subvertical,3431977.92,3191739.47,7.0,2021-09-25,2022-10-01,2022.0,10.0,371.0,23642.514592592594
Sophia Distrito,Jurica,86.2,94.9,0.0,8.7,1.0,Subvertical,2728534.77,2731534.77,0.0,2021-09-25,2023-11-25,2023.0,11.0,791.0,31688.338399071927
Loretta,Altos Juriquilla,110.4,221.5,111.1,0.0,2.0,Horizontal,2939033.07,2905447.57,1.5,2020-11-13,2022-05-19,2022.0,5.0,552.0,26317.459873188403
Sophia Distrito,Jurica,135.0,145.31,0.0,10.31,2.0,Subvertical,3416737.02,3292483.85,4.5,2021-09-25,2022-10-20,2022.0,10.0,390.0,24388.76925925926
Sophia Distrito,Jurica,250.3,284.4,34.1,0.0,2.0,Horizontal,5305146.9,5314146.9,0.0,2021-09-25,2022-05-19,2022.0,5.0,236.0,21231.110267678785
Sophia Distrito,Jurica,135.0,211.9,76.9,0.0,2.0,Subvertical,4314233.12,4314233.12,0.0,2021-09-25,2022-05-19,2022.0,5.0,236.0,31957.282370370373
Sinfonía,Rancho Cerro Prieto,92.4,111.18,0.0,18.78,2.0,Horizontal,2438860.0,2414471.4,1.0,2022-05-12,2022-12-16,2022.0,12.0,218.0,26130.642857142855
Sophia Distrito,Jurica,86.2,94.9,0.0,8.7,1.0,Subvertical,2669514.41,2669514.41,0.0,2021-09-25,2022-05-16,2022.0,5.0,233.0,30968.844663573087
Sophia Distrito,Jurica,86.2,94.9,0.0,8.7,1.0,Subvertical,2701519.57,2728519.57,0.0,2021-09-25,2022-12-03,2022.0,12.0,434.0,31653.359280742457
Sinfonía,Rancho Cerro Prieto,73.81,90.89,17.08,0.0,2.0,Horizontal,1809333.51,1755053.51,3.0,2022-05-12,2022-11-30,2022.0,11.0,202.0,23777.99092263921
Alondra,Altos Juriquilla,123.1,161.9,38.8,0.0,2.0,Horizontal,2977690.64,2986690.64,0.0,2022-02-17,2022-05-30,2022.0,5.0,102.0,24262.312266450044
Alegra Towers,Juriquilla Santa Fe,97.7,105.6,0.0,7.9,2.0,Vertical,3222136.4,3004674.81,8.5,2018-08-29,2022-05-20,2022.0,5.0,1360.0,30754.092221084953
Alegra Towers,Juriquilla Santa Fe,97.7,105.6,0.0,7.9,2.0,Vertical,3373636.4,3221822.76,4.5,2018-08-29,2022-05-20,2022.0,5.0,1360.0,32976.69150460594
Alegra Towers,Juriquilla Santa Fe,97.5,105.9,0.0,8.4,2.0,Vertical,3055250.0,2871935.0,6.0,2016-06-29,2022-05-18,2022.0,5.0,2149.0,29455.74358974359
Sinfonía,Rancho Cerro Prieto,134.0,159.4,25.4,0.0,2.0,Horizontal,3281511.0,3248695.89,1.0,2021-11-10,2022-05-22,2022.0,5.0,193.0,24243.999179104478
Loretta,Altos Juriquilla,110.4,212.0,101.6,0.0,2.0,Horizontal,2969999.82,2969999.82,0.0,2020-11-13,2022-05-30,2022.0,5.0,563.0,26902.17228260869
Sinfonía,Rancho Cerro Prieto,73.8,91.0,17.2,0.0,2.0,Horizontal,1809681.8,1809681.8,0.0,2022-05-12,2022-08-31,2022.0,8.0,111.0,24521.433604336045
Sinfonía,Rancho Cerro Prieto,73.8,90.9,17.1,0.0,2.0,Horizontal,1809333.51,1809286.84,0.5,2022-05-12,2022-12-21,2022.0,12.0,223.0,24516.081842818432
Sophia Distrito,Jurica,165.3,175.65,0.0,10.35,2.0,Subvertical,4152377.66,4152377.66,0.0,2021-09-25,2022-10-20,2022.0,10.0,390.0,25120.25202661827
Alegra Towers,Juriquilla Santa Fe,97.7,105.6,0.0,7.9,2.0,Vertical,3247386.4,3214844.81,3.0,2018-08-29,2022-05-26,2022.0,5.0,1366.0,32905.2692937564
Sophia Distrito,Jurica,135.2,145.51,0.0,10.31,2.0,Subvertical,3352189.13,3285145.35,2.0,2021-09-25,2022-10-20,2022.0,10.0,390.0,24298.41235207101
Sinfonía,Rancho Cerro Prieto,180.0,212.5,32.5,0.0,2.0,Horizontal,3459076.63,3424485.86,1.0,2021-11-10,2022-11-16,2022.0,11.0,371.0,19024.921444444444
Alondra,Altos Juriquilla,123.1,153.6,30.5,0.0,2.0,Horizontal,3022222.03,3022222.03,0.0,2022-02-17,2022-06-03,2022.0,6.0,106.0,24550.95069049553
Sinfonía,Rancho Cerro Prieto,123.0,152.6,29.6,0.0,2.0,Horizontal,2714896.21,2687747.25,1.0,2021-11-10,2022-05-26,2022.0,5.0,197.0,21851.603658536584
Sinfonía,Rancho Cerro Prieto,73.8,73.8,0.0,0.0,1.0,Horizontal,1718611.42,1629243.63,5.2,2022-05-12,2022-11-30,2022.0,11.0,202.0,22076.47195121951
Sophia Distrito,Jurica,86.2,94.9,0.0,8.7,1.0,Subvertical,2669514.41,2669514.41,0.0,2021-09-25,2022-10-20,2022.0,10.0,390.0,30968.844663573087
Sophia Distrito,Jurica,86.2,94.9,0.0,8.7,1.0,Subvertical,2654514.41,2681514.41,0.0,2021-09-25,2022-10-20,2022.0,10.0,390.0,31108.055800464037
Sinfonía,Rancho Cerro Prieto,91.9,112.0,20.1,0.0,2.0,Horizontal,2237992.69,2237992.69,0.0,2022-05-12,2022-12-30,2022.0,12.0,232.0,24352.47758433079
Nazca Lofts & Apartments,Zibatá II,145.7,198.91,0.0,53.21,2.0,Subvertical,3705140.0,3145843.3,15.5,2022-05-24,2024-10-10,2024.0,10.0,870.0,21591.237474262183
Sophia Distrito,Jurica,219.5,257.7,38.2,0.0,2.0,Horizontal,4683202.82,4692202.82,0.0,2021-09-25,2022-06-15,2022.0,6.0,263.0,21376.778223234625
Sophia Distrito,Jurica,198.7,242.8,0.0,44.1,2.0,Subvertical,5226747.94,5119079.24,2.5,2021-09-25,2022-10-20,2022.0,10.0,390.0,25762.85475591344
Sinfonía,Rancho Cerro Prieto,73.8,73.8,0.0,0.0,1.0,Horizontal,1718611.42,1726611.42,0.0,2022-05-12,2022-06-17,2022.0,6.0,36.0,23395.81869918699
Sinfonía,Rancho Cerro Prieto,136.1,136.1,0.0,0.0,2.0,Horizontal,2646714.56,2554079.55,3.5,2021-11-10,2022-06-10,2022.0,6.0,212.0,18766.198016164584
Nazca Lofts & Apartments,Zibatá II,112.4,112.4,0.0,0.0,2.0,Subvertical,2768555.0,2838555.0,0.0,2022-05-24,2023-05-12,2023.0,5.0,353.0,25254.048042704624
Alondra,Altos Juriquilla,123.1,153.6,30.5,0.0,2.0,Horizontal,3022475.47,2962025.96,2.0,2022-02-17,2022-06-04,2022.0,6.0,107.0,24061.949309504467
Loretta,Altos Juriquilla,146.7,214.7,0.0,68.0,2.0,Horizontal,2897979.79,2927079.79,0.0,2020-11-13,2022-06-07,2022.0,6.0,571.0,19952.82747102931
Nazca Munay,Zibatá II,148.7,194.7,0.0,46.0,2.0,Horizontal,3060109.01,3044808.46,0.5,2022-03-17,2022-06-24,2022.0,6.0,99.0,20476.183322125085
Sinfonía,Rancho Cerro Prieto,151.3,180.9,29.6,0.0,2.0,Horizontal,3109432.27,3078337.95,1.0,2021-11-10,2023-02-28,2023.0,2.0,475.0,20345.921678783874
Nazca Lofts & Apartments,Zibatá II,112.4,112.4,0.0,0.0,2.0,Subvertical,2838555.0,2683241.7,6.0,2022-05-24,2024-01-12,2024.0,1.0,598.0,23872.257117437723
Sinfonía,Rancho Cerro Prieto,121.5,158.4,36.9,0.0,2.0,Horizontal,2661068.45,2598025.71,4.0,2021-11-10,2022-11-04,2022.0,11.0,359.0,21382.92765432099
Loretta,Altos Juriquilla,146.7,214.7,0.0,68.0,2.0,Horizontal,3364947.26,3364947.26,0.0,2020-11-13,2022-06-10,2022.0,6.0,574.0,22937.60913428766
Alondra,Altos Juriquilla,123.1,153.6,30.5,0.0,2.0,Horizontal,3022439.26,3022439.26,0.0,2022-02-17,2022-06-14,2022.0,6.0,117.0,24552.71535337124
Sophia Distrito,Jurica,219.5,257.7,38.2,0.0,2.0,Horizontal,4683202.82,4659786.81,0.5,2021-09-25,2022-06-20,2022.0,6.0,268.0,21229.097084282457
Sinfonía,Rancho Cerro Prieto,73.8,73.8,0.0,0.0,1.0,Horizontal,1718611.42,1718611.42,0.0,2022-05-12,2022-06-18,2022.0,6.0,37.0,23287.417615176153
Alondra,Altos Juriquilla,158.0,178.2,20.2,0.0,2.0,Horizontal,3456743.28,3432175.85,1.0,2022-02-17,2022-06-04,2022.0,6.0,107.0,21722.631962025316
Sophia Distrito,Jurica,165.0,244.0,79.0,0.0,2.0,Subvertical,5194666.34,5194666.34,0.0,2021-09-25,2023-11-25,2023.0,11.0,791.0,31482.826303030302
Sophia Distrito,Jurica,198.7,242.8,0.0,44.1,2.0,Subvertical,4919082.54,4673128.41,5.0,2021-09-25,2022-06-21,2022.0,6.0,269.0,23518.512380473076
Alegra Towers,Juriquilla Santa Fe,133.5,145.46,0.0,11.96,2.0,Vertical,4405283.33,4140966.33,6.0,2017-04-27,2022-06-04,2022.0,6.0,1864.0,31018.474382022472
Sophia Distrito,Jurica,219.5,258.3,38.8,0.0,2.0,Horizontal,4762988.1,4691543.28,0.0,2021-09-25,2022-06-07,2022.0,6.0,255.0,21373.773485193622
Sinfonía,Rancho Cerro Prieto,73.8,73.8,0.0,0.0,1.0,Horizontal,1718611.42,1718611.42,0.0,2022-05-12,2022-12-02,2022.0,12.0,204.0,23287.417615176153
Sinfonía,Rancho Cerro Prieto,134.0,159.4,25.4,0.0,2.0,Horizontal,2804435.33,2720302.27,3.0,2021-11-10,2022-06-14,2022.0,6.0,216.0,20300.763208955224
Alegra Towers,Juriquilla Santa Fe,173.7,190.34,0.0,16.64,2.0,Vertical,4715647.37,4409130.29,6.5,2018-08-29,2022-06-21,2022.0,6.0,1392.0,25383.594070236042
Sinfonía,Rancho Cerro Prieto,136.1,136.1,0.0,0.0,2.0,Horizontal,2646714.56,2554079.55,3.5,2021-11-10,2022-06-17,2022.0,6.0,219.0,18766.198016164584
Nazca Lofts & Apartments,Zibatá II,149.4,149.4,0.0,0.0,2.0,Subvertical,3497576.1,3497576.1,0.0,2022-05-24,2022-06-11,2022.0,6.0,18.0,23410.817269076306
Alegra Towers,Juriquilla Santa Fe,132.2,144.1,0.0,11.9,2.0,Vertical,4303914.96,4088719.21,5.0,2016-06-29,2022-06-10,2022.0,6.0,2172.0,30928.284493192135
Sophia Distrito,Jurica,165.3,175.65,0.0,10.35,2.0,Subvertical,4167618.56,3959237.63,5.0,2021-09-25,2022-10-20,2022.0,10.0,390.0,23951.830792498484
Sinfonía,Rancho Cerro Prieto,165.3,196.0,30.7,0.0,2.0,Horizontal,3343425.76,3343425.76,0.0,2021-11-10,2023-02-28,2023.0,2.0,475.0,20226.411131276465
Dos Motivos,Zakia,110.5,228.8,118.3,0.0,2.0,Horizontal,3380651.0,3380651.0,0.0,2019-10-22,2022-06-30,2022.0,6.0,982.0,30594.12669683258
Dos Motivos,Zakia,148.7,194.7,0.0,46.0,2.0,Horizontal,3356475.0,3356475.0,0.0,2019-10-22,2022-06-30,2022.0,6.0,982.0,22572.12508406187
Sinfonía,Rancho Cerro Prieto,121.5,158.4,36.9,0.0,2.0,Horizontal,3088533.88,3064148.54,1.0,2021-11-10,2022-06-17,2022.0,6.0,219.0,25219.329547325102
Dos Motivos,Zakia,115.2,224.6,109.4,0.0,2.0,Horizontal,3401107.82,3401107.82,0.0,2019-10-22,2022-06-30,2022.0,6.0,982.0,29523.505381944444
Dos Motivos,Zakia,136.1,194.1,0.0,58.0,2.0,Horizontal,3055747.0,3055747.0,0.0,2019-10-22,2022-07-31,2022.0,7.0,1013.0,22452.21895664952
Dos Motivos,Zakia,138.8,218.9,80.1,0.0,2.0,Horizontal,3499896.0,3499896.0,0.0,2019-10-22,2022-08-31,2022.0,8.0,1044.0,25215.389048991354
Dos Motivos,Zakia,146.7,214.7,0.0,68.0,2.0,Horizontal,3180077.3,3180077.3,0.0,2019-10-22,2022-09-30,2022.0,9.0,1074.0,21677.418541240626
Sinfonía,Rancho Cerro Prieto,92.4,111.18,0.0,18.78,2.0,Horizontal,2398819.0,2398819.0,0.0,2022-05-12,2022-06-20,2022.0,6.0,39.0,25961.244588744587
Sinfonía,Rancho Cerro Prieto,92.4,111.18,0.0,18.78,2.0,Horizontal,2265665.33,2273665.33,0.0,2022-05-12,2022-06-19,2022.0,6.0,38.0,24606.76764069264
Sophia Distrito,Jurica,165.3,175.65,0.0,10.35,2.0,Subvertical,4120752.06,4120752.06,0.0,2021-09-25,2024-02-26,2024.0,2.0,884.0,24928.92958257713
Loretta,Altos Juriquilla,148.6,194.6,0.0,46.0,2.0,Horizontal,2923033.8,2908418.63,0.5,2020-11-13,2022-06-21,2022.0,6.0,585.0,19572.13075370121
Nazca Munay,Zibatá II,146.7,214.7,0.0,68.0,2.0,Horizontal,3119953.6,3142953.6,0.0,2022-03-17,2022-12-22,2022.0,12.0,280.0,21424.35991820041
Sophia Distrito,Jurica,219.5,258.3,38.8,0.0,2.0,Horizontal,4810617.98,4814564.89,0.5,2021-09-25,2022-06-21,2022.0,6.0,269.0,21934.23640091116
Loretta,Altos Juriquilla,110.4,253.8,143.4,0.0,2.0,Horizontal,3164767.34,3175267.34,0.0,2020-11-13,2022-06-18,2022.0,6.0,582.0,28761.479528985503
Alondra,Altos Juriquilla,240.3,287.7,47.4,0.0,2.0,Horizontal,4818262.4,4780079.78,1.0,2022-02-17,2022-06-21,2022.0,6.0,124.0,19892.13391593841
Nazca Lofts & Apartments,Zibatá II,74.2,74.2,0.0,0.0,1.0,Subvertical,2392066.27,2167859.64,10.0,2022-05-24,2023-06-09,2023.0,6.0,381.0,29216.4371967655
Sophia Distrito,Jurica,250.3,284.4,34.1,0.0,2.0,Horizontal,5305146.9,5261095.43,1.0,2021-09-25,2022-06-18,2022.0,6.0,266.0,21019.15872952457
Sophia Distrito,Jurica,86.2,124.7,29.8,8.7,1.0,Subvertical,3039234.32,3039234.32,0.0,2021-09-25,2023-04-01,2023.0,4.0,553.0,35257.93874709977
Alondra,Altos Juriquilla,134.1,159.0,24.9,0.0,2.0,Horizontal,3182280.0,2991028.16,4.0,2022-02-17,2022-07-29,2022.0,7.0,162.0,22304.460551826996
Nazca Nea,Zibatá II,174.0,202.4,28.4,0.0,2.0,Horizontal,3895351.27,3956630.18,0.0,2022-03-17,2022-06-20,2022.0,6.0,95.0,22739.25390804598
Nazca Lofts & Apartments,Zibatá II,149.4,149.4,0.0,0.0,2.0,Subvertical,3432576.1,3432576.1,0.0,2022-05-24,2023-05-12,2023.0,5.0,353.0,22975.74364123159
Nazca Munay,Zibatá II,110.5,183.9,73.4,0.0,2.0,Horizontal,3049562.62,2927580.12,4.0,2022-03-17,2022-09-20,2022.0,9.0,187.0,26493.937737556564
Nazca Munay,Zibatá II,148.7,194.7,0.0,46.0,2.0,Horizontal,3060109.01,3071109.01,0.0,2022-03-17,2023-07-05,2023.0,7.0,475.0,20653.053194351043
Sinfonía,Rancho Cerro Prieto,91.9,112.1,20.2,0.0,2.0,Horizontal,2183754.0,2183754.0,0.0,2022-05-12,2022-08-30,2022.0,8.0,110.0,23762.28509249184
Nazca Munay,Zibatá II,136.1,194.1,0.0,58.0,2.0,Horizontal,2917900.76,2926900.76,0.0,2022-03-17,2022-10-03,2022.0,10.0,200.0,21505.51623806025
Nazca Munay,Zibatá II,110.5,183.9,73.4,0.0,2.0,Horizontal,3524690.0,3524690.0,0.0,2022-03-17,2022-10-25,2022.0,10.0,222.0,31897.647058823528
Nazca Nea,Zibatá II,121.0,152.0,31.0,0.0,2.0,Horizontal,2968205.2,2968205.2,0.0,2022-03-17,2022-12-13,2022.0,12.0,271.0,24530.62148760331
Paseo Miró C,Zibatá,142.5,158.3,15.8,0.0,2.0,Horizontal,2740026.8,2757526.8,0.0,2018-04-24,2022-06-30,2022.0,6.0,1528.0,19351.065263157892
Nazca Munay,Zibatá II,110.5,183.9,73.4,0.0,2.0,Horizontal,3049562.62,3085862.62,0.0,2022-03-17,2022-11-10,2022.0,11.0,238.0,27926.3585520362
Nazca Munay,Zibatá II,115.2,192.4,77.2,0.0,2.0,Horizontal,3223236.18,3235236.18,0.0,2022-03-17,2022-11-29,2022.0,11.0,257.0,28083.647395833334
Nazca Nea,Zibatá II,121.0,152.0,31.0,0.0,2.0,Horizontal,2967980.26,2967980.26,0.0,2022-03-17,2022-10-28,2022.0,10.0,225.0,24528.762479338842
Nazca Munay,Zibatá II,110.5,183.89,73.39,0.0,2.0,Horizontal,3048437.66,2953742.34,3.5,2022-03-17,2022-11-24,2022.0,11.0,252.0,26730.699909502262
Nazca Nea,Zibatá II,121.0,151.5,30.5,0.0,2.0,Horizontal,2993601.57,2993601.57,0.0,2022-03-17,2022-12-15,2022.0,12.0,273.0,24740.508842975207
Nazca Munay,Zibatá II,138.8,192.11,53.31,0.0,2.0,Horizontal,3461551.38,3444243.62,0.5,2022-03-17,2022-06-30,2022.0,6.0,105.0,24814.435302593658
Sinfonía,Rancho Cerro Prieto,110.4,184.0,73.6,0.0,2.0,Horizontal,3242178.0,3250178.0,0.0,2021-11-10,2022-11-29,2022.0,11.0,384.0,29440.018115942028
Sinfonía,Rancho Cerro Prieto,91.9,112.0,20.1,0.0,2.0,Horizontal,2237992.69,2237992.69,0.0,2022-05-12,2022-11-30,2022.0,11.0,202.0,24352.47758433079
Sophia Distrito,Jurica,161.6,188.78,0.0,27.18,2.0,Subvertical,4452357.38,4457357.38,0.0,2021-09-25,2022-10-20,2022.0,10.0,390.0,27582.657054455445
Amara Grand,Altos Juriquilla,207.2,235.5,28.3,0.0,2.0,Horizontal,4152979.13,4028389.76,3.0,2018-07-09,2022-06-30,2022.0,6.0,1452.0,19442.03552123552
Nazca Munay,Zibatá II,115.2,192.4,77.2,0.0,2.0,Horizontal,3237025.29,3270725.29,0.0,2022-03-17,2022-11-25,2022.0,11.0,253.0,28391.712586805555
Serena,Altos Juriquilla,151.3,184.8,33.5,0.0,2.0,Horizontal,3353605.36,3320069.31,1.0,2020-04-17,2022-06-30,2022.0,6.0,804.0,21943.61738268341
Nazca Munay,Zibatá II,115.2,192.4,77.2,0.0,2.0,Horizontal,3223203.08,3256903.08,0.0,2022-03-17,2022-11-25,2022.0,11.0,253.0,28271.728125
Nazca Munay,Zibatá II,115.2,192.4,77.2,0.0,2.0,Horizontal,3222077.6,3230077.6,0.0,2022-03-17,2022-10-16,2022.0,10.0,213.0,28038.868055555555
Sinfonía,Rancho Cerro Prieto,91.9,91.9,0.0,0.0,2.0,Horizontal,2133033.0,2208933.0,0.0,2022-05-12,2022-09-26,2022.0,9.0,137.0,24036.26768226333
Nazca Munay,Zibatá II,148.7,194.7,0.0,46.0,2.0,Horizontal,3357817.0,3368817.0,0.0,2022-03-17,2022-11-05,2022.0,11.0,233.0,22655.124411566914
Alegra Towers,Juriquilla Santa Fe,97.7,105.6,0.0,7.9,2.0,Vertical,3222136.4,3206025.72,0.5,2018-08-29,2022-06-30,2022.0,6.0,1401.0,32815.0022517912
Sinfonía,Rancho Cerro Prieto,73.8,73.8,0.0,0.0,1.0,Horizontal,1718611.42,1726611.42,0.0,2022-05-12,2022-09-23,2022.0,9.0,134.0,23395.81869918699
Alondra,Altos Juriquilla,222.0,288.3,66.3,0.0,2.0,Horizontal,4573946.99,4602946.99,0.0,2022-02-17,2022-06-29,2022.0,6.0,132.0,20733.995450450453
Alondra,Altos Juriquilla,123.1,152.3,29.2,0.0,2.0,Horizontal,3106660.02,3119160.02,0.0,2022-02-17,2022-06-29,2022.0,6.0,132.0,25338.42420796101
Sophia Distrito,Jurica,135.0,209.8,74.8,0.0,2.0,Subvertical,4415903.18,4220108.02,5.0,2021-09-25,2022-10-20,2022.0,10.0,390.0,31260.059407407403
Sinfonía,Rancho Cerro Prieto,180.0,209.8,29.8,0.0,2.0,Horizontal,3538041.35,3510660.94,1.0,2021-11-10,2023-01-31,2023.0,1.0,447.0,19503.67188888889
Alegra Towers,Juriquilla Santa Fe,133.5,145.46,0.0,11.96,2.0,Vertical,4405283.33,4295151.25,2.5,2017-04-27,2022-06-30,2022.0,6.0,1890.0,32173.417602996255
Sophia Distrito,Jurica,86.2,94.9,0.0,8.7,1.0,Subvertical,2667590.83,2489862.59,6.66,2021-09-25,2022-07-08,2022.0,7.0,286.0,28884.716821345704
Nazca Munay,Zibatá II,138.8,192.11,53.31,0.0,2.0,Horizontal,3461551.38,3444243.62,0.5,2022-03-17,2022-10-30,2022.0,10.0,227.0,24814.435302593658
Alondra,Altos Juriquilla,222.0,258.0,36.0,0.0,2.0,Horizontal,4506270.46,4506270.46,0.0,2022-02-17,2022-06-29,2022.0,6.0,132.0,20298.515585585585
Alondra,Altos Juriquilla,123.1,153.6,30.5,0.0,2.0,Horizontal,3111303.31,3111303.31,0.0,2022-02-17,2022-07-11,2022.0,7.0,144.0,25274.600406173846
Alondra,Altos Juriquilla,215.0,250.4,35.4,0.0,2.0,Horizontal,4604717.0,4512622.66,2.0,2022-02-17,2022-07-18,2022.0,7.0,151.0,20988.94260465116
Alegra Towers,Juriquilla Santa Fe,133.5,145.46,0.0,11.96,2.0,Vertical,4827536.0,4586159.2,5.0,2017-04-27,2022-07-08,2022.0,7.0,1898.0,34353.25243445693
Sophia Distrito,Jurica,165.3,175.65,0.0,10.35,2.0,Subvertical,4167183.19,4190183.19,0.0,2021-09-25,2022-07-12,2022.0,7.0,290.0,25348.96061705989
Alondra,Altos Juriquilla,215.0,250.4,35.4,0.0,2.0,Horizontal,4446520.02,4491787.42,0.5,2022-02-17,2022-07-09,2022.0,7.0,142.0,20892.034511627906
Sophia Distrito,Jurica,86.2,94.9,0.0,8.7,1.0,Subvertical,2712590.83,2590524.24,4.5,2021-09-25,2022-10-20,2022.0,10.0,390.0,30052.48538283063
Nazca Lofts & Apartments,Zibatá II,112.4,112.4,0.0,0.0,2.0,Subvertical,2811390.55,2444681.97,15.0,2022-05-24,2022-07-09,2022.0,7.0,46.0,21749.83959074733
Loretta,Altos Juriquilla,110.4,185.1,74.7,0.0,2.0,Horizontal,2971366.81,2996366.81,0.0,2020-11-13,2022-07-18,2022.0,7.0,612.0,27141.003713768114
Van Gogh,Zibatá,193.7,233.1,39.4,0.0,2.0,Horizontal,3678099.07,3697758.57,0.5,2019-09-06,2022-08-04,2022.0,8.0,1063.0,19090.132008260196
Sophia Distrito,Jurica,165.0,239.4,74.4,0.0,2.0,Subvertical,5246613.0,4826883.96,8.0,2021-09-25,2022-07-20,2022.0,7.0,298.0,29253.84218181818
Paseo Miró B,Zibatá,74.2,80.04,0.0,5.84,1.0,Subvertical,2097332.97,2065872.98,1.5,2019-11-20,2022-07-16,2022.0,7.0,969.0,27841.953908355794
Alondra,Altos Juriquilla,158.0,178.2,20.2,0.0,2.0,Horizontal,3459595.58,3442297.6,0.5,2022-02-17,2022-07-19,2022.0,7.0,152.0,21786.693670886078
Alegra Towers,Juriquilla Santa Fe,133.4,145.29,0.0,11.89,2.0,Vertical,4595755.8,4549798.24,1.0,2018-08-29,2022-07-29,2022.0,7.0,1430.0,34106.433583208396
Nazca Lofts & Apartments,Zibatá II,149.4,149.4,0.0,0.0,2.0,Subvertical,3517576.1,3190818.49,10.0,2022-05-24,2023-06-09,2023.0,6.0,381.0,21357.553480589024
Nazca Munay,Zibatá II,148.7,194.7,0.0,46.0,2.0,Horizontal,3060109.01,3060109.01,0.0,2022-03-17,2022-10-28,2022.0,10.0,225.0,20579.07874915938
Nazca Lofts & Apartments,Zibatá II,74.2,74.2,0.0,0.0,1.0,Subvertical,2664531.0,2664531.0,0.0,2022-05-24,2022-07-21,2022.0,7.0,58.0,35910.12129380054
Alondra,Altos Juriquilla,222.0,288.3,66.3,0.0,2.0,Horizontal,4593509.87,4609409.87,0.0,2022-02-17,2022-07-21,2022.0,7.0,154.0,20763.10752252252
Sophia Distrito,Jurica,165.3,175.65,0.0,10.35,2.0,Subvertical,5189703.0,5189703.0,0.0,2021-09-25,2022-10-20,2022.0,10.0,390.0,31395.66243194192
Paseo Miró B,Zibatá,148.1,159.76,0.0,11.66,2.0,Subvertical,3048311.55,2880654.41,5.5,2019-07-31,2022-07-29,2022.0,7.0,1094.0,19450.73875759622
Paseo Miró B,Zibatá,148.1,159.76,0.0,11.66,2.0,Subvertical,3120325.0,3164121.75,1.0,2019-07-31,2022-07-30,2022.0,7.0,1095.0,21364.765361242404
Nazca Lofts & Apartments,Zibatá II,112.4,149.3,36.9,0.0,2.0,Subvertical,3019753.55,2732778.2,10.0,2022-05-24,2023-04-30,2023.0,4.0,341.0,24312.97330960854
Sinfonía,Rancho Cerro Prieto,92.4,111.18,0.0,18.78,2.0,Horizontal,2265665.33,2273665.33,0.0,2022-05-12,2022-11-30,2022.0,11.0,202.0,24606.76764069264
Nazca Lofts & Apartments,Zibatá II,145.7,198.91,0.0,53.21,2.0,Subvertical,3742191.4,3812191.4,0.0,2022-05-24,2023-11-10,2023.0,11.0,535.0,26164.663006177077
Sinfonía,Rancho Cerro Prieto,134.0,159.4,25.4,0.0,2.0,Horizontal,3140472.46,3148472.46,0.0,2021-11-10,2022-07-24,2022.0,7.0,256.0,23496.063134328357
Alondra,Altos Juriquilla,222.0,258.0,36.0,0.0,2.0,Horizontal,4509119.78,4509119.78,0.0,2022-02-17,2022-07-27,2022.0,7.0,160.0,20311.35036036036
Alondra,Altos Juriquilla,134.1,159.0,24.9,0.0,2.0,Horizontal,3295927.47,3116131.1,5.0,2022-02-17,2022-07-30,2022.0,7.0,163.0,23237.368381804627
Nazca Lofts & Apartments,Zibatá II,149.4,149.4,0.0,0.0,2.0,Subvertical,3469838.98,3524838.98,0.0,2022-05-24,2023-06-01,2023.0,6.0,373.0,23593.29973226238
Sophia Distrito,Jurica,161.6,188.78,0.0,27.18,2.0,Subvertical,4415800.35,4195010.33,5.0,2021-09-25,2022-08-21,2022.0,8.0,330.0,25959.222339108914
Nazca Munay,Zibatá II,148.7,194.7,0.0,46.0,2.0,Horizontal,3060109.01,3060109.01,0.0,2022-03-17,2022-10-25,2022.0,10.0,222.0,20579.07874915938
Alondra,Altos Juriquilla,123.1,153.6,30.5,0.0,2.0,Horizontal,3158080.21,3126499.41,1.0,2022-02-17,2022-10-29,2022.0,10.0,254.0,25398.04557270512
Nazca Nea,Zibatá II,205.8,237.2,31.4,0.0,2.0,Horizontal,4017440.88,4046940.88,0.0,2022-03-17,2022-09-30,2022.0,9.0,197.0,19664.43576287658
Alondra,Altos Juriquilla,165.4,196.5,31.1,0.0,2.0,Horizontal,3752104.61,3696041.47,3.0,2022-02-17,2022-10-28,2022.0,10.0,253.0,22346.079020556226
Sinfonía,Rancho Cerro Prieto,180.0,202.7,22.7,0.0,2.0,Horizontal,3513806.27,3496237.24,0.5,2021-11-10,2022-12-27,2022.0,12.0,412.0,19423.540222222222
Nazca Lofts & Apartments,Zibatá II,74.2,74.2,0.0,0.0,1.0,Subvertical,2348751.6,2348751.6,0.0,2022-05-24,2023-05-12,2023.0,5.0,353.0,31654.33423180593
Van Gogh,Zibatá,151.1,173.5,22.4,0.0,2.0,Horizontal,3245886.05,3229656.62,0.5,2019-09-06,2022-08-03,2022.0,8.0,1062.0,21374.299272005297
Nazca Munay,Zibatá II,115.15,192.38,77.23,0.0,2.0,Horizontal,3290223.86,3302223.86,0.0,2022-03-17,2023-04-01,2023.0,4.0,380.0,28677.584541901866
Alegra Towers,Juriquilla Santa Fe,173.7,190.34,0.0,16.64,2.0,Vertical,4968647.37,4670528.53,6.0,2018-08-29,2022-07-31,2022.0,7.0,1432.0,26888.477432354637
Loretta,Altos Juriquilla,148.6,194.6,0.0,46.0,2.0,Horizontal,2923033.8,2835342.79,3.0,2020-11-13,2022-08-04,2022.0,8.0,629.0,19080.368707940783
Paseo Miró B,Zibatá,186.3,203.83,0.0,17.53,2.0,Subvertical,3922452.56,3863615.77,1.5,2019-11-20,2022-08-19,2022.0,8.0,1003.0,20738.67831454643
Alegra Towers,Juriquilla Santa Fe,344.0,357.03,0.0,13.03,0.0,Vertical,10483675.0,10483675.0,0.0,2017-04-27,2022-08-01,2022.0,8.0,1922.0,30475.799418604653
Alondra,Altos Juriquilla,134.1,157.7,23.6,0.0,2.0,Horizontal,3469959.35,3469959.35,0.0,2022-02-17,2022-08-10,2022.0,8.0,174.0,25875.908650261
Sinfonía,Rancho Cerro Prieto,91.9,112.1,20.2,0.0,2.0,Horizontal,2609076.0,2596030.62,0.5,2022-05-12,2022-08-13,2022.0,8.0,93.0,28248.428944504896
Nazca Munay,Zibatá II,115.15,192.38,77.23,0.0,2.0,Horizontal,3290223.86,3302223.86,0.0,2022-03-17,2022-12-23,2022.0,12.0,281.0,28677.584541901866
Nazca Munay,Zibatá II,110.5,183.9,73.4,0.0,2.0,Horizontal,3114419.39,3134219.39,0.0,2022-03-17,2022-12-24,2022.0,12.0,282.0,28363.9763800905
Nazca Nea,Zibatá II,154.4,169.5,15.1,0.0,2.0,Horizontal,3186485.97,3186485.97,0.0,2022-03-17,2023-01-11,2023.0,1.0,300.0,20637.8625
Sinfonía,Rancho Cerro Prieto,91.9,112.1,20.2,0.0,2.0,Horizontal,2609076.0,2609076.0,0.0,2022-05-12,2023-03-31,2023.0,3.0,323.0,28390.38084874864
Nazca Munay,Zibatá II,115.2,192.43,77.23,0.0,2.0,Horizontal,3290663.14,3261896.56,2.5,2022-03-17,2023-05-05,2023.0,5.0,414.0,28315.074305555554
Sinfonía,Rancho Cerro Prieto,73.8,91.0,17.2,0.0,2.0,Horizontal,1873020.66,1882020.66,0.0,2022-05-12,2023-03-31,2023.0,3.0,323.0,25501.634959349594
Nazca Munay,Zibatá II,138.8,192.11,53.31,0.0,2.0,Horizontal,3553762.36,3547993.55,0.5,2022-03-17,2022-12-14,2022.0,12.0,272.0,25561.913184438035
Sophia Distrito,Jurica,219.5,258.3,38.8,0.0,2.0,Horizontal,4810617.98,4521980.9,6.0,2021-09-25,2022-09-03,2022.0,9.0,343.0,20601.279726651483
Sophia Distrito,Jurica,219.5,268.1,48.6,0.0,2.0,Horizontal,5027544.99,4910856.37,2.5,2021-09-25,2022-09-03,2022.0,9.0,343.0,22372.921958997722
Loretta,Altos Juriquilla,138.8,193.5,54.7,0.0,2.0,Horizontal,3337562.9,3298499.46,1.5,2020-11-13,2022-08-26,2022.0,8.0,651.0,23764.4053314121
Alegra Towers,Juriquilla Santa Fe,132.2,144.1,0.0,11.9,2.0,Vertical,4177039.96,3926417.56,6.0,2016-06-29,2022-08-18,2022.0,8.0,2241.0,29700.586686838127
Nazca Munay,Zibatá II,148.7,194.7,0.0,46.0,2.0,Horizontal,3408040.0,3420040.0,0.0,2022-03-17,2022-12-01,2022.0,12.0,259.0,22999.59650302623
Nazca Munay,Zibatá II,148.7,194.7,0.0,46.0,2.0,Horizontal,3408040.0,3420040.0,0.0,2022-03-17,2022-12-31,2022.0,12.0,289.0,22999.59650302623
Alegra Towers,Juriquilla Santa Fe,173.6,190.55,0.0,16.95,2.0,Vertical,4693873.4,4459179.73,5.0,2017-04-27,2022-08-10,2022.0,8.0,1931.0,25686.519182027652
Nazca Nea,Zibatá II,165.3,191.3,26.0,0.0,2.0,Horizontal,3659236.22,3640940.04,0.5,2022-03-17,2022-10-26,2022.0,10.0,223.0,22026.2555353902
Alondra,Altos Juriquilla,121.5,156.6,35.1,0.0,2.0,Horizontal,3035025.37,3043025.37,0.0,2022-02-17,2022-08-09,2022.0,8.0,173.0,25045.476296296296
Gran Motivo,Zarú,138.8,188.3,49.5,0.0,2.0,Horizontal,3261806.0,3273806.0,0.0,2022-08-03,2023-02-28,2023.0,2.0,209.0,23586.49855907781
Sophia Distrito,Jurica,135.0,145.31,0.0,10.31,2.0,Subvertical,3670008.39,3670008.39,0.0,2021-09-25,2023-09-25,2023.0,9.0,730.0,27185.247333333333
Sophia Distrito,Jurica,165.3,175.65,0.0,10.35,2.0,Subvertical,4395579.51,4395579.51,0.0,2021-09-25,2023-10-13,2023.0,10.0,748.0,26591.527586206892
Sophia Distrito,Jurica,135.2,145.51,0.0,10.31,2.0,Subvertical,3641679.94,3655179.94,0.0,2021-09-25,2022-08-08,2022.0,8.0,317.0,27035.354585798817
Nazca Nea,Zibatá II,174.0,202.4,28.4,0.0,2.0,Horizontal,3590185.5,3434776.23,5.0,2022-03-17,2022-08-15,2022.0,8.0,151.0,19740.09327586207
Sophia Distrito,Jurica,86.2,94.9,0.0,8.7,1.0,Subvertical,2775294.81,2775294.81,0.0,2021-09-25,2022-10-20,2022.0,10.0,390.0,32195.99547563805
Sinfonía,Rancho Cerro Prieto,121.5,156.2,34.7,0.0,2.0,Horizontal,2869864.89,2869864.89,0.0,2021-11-10,2022-12-30,2022.0,12.0,415.0,23620.28716049383
Sophia Distrito,Jurica,165.0,239.4,74.4,0.0,2.0,Subvertical,5467808.08,5057722.47,7.5,2021-09-25,2023-07-13,2023.0,7.0,656.0,30652.86345454545
Serena,Altos Juriquilla,151.3,185.7,34.4,0.0,2.0,Horizontal,3353605.36,3353605.36,0.0,2020-04-17,2022-08-24,2022.0,8.0,859.0,22165.270059484465
Alondra,Altos Juriquilla,158.0,178.2,20.2,0.0,2.0,Horizontal,3458926.53,3441631.9,0.5,2022-02-17,2022-08-18,2022.0,8.0,182.0,21782.480379746834
Paseo Miró B,Zibatá,74.2,80.04,0.0,5.84,2.0,Subvertical,2127512.97,2021137.32,5.0,2019-11-20,2022-08-19,2022.0,8.0,1003.0,27239.0474393531
Loretta,Altos Juriquilla,146.7,214.7,0.0,68.0,2.0,Horizontal,2901271.04,2901271.04,0.0,2020-11-13,2022-08-15,2022.0,8.0,640.0,19776.898704839812
Paseo Miró B,Zibatá,148.1,159.76,0.0,11.66,2.0,Subvertical,3068833.95,2915392.25,5.0,2019-07-31,2022-08-16,2022.0,8.0,1112.0,19685.295408507765
Alondra,Altos Juriquilla,165.4,194.7,29.3,0.0,2.0,Horizontal,4051102.61,4080102.61,0.0,2022-02-17,2022-08-20,2022.0,8.0,184.0,24668.093168077387
Gran Motivo,Zarú,138.8,191.18,52.38,0.0,2.0,Horizontal,3275894.0,3275894.0,0.0,2022-08-03,2023-03-31,2023.0,3.0,240.0,23601.541786743514
Sinfonía,Rancho Cerro Prieto,123.0,152.6,29.6,0.0,2.0,Horizontal,2796123.29,2698258.97,3.5,2021-11-10,2022-08-27,2022.0,8.0,290.0,21937.06479674797
Alondra,Altos Juriquilla,158.0,178.2,20.2,0.0,2.0,Horizontal,3521060.62,3495850.01,1.0,2022-02-17,2022-08-30,2022.0,8.0,194.0,22125.632974683544
Nazca Nea,Zibatá II,165.3,191.3,26.0,0.0,2.0,Horizontal,3867812.68,3883612.68,0.0,2022-03-17,2022-12-09,2022.0,12.0,267.0,23494.32958257713
Nazca Nea,Zibatá II,205.8,237.2,31.4,0.0,2.0,Horizontal,4669154.0,4645808.23,0.5,2022-03-17,2022-09-04,2022.0,9.0,171.0,22574.384013605442
Amara Grand,Altos Juriquilla,190.7,241.7,51.0,0.0,2.0,Horizontal,4061698.52,3919539.07,3.5,2018-07-09,2022-08-26,2022.0,8.0,1509.0,20553.429837441006
Sinfonía,Rancho Cerro Prieto,73.8,178.5,104.7,0.0,2.0,Horizontal,2335395.22,2363195.22,0.0,2022-05-12,2022-08-23,2022.0,8.0,103.0,32021.615447154476
Sophia Distrito,Jurica,198.7,242.8,0.0,44.1,2.0,Subvertical,5568482.22,5573982.22,0.0,2021-09-25,2023-10-19,2023.0,10.0,754.0,28052.250729743333
Sophia Distrito,Jurica,86.2,117.0,22.1,8.7,1.0,Subvertical,3144192.92,3092139.08,0.0,2021-09-25,2023-08-18,2023.0,8.0,692.0,35871.68306264501
Nazca Munay,Zibatá II,110.5,183.9,73.4,0.0,2.0,Horizontal,3113270.51,3113270.51,0.0,2022-03-17,2023-02-02,2023.0,2.0,322.0,28174.393755656107
Sophia Distrito,Jurica,161.6,188.78,0.0,27.18,2.0,Subvertical,4346347.66,3998639.85,8.0,2021-09-25,2022-08-25,2022.0,8.0,334.0,24744.058477722774
Alegra Towers,Juriquilla Santa Fe,97.7,105.6,0.0,7.9,2.0,Vertical,3348386.4,3080515.49,8.0,2018-08-29,2022-08-25,2022.0,8.0,1457.0,31530.353019447288
Nazca Munay,Zibatá II,110.5,183.9,73.4,0.0,2.0,Horizontal,3114453.18,3080075.41,0.5,2022-03-17,2023-11-08,2023.0,11.0,601.0,27873.98561085973
Loretta,Altos Juriquilla,148.6,194.6,0.0,46.0,2.0,Horizontal,2892103.83,2805340.72,3.0,2020-11-13,2022-08-22,2022.0,8.0,647.0,18878.47052489906
Loretta,Altos Juriquilla,148.6,194.6,0.0,46.0,2.0,Horizontal,2923033.8,2990033.8,0.0,2020-11-13,2022-08-27,2022.0,8.0,652.0,20121.35800807537
Alegra Towers,Juriquilla Santa Fe,173.6,190.24,0.0,16.64,2.0,Vertical,4918647.37,4525155.58,8.0,2018-08-29,2022-08-31,2022.0,8.0,1463.0,26066.56440092166
Sophia Distrito,Jurica,86.2,94.9,0.0,8.7,1.0,Subvertical,2939912.08,2939912.08,0.0,2021-09-25,2024-12-17,2024.0,12.0,1179.0,34105.70858468678
Sinfonía,Rancho Cerro Prieto,123.0,152.6,29.6,0.0,2.0,Horizontal,2768074.81,2754234.44,0.5,2021-11-10,2022-08-31,2022.0,8.0,294.0,22392.149918699186
Sophia Distrito,Jurica,135.0,145.31,0.0,10.31,2.0,Subvertical,3585879.24,3591379.24,0.0,2021-09-25,2023-08-20,2023.0,8.0,694.0,26602.809185185186
Loretta,Altos Juriquilla,110.4,172.4,62.0,0.0,2.0,Horizontal,2958614.01,2929027.87,1.0,2020-11-13,2022-08-31,2022.0,8.0,656.0,26531.049547101447
Alondra,Altos Juriquilla,165.4,194.7,29.3,0.0,2.0,Horizontal,4051102.61,4039591.58,1.0,2022-02-17,2022-09-03,2022.0,9.0,198.0,24423.16553808948
Sinfonía,Rancho Cerro Prieto,121.5,157.5,36.0,0.0,2.0,Horizontal,3104146.4,3112146.4,0.0,2021-11-10,2022-08-28,2022.0,8.0,291.0,25614.37366255144
Sophia Distrito,Jurica,135.0,211.9,76.9,0.0,2.0,Subvertical,4314233.12,4314233.12,0.0,2021-09-25,2022-10-20,2022.0,10.0,390.0,31957.282370370373
Alondra,Altos Juriquilla,158.0,178.2,20.2,0.0,2.0,Horizontal,3521060.62,3443034.1,2.5,2022-02-17,2022-09-11,2022.0,9.0,206.0,21791.35506329114
Nazca Munay,Zibatá II,138.8,192.11,53.31,0.0,2.0,Horizontal,3553762.36,3561762.36,0.0,2022-03-17,2023-06-04,2023.0,6.0,444.0,25661.112103746396
Nazca Munay,Zibatá II,146.74,214.74,0.0,68.0,2.0,Horizontal,3175319.92,3187319.92,0.0,2022-03-17,2023-06-04,2023.0,6.0,444.0,21720.866294125663
Amara Grand,Altos Juriquilla,207.2,233.8,26.6,0.0,2.0,Horizontal,3727935.57,3727935.57,0.0,2018-07-09,2022-10-31,2022.0,10.0,1575.0,17991.967036679536
Nazca Nea,Zibatá II,165.3,191.3,26.0,0.0,2.0,Horizontal,3659236.22,3659236.22,0.0,2022-03-17,2022-09-13,2022.0,9.0,180.0,22136.94022988506
Sophia Distrito,Jurica,86.2,94.9,0.0,8.7,1.0,Subvertical,2939912.08,2891212.52,0.5,2021-09-25,2023-10-30,2023.0,10.0,765.0,33540.74849187935
Sinfonía,Rancho Cerro Prieto,121.5,158.4,36.9,0.0,2.0,Horizontal,3088533.88,3079591.21,0.5,2021-11-10,2022-09-17,2022.0,9.0,311.0,25346.429711934157
Nazca Lofts & Apartments,Zibatá II,112.4,112.4,0.0,0.0,2.0,Subvertical,2850683.33,2723149.16,5.0,2022-05-24,2023-05-12,2023.0,5.0,353.0,24227.305693950177
Nazca Nea,Zibatá II,121.0,152.0,31.0,0.0,2.0,Horizontal,2968140.93,3030600.23,0.5,2022-03-17,2022-09-13,2022.0,9.0,180.0,25046.282892561983
Nazca Nea,Zibatá II,121.0,152.0,31.0,0.0,2.0,Horizontal,2968012.4,2961172.34,0.5,2022-03-17,2022-09-13,2022.0,9.0,180.0,24472.498677685948
Sophia Distrito,Jurica,215.8,268.2,52.4,0.0,2.0,Horizontal,4911127.59,4963627.59,0.0,2021-09-25,2022-09-12,2022.0,9.0,352.0,23001.054633920296
Sophia Distrito,Jurica,86.2,94.9,0.0,8.7,1.0,Subvertical,2846967.03,2823232.19,0.5,2021-09-25,2022-09-12,2022.0,9.0,352.0,32752.113573085844
Sophia Distrito,Jurica,135.0,145.31,0.0,10.31,2.0,Subvertical,3728412.74,3701770.67,0.5,2021-09-25,2022-09-12,2022.0,9.0,352.0,27420.52348148148
Nazca Nea,Zibatá II,121.0,152.0,31.0,0.0,2.0,Horizontal,3235239.0,3235239.0,0.0,2022-03-17,2022-12-09,2022.0,12.0,267.0,26737.512396694216
Sophia Distrito,Jurica,135.2,145.51,0.0,10.31,2.0,Subvertical,3603431.48,3575931.48,0.0,2021-09-25,2023-09-25,2023.0,9.0,730.0,26449.19733727811
Sophia Distrito,Jurica,86.2,94.9,0.0,8.7,1.0,Subvertical,2877948.72,2869948.72,0.0,2021-09-25,2023-09-04,2023.0,9.0,709.0,33294.0686774942
Sophia Distrito,Jurica,135.0,145.31,0.0,10.31,2.0,Subvertical,3671723.74,3688723.74,0.0,2021-09-25,2023-09-25,2023.0,9.0,730.0,27323.87955555556
Sophia Distrito,Jurica,86.2,94.9,0.0,8.7,1.0,Subvertical,2933930.4,2911260.74,0.5,2021-09-25,2023-09-25,2023.0,9.0,730.0,33773.32645011601
Sophia Distrito,Jurica,165.3,175.65,0.0,10.35,2.0,Subvertical,4401370.81,4351370.81,0.0,2021-09-25,2024-10-07,2024.0,10.0,1108.0,26324.08233514821
Sophia Distrito,Jurica,165.3,175.65,0.0,10.35,2.0,Subvertical,4489406.55,4437159.52,0.5,2021-09-25,2022-09-17,2022.0,9.0,357.0,26843.070296430727
Sophia Distrito,Jurica,135.0,203.4,68.4,0.0,2.0,Subvertical,4697675.25,4435291.49,5.0,2021-09-25,2023-11-11,2023.0,11.0,777.0,32854.01103703704
Nazca Nea,Zibatá II,174.0,202.4,28.4,0.0,2.0,Horizontal,3711017.63,3786061.74,0.0,2022-03-17,2022-10-08,2022.0,10.0,205.0,21758.97551724138
Sophia Distrito,Jurica,165.3,175.65,0.0,10.35,2.0,Subvertical,4432546.75,4447546.75,0.0,2021-09-25,2023-10-20,2023.0,10.0,755.0,26905.908953418028
Sinfonía,Rancho Cerro Prieto,91.9,91.9,0.0,0.0,2.0,Horizontal,2165028.5,2173028.5,0.0,2022-05-12,2022-09-17,2022.0,9.0,128.0,23645.576713819366
Sophia Distrito,Jurica,135.2,145.51,0.0,10.31,2.0,Subvertical,4076130.7,3974227.43,2.5,2021-09-25,2022-09-09,2022.0,9.0,349.0,29395.17329881657
Sophia Distrito,Jurica,135.0,218.4,83.4,0.0,2.0,Subvertical,4839455.28,4809655.28,0.0,2021-09-25,2024-03-26,2024.0,3.0,913.0,35627.07614814815
Sophia Distrito,Jurica,86.2,94.9,0.0,8.7,1.0,Subvertical,2995893.77,2966093.77,0.0,2021-09-25,2024-03-26,2024.0,3.0,913.0,34409.44048723898
Sinfonía,Rancho Cerro Prieto,138.8,192.1,53.3,0.0,2.0,Horizontal,3182344.55,3126697.66,2.0,2021-11-10,2022-09-21,2022.0,9.0,315.0,22526.640201729108
Loretta,Altos Juriquilla,138.8,219.6,80.8,0.0,2.0,Horizontal,3427265.18,3456265.18,0.0,2020-11-13,2022-09-26,2022.0,9.0,682.0,24901.045965417867
Sophia Distrito,Jurica,86.2,94.9,0.0,8.7,1.0,Subvertical,2871967.03,2879467.03,0.0,2021-09-25,2024-03-22,2024.0,3.0,909.0,33404.48990719257
Alegra Towers,Juriquilla Santa Fe,97.6,106.06,0.0,8.46,2.0,Vertical,3164782.5,3054015.11,3.5,2017-04-27,2022-09-19,2022.0,9.0,1971.0,31291.13842213115
Paseo Miró B,Zibatá,149.4,161.06,0.0,11.66,2.0,Subvertical,3315241.37,3149479.3,5.0,2019-11-20,2022-09-19,2022.0,9.0,1034.0,21080.85207496653
Sophia Distrito,Jurica,161.6,188.78,0.0,27.18,2.0,Subvertical,4556769.16,4556769.16,0.0,2021-09-25,2023-10-20,2023.0,10.0,755.0,28197.82896039604
Loretta,Altos Juriquilla,138.8,193.5,54.7,0.0,2.0,Horizontal,3337562.9,3254123.83,2.5,2020-11-13,2022-09-20,2022.0,9.0,676.0,23444.696181556195
Sinfonía,Rancho Cerro Prieto,123.0,152.6,29.6,0.0,2.0,Horizontal,2796123.29,2790142.67,0.5,2021-11-10,2022-09-16,2022.0,9.0,310.0,22684.086747967478
El Capricho,"Cascatta II, Lomas de Angelópolis",219.2,237.2,18.0,0.0,0.0,Horizontal,3788746.34,3675083.95,3.0,2019-07-16,2022-09-17,2022.0,9.0,1159.0,16765.893932481755
Sinfonía,Rancho Cerro Prieto,91.9,91.9,0.0,0.0,2.0,Horizontal,2165028.5,2173028.5,0.0,2022-05-12,2022-09-15,2022.0,9.0,126.0,23645.576713819366
Loretta,Altos Juriquilla,146.7,214.7,0.0,68.0,2.0,Horizontal,3021208.74,3021208.74,0.0,2020-11-13,2022-09-27,2022.0,9.0,683.0,20594.46993865031
Sophia Distrito,Jurica,215.8,258.2,42.4,0.0,2.0,Horizontal,4968625.63,4977625.63,0.0,2021-09-25,2022-09-21,2022.0,9.0,361.0,23065.920435588505
Sophia Distrito,Jurica,86.2,94.9,0.0,8.7,1.0,Subvertical,2902948.72,2902948.72,0.0,2021-09-25,2023-10-03,2023.0,10.0,738.0,33676.899303944316
Nazca Lofts & Apartments,Zibatá II,112.4,112.4,0.0,0.0,2.0,Subvertical,2880026.1,2880625.97,0.5,2022-05-24,2023-05-12,2023.0,5.0,353.0,25628.344928825623
Amara Grand,Altos Juriquilla,190.7,227.8,37.1,0.0,2.0,Horizontal,3902206.4,3804651.24,2.5,2018-07-09,2022-09-23,2022.0,9.0,1537.0,19950.97661248034
Alondra,Altos Juriquilla,222.0,288.3,66.3,0.0,2.0,Horizontal,5242525.0,5242525.0,0.0,2022-02-17,2022-09-30,2022.0,9.0,225.0,23614.977477477478
Nazca Nea,Zibatá II,121.0,152.0,31.0,0.0,2.0,Horizontal,2968140.93,3030600.23,0.5,2022-03-17,2022-12-16,2022.0,12.0,274.0,25046.282892561983
Loretta,Altos Juriquilla,110.4,219.6,109.2,0.0,2.0,Horizontal,3656792.0,3601940.12,1.5,2020-11-13,2022-09-28,2022.0,9.0,684.0,32626.26920289855
Sophia Distrito,Jurica,219.5,258.3,38.8,0.0,2.0,Horizontal,4810617.98,4838617.98,0.0,2021-09-25,2022-09-27,2022.0,9.0,367.0,22043.817676537587
Alegra Towers,Juriquilla Santa Fe,97.6,106.06,0.0,8.46,2.0,Vertical,3190032.5,3110281.69,2.5,2017-04-27,2022-09-25,2022.0,9.0,1977.0,31867.640266393442
Nazca Nea,Zibatá II,121.0,152.0,31.0,0.0,2.0,Horizontal,2968012.4,2976012.4,0.0,2022-03-17,2023-01-06,2023.0,1.0,295.0,24595.143801652892
Sophia Distrito,Jurica,86.2,94.9,0.0,8.7,1.0,Subvertical,3019757.15,3043757.15,0.0,2021-09-25,2023-10-20,2023.0,10.0,755.0,35310.40777262181
Sophia Distrito,Jurica,161.6,188.78,0.0,27.18,2.0,Subvertical,4645506.25,4670506.25,0.0,2021-09-25,2022-09-30,2022.0,9.0,370.0,28901.647586633666
Sophia Distrito,Jurica,135.0,145.31,0.0,10.31,2.0,Subvertical,3772410.57,3777910.57,0.0,2021-09-25,2023-09-25,2023.0,9.0,730.0,27984.52274074074
Sinfonía,Rancho Cerro Prieto,165.3,224.7,59.4,0.0,2.0,Horizontal,3558774.0,3554091.84,0.5,2021-11-10,2022-10-08,2022.0,10.0,332.0,21500.858076225042
Nazca Lofts & Apartments,Zibatá II,148.1,212.06,52.3,11.66,2.0,Subvertical,3704642.71,3723642.71,0.0,2022-05-24,2023-06-07,2023.0,6.0,379.0,25142.759689399056
Gran Motivo,Zarú,115.2,191.6,76.4,0.0,2.0,Horizontal,3015318.69,3051318.69,0.0,2022-08-03,2022-11-15,2022.0,11.0,104.0,26487.141406249997
Alegra Towers,Juriquilla Santa Fe,133.4,145.29,0.0,11.89,2.0,Vertical,4524538.47,4524538.47,0.0,2018-08-29,2022-09-30,2022.0,9.0,1493.0,33917.07998500749
Sophia Distrito,Jurica,165.3,175.65,0.0,10.35,2.0,Subvertical,4489406.55,4489406.55,0.0,2021-09-25,2022-09-30,2022.0,9.0,370.0,27159.144283121594
Nazca Nea,Zibatá II,174.0,202.4,28.4,0.0,2.0,Horizontal,3615348.0,3615764.3,2.5,2022-03-17,2022-10-06,2022.0,10.0,203.0,20780.254597701147
Sinfonía,Rancho Cerro Prieto,73.8,73.8,0.0,0.0,1.0,Horizontal,1778762.82,1734293.75,2.5,2022-05-12,2023-03-31,2023.0,3.0,323.0,23499.915311653116
Serena,Altos Juriquilla,221.6,238.8,17.2,0.0,2.0,Horizontal,4985134.73,4874580.68,3.0,2020-04-17,2022-10-17,2022.0,10.0,913.0,21997.205234657038
Sophia Distrito,Jurica,135.2,145.51,0.0,10.31,2.0,Subvertical,3641679.93,3641679.93,0.0,2021-09-25,2023-07-13,2023.0,7.0,656.0,26935.502440828404
Sophia Distrito,Jurica,165.3,175.65,0.0,10.35,2.0,Subvertical,4475740.58,4475740.58,0.0,2021-09-25,2025-01-25,2025.0,1.0,1218.0,27076.470538415
Alondra,Altos Juriquilla,134.1,159.0,24.9,0.0,2.0,Horizontal,3245962.32,3245962.32,0.0,2022-02-17,2022-10-14,2022.0,10.0,239.0,24205.535570469798
Nazca Munay,Zibatá II,115.2,192.43,77.23,0.0,2.0,Horizontal,3370497.8,3297182.87,3.0,2022-03-17,2023-05-05,2023.0,5.0,414.0,28621.37907986111
Alegra Towers,Juriquilla Santa Fe,173.7,190.34,0.0,16.64,2.0,Vertical,4893272.37,4501810.58,8.0,2018-08-29,2022-10-07,2022.0,10.0,1500.0,25917.159355210133
Nazca Nea,Zibatá II,121.0,152.0,31.0,0.0,2.0,Horizontal,3011904.02,3011904.02,0.0,2022-03-17,2023-04-22,2023.0,4.0,401.0,24891.76876033058
Sophia Distrito,Jurica,135.2,145.51,0.0,10.31,2.0,Subvertical,3698943.48,3513996.31,5.0,2021-09-25,2024-06-11,2024.0,6.0,990.0,25991.096967455625
Nazca Munay,Zibatá II,148.7,194.7,0.0,46.0,2.0,Horizontal,3093718.17,3105718.17,0.0,2022-03-17,2023-06-10,2023.0,6.0,450.0,20885.798049764628
Nazca Nea,Zibatá II,154.4,169.5,15.1,0.0,2.0,Horizontal,2871840.0,2857480.8,0.5,2022-03-17,2022-10-08,2022.0,10.0,205.0,18506.999999999996
Loretta,Altos Juriquilla,138.8,251.8,113.0,0.0,2.0,Horizontal,3650276.51,3595522.36,1.5,2020-11-13,2022-10-10,2022.0,10.0,696.0,25904.339769452446
Serena,Altos Juriquilla,238.4,250.9,12.5,0.0,2.0,Horizontal,5121248.54,5121248.54,0.0,2020-04-17,2022-10-07,2022.0,10.0,903.0,21481.747231543624
Sophia Distrito,Jurica,219.5,258.3,38.8,0.0,2.0,Horizontal,5017939.23,4994759.84,1.0,2021-09-25,2022-10-17,2022.0,10.0,387.0,22755.170113895216
Sophia Distrito,Jurica,219.5,266.5,47.0,0.0,2.0,Horizontal,5242299.71,5242299.71,0.0,2021-09-25,2022-09-30,2022.0,9.0,370.0,23882.914396355354
Nazca Munay,Zibatá II,115.2,192.43,77.23,0.0,2.0,Horizontal,4127246.0,4127246.0,0.0,2022-03-17,2023-06-13,2023.0,6.0,453.0,35826.788194444445
Nazca Nea,Zibatá II,121.0,152.0,31.0,0.0,2.0,Horizontal,3107636.39,3100098.21,0.5,2022-03-17,2023-04-26,2023.0,4.0,405.0,25620.646363636362
Serena,Altos Juriquilla,180.0,210.9,30.9,0.0,2.0,Horizontal,3974509.9,3895019.7,2.0,2020-04-17,2022-10-15,2022.0,10.0,911.0,21638.998333333333
Sophia Distrito,Jurica,215.8,258.2,42.4,0.0,2.0,Horizontal,4863428.53,4848111.39,0.5,2021-09-25,2022-10-14,2022.0,10.0,384.0,22465.76177015755
Sophia Distrito,Jurica,215.8,272.8,57.0,0.0,2.0,Horizontal,5869423.0,5878423.0,0.0,2021-09-25,2022-10-15,2022.0,10.0,385.0,27240.143651529193
Nazca Lofts & Apartments,Zibatá II,74.2,101.3,27.1,0.0,1.0,Subvertical,2492716.27,2507716.27,0.0,2022-05-24,2023-05-02,2023.0,5.0,343.0,33796.71522911051
Sophia Distrito,Jurica,161.6,188.78,0.0,27.18,2.0,Subvertical,4645506.25,4554368.59,2.5,2021-09-25,2023-11-01,2023.0,11.0,767.0,28182.9739480198
Sophia Distrito,Jurica,215.8,271.0,55.2,0.0,2.0,Horizontal,5055225.11,5044396.73,1.5,2021-09-25,2022-10-14,2022.0,10.0,384.0,23375.332391102875
Nazca Lofts & Apartments,Zibatá II,149.4,149.4,0.0,0.0,2.0,Subvertical,3497576.1,3497576.1,0.0,2022-05-24,2023-06-21,2023.0,6.0,393.0,23410.817269076306
Alegra Towers,Juriquilla Santa Fe,172.4,189.3,0.0,16.9,0.0,Vertical,4785471.25,4665834.47,2.5,2016-06-29,2023-03-24,2023.0,3.0,2459.0,27064.00504640371
Sinfonía,Rancho Cerro Prieto,73.8,73.8,0.0,0.0,1.0,Horizontal,1814338.08,1814338.08,0.0,2022-05-12,2023-03-31,2023.0,3.0,323.0,24584.526829268296
Loretta,Altos Juriquilla,138.8,219.6,80.8,0.0,2.0,Horizontal,3427265.18,3456265.18,0.0,2020-11-13,2022-10-24,2022.0,10.0,710.0,24901.045965417867
Serena,Altos Juriquilla,121.5,163.9,42.4,0.0,2.0,Horizontal,3108322.93,3030614.86,2.5,2020-04-17,2022-10-18,2022.0,10.0,914.0,24943.332181069956
Sophia Distrito,Jurica,215.8,258.2,42.4,0.0,2.0,Horizontal,5855538.0,5835260.31,0.5,2021-09-25,2022-10-21,2022.0,10.0,391.0,27040.131186283594
Nazca Lofts & Apartments,Zibatá II,149.4,202.3,52.9,0.0,2.0,Subvertical,3757076.1,3248514.69,15.0,2022-05-24,2023-04-28,2023.0,4.0,339.0,21743.73955823293
Alegra Towers,Juriquilla Santa Fe,133.4,145.29,0.0,11.89,2.0,Vertical,4468880.8,4200747.95,6.0,2018-08-29,2022-10-31,2022.0,10.0,1524.0,31489.864692653675
Nazca Nea,Zibatá II,154.4,169.5,15.1,0.0,2.0,Horizontal,3194634.82,3178661.65,0.5,2022-03-17,2022-10-23,2022.0,10.0,220.0,20587.186852331604
Sophia Distrito,Jurica,198.7,242.8,0.0,44.1,2.0,Subvertical,5670546.34,5528782.68,2.5,2021-09-25,2023-12-07,2023.0,12.0,803.0,27824.774433819828
Sophia Distrito,Jurica,250.3,288.5,38.2,0.0,2.0,Horizontal,5512021.4,5429341.08,1.5,2021-09-25,2022-10-20,2022.0,10.0,390.0,21691.334718337992
Nazca Lofts & Apartments,Zibatá II,199.08,268.22,0.0,69.14,2.0,Subvertical,4642384.54,4484265.31,5.0,2022-05-24,2023-06-01,2023.0,6.0,373.0,22524.94127988748
Sophia Distrito,Jurica,262.5,287.6,25.1,0.0,2.0,Horizontal,4657512.14,4704512.14,0.0,2021-09-25,2024-03-12,2024.0,3.0,899.0,17921.951009523807
Alondra,Altos Juriquilla,215.0,250.4,35.4,0.0,2.0,Horizontal,4446520.02,4472554.82,1.0,2022-02-17,2022-10-28,2022.0,10.0,253.0,20802.580558139536
Loretta,Altos Juriquilla,138.8,238.8,100.0,0.0,2.0,Horizontal,3418577.23,3367298.57,1.5,2020-11-13,2022-10-24,2022.0,10.0,710.0,24260.076152737747
Loretta,Altos Juriquilla,148.6,194.6,0.0,46.0,2.0,Horizontal,2923033.8,2835342.79,3.0,2020-11-13,2022-10-27,2022.0,10.0,713.0,19080.368707940783
Sophia Distrito,Jurica,165.3,175.65,0.0,10.35,2.0,Subvertical,4460348.78,4460348.78,0.0,2021-09-25,2024-03-22,2024.0,3.0,909.0,26983.356200846945
Nazca Nea,Zibatá II,165.3,191.3,26.0,0.0,2.0,Horizontal,3925829.87,3957929.87,0.0,2022-03-17,2023-06-11,2023.0,6.0,451.0,23943.91935874168
Sinfonía,Rancho Cerro Prieto,73.8,178.5,104.7,0.0,2.0,Horizontal,2335395.22,2363195.22,0.0,2022-05-12,2023-05-31,2023.0,5.0,384.0,32021.615447154476
Sophia Distrito,Jurica,135.0,145.31,0.0,10.31,2.0,Subvertical,3725193.96,3738193.96,0.0,2021-09-25,2023-07-13,2023.0,7.0,656.0,27690.325629629628
Sophia Distrito,Jurica,135.0,145.31,0.0,10.31,2.0,Subvertical,3756671.7,3786171.7,0.0,2021-09-25,2023-07-13,2023.0,7.0,656.0,28045.716296296298
Alondra,Altos Juriquilla,180.6,210.9,30.3,0.0,2.0,Horizontal,4161073.1,4127462.37,1.0,2022-02-17,2022-10-28,2022.0,10.0,253.0,22854.165946843856
Alondra,Altos Juriquilla,123.1,152.3,29.2,0.0,2.0,Horizontal,3122116.04,3090894.88,1.0,2022-02-17,2022-10-30,2022.0,10.0,255.0,25108.812997562956
Alondra,Altos Juriquilla,180.6,209.4,28.8,0.0,2.0,Horizontal,3994226.68,3954284.41,1.0,2022-02-17,2022-10-28,2022.0,10.0,253.0,21895.262513842747
Sophia Distrito,Jurica,165.3,175.65,0.0,10.35,2.0,Subvertical,4491132.38,4407354.07,2.5,2021-09-25,2023-09-04,2023.0,9.0,709.0,26662.75904416213
Nazca Lofts & Apartments,Zibatá II,112.4,149.3,36.9,0.0,2.0,Subvertical,3038350.65,3062775.39,1.5,2022-05-24,2023-05-05,2023.0,5.0,346.0,27248.89137010676
Alondra,Altos Juriquilla,134.1,157.7,23.6,0.0,2.0,Horizontal,3291022.96,3258112.73,1.0,2022-02-17,2022-10-30,2022.0,10.0,255.0,24296.142654735275
Sinfonía,Rancho Cerro Prieto,91.9,112.1,20.2,0.0,2.0,Horizontal,2609076.0,2609076.0,0.0,2022-05-12,2023-02-28,2023.0,2.0,292.0,28390.38084874864
Sophia Distrito,Jurica,219.5,260.5,41.0,0.0,2.0,Horizontal,5600847.83,5600847.83,0.0,2021-09-25,2022-11-29,2022.0,11.0,430.0,25516.39102505695
Loretta,Altos Juriquilla,146.7,214.7,0.0,68.0,2.0,Horizontal,3011208.74,2966040.61,1.5,2020-11-13,2022-10-31,2022.0,10.0,717.0,20218.409066121338
Nazca Lofts & Apartments,Zibatá II,74.2,74.2,0.0,0.0,1.0,Subvertical,2322066.27,2217573.29,4.5,2022-05-24,2023-06-24,2023.0,6.0,396.0,29886.432479784366
Nazca Lofts & Apartments,Zibatá II,149.4,149.4,0.0,0.0,2.0,Subvertical,3434663.98,3317930.78,5.0,2022-05-24,2023-05-12,2023.0,5.0,353.0,22208.372021419007
Alegra Towers,Juriquilla Santa Fe,97.7,105.6,0.0,7.9,2.0,Vertical,3373636.4,3171218.21,0.0,2018-08-29,2022-10-27,2022.0,10.0,1520.0,32458.732958034798
Nazca Nea,Zibatá II,165.3,191.3,26.0,0.0,2.0,Horizontal,3690322.85,3653419.62,1.0,2022-03-17,2023-06-06,2023.0,6.0,446.0,22101.752087114335
Loretta,Altos Juriquilla,146.7,214.7,0.0,68.0,2.0,Horizontal,3021208.74,2943072.48,3.0,2020-11-13,2022-11-07,2022.0,11.0,724.0,20061.843762781187
Sophia Distrito,Jurica,262.5,297.5,35.0,0.0,2.0,Horizontal,5991365.44,5991365.44,0.0,2021-09-25,2022-12-01,2022.0,12.0,432.0,22824.249295238096
Alondra,Altos Juriquilla,134.1,159.0,24.9,0.0,2.0,Horizontal,3592561.0,3592561.0,0.0,2022-02-17,2022-11-04,2022.0,11.0,260.0,26790.164056674126
Amara Grand,Altos Juriquilla,207.2,241.0,33.8,0.0,2.0,Horizontal,4181216.25,3972155.44,5.0,2018-07-09,2022-11-07,2022.0,11.0,1582.0,19170.634362934365
Sophia Distrito,Ejido Jurica,86.2,94.9,0.0,8.7,1.0,Subvertical,2893792.15,2893792.15,0.0,2021-09-25,2024-02-19,2024.0,2.0,877.0,33570.67459396752
Sophia Distrito,Jurica,135.2,145.51,0.0,10.31,2.0,Subvertical,3641679.94,3564137.94,2.5,2021-09-25,2023-08-20,2023.0,8.0,694.0,26361.96701183432
Nazca Nea,Zibatá II,154.4,169.5,15.1,0.0,2.0,Horizontal,3588474.0,3570531.63,0.5,2022-03-17,2022-11-12,2022.0,11.0,240.0,23125.204857512952
Sinfonía,Rancho Cerro Prieto,73.8,165.3,91.5,0.0,2.0,Horizontal,2270532.42,2272179.76,0.5,2022-05-12,2022-11-04,2022.0,11.0,176.0,30788.343631436313
Nazca Munay,Zibatá II,138.8,192.11,53.31,0.0,2.0,Horizontal,3553762.36,3585562.36,0.0,2022-03-17,2022-11-07,2022.0,11.0,235.0,25832.581844380402
Nazca Nea,Zibatá II,121.0,152.0,31.0,0.0,2.0,Horizontal,3011904.02,3047504.02,0.0,2022-03-17,2023-04-18,2023.0,4.0,397.0,25185.983636363635
Serena,Altos Juriquilla,165.4,198.0,32.6,0.0,2.0,Horizontal,3740707.55,3647189.86,2.5,2020-04-17,2022-11-11,2022.0,11.0,938.0,22050.72466747279
Alondra,Altos Juriquilla,158.0,178.2,20.2,0.0,2.0,Horizontal,3458926.53,3377988.0,2.0,2022-02-17,2022-11-14,2022.0,11.0,270.0,21379.67088607595
Nazca Munay,Zibatá II,138.8,192.1,53.3,0.0,2.0,Horizontal,3616743.94,3624743.94,0.0,2022-03-17,2023-04-22,2023.0,4.0,401.0,26114.869884726224
Alondra,Altos Juriquilla,134.1,157.7,23.6,0.0,2.0,Horizontal,3469959.35,3469959.35,0.0,2022-02-17,2022-11-13,2022.0,11.0,269.0,25875.908650261
Nazca Lofts & Apartments,Zibatá II,149.4,149.4,0.0,0.0,2.0,Subvertical,3454763.98,3005644.66,13.0,2022-05-24,2024-04-01,2024.0,4.0,678.0,20118.103480589023
Nazca Nea,Zibatá II,165.3,191.3,26.0,0.0,2.0,Horizontal,3690322.85,3741071.71,0.5,2022-03-17,2023-04-17,2023.0,4.0,396.0,22632.012764670293
Nazca Nea,Zibatá II,154.4,169.5,15.1,0.0,2.0,Horizontal,3186485.97,3194485.97,0.0,2022-03-17,2022-11-12,2022.0,11.0,240.0,20689.67597150259
Nazca Nea,Zibatá II,154.4,169.5,15.1,0.0,2.0,Horizontal,3478600.0,3439556.0,0.5,2022-03-17,2022-11-22,2022.0,11.0,250.0,22276.917098445596
Sinfonía,Rancho Cerro Prieto,165.3,196.6,31.3,0.0,2.0,Horizontal,3545091.55,3534116.09,0.5,2021-11-10,2022-11-12,2022.0,11.0,367.0,21380.012643678157
Nazca Munay,Zibatá II,138.8,192.11,53.31,0.0,2.0,Horizontal,3662062.57,3643752.25,0.5,2022-03-17,2022-11-17,2022.0,11.0,245.0,26251.81736311239
Loretta,Altos Juriquilla,148.6,194.6,0.0,46.0,2.0,Horizontal,2923033.8,2909767.63,0.5,2020-11-13,2022-11-18,2022.0,11.0,735.0,19581.208815612383
Serena,Altos Juriquilla,221.6,238.8,17.2,0.0,2.0,Horizontal,4985134.73,4999209.05,0.5,2020-04-17,2022-11-28,2022.0,11.0,955.0,22559.60762635379
Amara Grand,Altos Juriquilla,190.7,236.6,45.9,0.0,2.0,Horizontal,4058679.75,4058679.75,0.0,2018-07-09,2022-11-07,2022.0,11.0,1582.0,21283.061090718405
Nazca Lofts & Apartments,Zibatá II,74.2,74.2,0.0,0.0,1.0,Subvertical,2403686.9,2418686.9,0.0,2022-05-24,2022-11-15,2022.0,11.0,175.0,32596.858490566035
Sinfonía,Rancho Cerro Prieto,73.8,165.3,91.5,0.0,2.0,Horizontal,2270532.42,2271532.42,0.0,2022-05-12,2023-02-28,2023.0,2.0,292.0,30779.572086720866
Alondra,Altos Juriquilla,158.0,178.2,20.2,0.0,2.0,Horizontal,3511489.51,3509489.51,0.0,2022-02-17,2022-11-18,2022.0,11.0,274.0,22211.958924050632
Nazca Munay,Zibatá II,148.7,194.7,0.0,46.0,2.0,Horizontal,3155592.53,3137792.53,0.0,2022-03-17,2023-06-17,2023.0,6.0,457.0,21101.49650302623
Sophia Distrito,Jurica,135.0,145.31,0.0,10.31,2.0,Subvertical,3660932.83,3336948.88,9.0,2021-09-25,2023-08-20,2023.0,8.0,694.0,24718.13985185185
Nazca Nea,Zibatá II,205.8,237.2,31.4,0.0,2.0,Horizontal,4116887.0,4124887.0,0.0,2022-03-17,2022-11-18,2022.0,11.0,246.0,20043.182701652087
Loretta,Altos Juriquilla,148.6,194.6,0.0,46.0,2.0,Horizontal,2977014.1,2887703.68,3.0,2020-11-13,2022-12-10,2022.0,12.0,757.0,19432.730013458953
Alegra Towers,Juriquilla Santa Fe,97.7,105.6,0.0,7.9,2.0,Vertical,3262334.13,3262334.13,0.0,2018-08-29,2022-11-23,2022.0,11.0,1547.0,33391.34216990788
Amara Grand,Altos Juriquilla,190.7,227.8,37.1,0.0,2.0,Horizontal,3902206.4,3833682.34,1.0,2018-07-09,2022-11-19,2022.0,11.0,1594.0,20103.21101206083
Sinfonía,Rancho Cerro Prieto,73.8,73.8,0.0,0.0,1.0,Horizontal,1896524.84,1829679.72,0.5,2022-05-12,2023-03-31,2023.0,3.0,323.0,24792.4081300813
Sophia Distrito,Jurica,135.2,145.51,0.0,10.31,2.0,Subvertical,3667434.45,3434062.73,5.0,2021-09-25,2023-08-20,2023.0,8.0,694.0,25399.872263313613
Loretta,Altos Juriquilla,138.8,251.8,113.0,0.0,2.0,Horizontal,3650276.51,3595522.36,1.5,2020-11-13,2022-11-21,2022.0,11.0,738.0,25904.339769452446
El Capricho,"Cascatta II, Lomas de Angelópolis",219.2,237.2,18.0,0.0,0.0,Horizontal,3788746.34,3694027.68,2.5,2019-07-16,2022-11-24,2022.0,11.0,1227.0,16852.31605839416
Loretta,Altos Juriquilla,110.4,219.8,109.4,0.0,2.0,Horizontal,3046789.29,3012087.45,1.5,2020-11-13,2022-11-30,2022.0,11.0,747.0,27283.400815217392
Nazca Nea,Zibatá II,154.4,169.5,15.1,0.0,2.0,Horizontal,3359994.0,3343194.03,0.5,2022-03-17,2023-02-27,2023.0,2.0,347.0,21652.81107512953
Alondra,Altos Juriquilla,165.4,239.1,73.7,0.0,2.0,Horizontal,4235197.43,4223197.43,0.0,2022-02-17,2022-11-27,2022.0,11.0,283.0,25533.237182587665
Loretta,Altos Juriquilla,148.6,194.6,0.0,46.0,2.0,Horizontal,2988032.72,2913791.74,3.0,2020-11-13,2022-11-30,2022.0,11.0,747.0,19608.288963660838
Nazca Munay,Zibatá II,138.8,192.11,53.31,0.0,2.0,Horizontal,3619186.57,3601150.64,0.5,2022-03-17,2023-07-07,2023.0,7.0,477.0,25944.88933717579
Loretta,Altos Juriquilla,146.7,214.7,0.0,68.0,2.0,Horizontal,3021208.74,2930572.48,3.0,2020-11-13,2022-12-09,2022.0,12.0,756.0,19976.63585548739
Loretta,Altos Juriquilla,148.6,194.6,0.0,46.0,2.0,Horizontal,2977014.1,2970578.68,3.0,2020-11-13,2022-11-26,2022.0,11.0,743.0,19990.43526244953
Nazca Lofts & Apartments,Zibatá II,74.2,74.2,0.0,0.0,1.0,Subvertical,2415986.93,2415986.93,0.0,2022-05-24,2023-06-09,2023.0,6.0,381.0,32560.470754716982
Nazca Nea,Zibatá II,165.3,191.3,26.0,0.0,2.0,Horizontal,3643797.99,3712397.99,0.0,2022-03-17,2022-11-19,2022.0,11.0,247.0,22458.548033877796
Nazca Nea,Zibatá II,154.4,169.5,15.1,0.0,2.0,Horizontal,3205140.37,3205140.37,0.0,2022-03-17,,,,,20758.681152849742
Amara Grand,Altos Juriquilla,190.7,227.8,37.1,0.0,2.0,Horizontal,3902206.4,3695221.08,5.0,2018-07-09,2022-11-30,2022.0,11.0,1605.0,19377.142527530155
Amara Grand,Altos Juriquilla,222.0,287.5,65.5,0.0,2.0,Horizontal,4767607.27,4708051.2,1.0,2018-07-09,2022-11-26,2022.0,11.0,1601.0,21207.43783783784
Gran Motivo,Zarú,146.7,146.7,0.0,0.0,2.0,Horizontal,2978340.0,2930773.2,2.0,2022-08-03,2023-04-07,2023.0,4.0,247.0,19978.004089979553
Nazca Munay,Zibatá II,146.7,214.7,0.0,68.0,2.0,Horizontal,3397592.0,3330854.04,0.5,2022-03-17,2022-11-30,2022.0,11.0,258.0,22705.208179959103
Alondra,Altos Juriquilla,121.5,164.7,43.2,0.0,2.0,Horizontal,3006467.63,2964522.95,1.0,2022-02-17,2022-11-30,2022.0,11.0,286.0,24399.3658436214
Loretta,Altos Juriquilla,146.7,214.7,0.0,68.0,2.0,Horizontal,3021208.74,2936572.48,3.0,2020-11-13,2022-12-09,2022.0,12.0,756.0,20017.53565098841
Sophia Distrito,Jurica,86.2,125.6,30.7,8.7,1.0,Subvertical,3326355.98,3341355.98,0.0,2021-09-25,2024-08-09,2024.0,8.0,1049.0,38762.830394431556
Loretta,Altos Juriquilla,146.7,214.7,0.0,68.0,2.0,Horizontal,3011208.74,2872372.48,3.0,2020-11-13,2022-11-30,2022.0,11.0,747.0,19579.90783912747
Loretta,Altos Juriquilla,110.4,248.9,138.5,0.0,2.0,Horizontal,3013678.51,2952385.83,1.5,2020-11-13,2022-11-30,2022.0,11.0,747.0,26742.62527173913
Sophia Distrito,Jurica,215.8,265.9,50.1,0.0,2.0,Horizontal,5072464.04,5112101.72,0.5,2021-09-25,2022-12-14,2022.0,12.0,445.0,23689.071918443
Sophia Distrito,Jurica,250.3,288.3,38.0,0.0,2.0,Horizontal,5511954.97,5429275.65,1.5,2021-09-25,2022-12-07,2022.0,12.0,438.0,21691.073312025568
Sophia Distrito,Jurica,219.5,257.7,38.2,0.0,2.0,Horizontal,4951959.15,4960959.15,0.0,2021-09-25,2022-12-11,2022.0,12.0,442.0,22601.180637813213
Sophia Distrito,Jurica,135.2,145.51,0.0,10.31,2.0,Subvertical,3709920.85,3617172.83,2.5,2021-09-25,2023-09-25,2023.0,9.0,730.0,26754.236908284027
Loretta,Altos Juriquilla,148.6,194.6,0.0,46.0,2.0,Horizontal,2977014.1,2998243.96,1.0,2020-11-13,2022-12-09,2022.0,12.0,756.0,20176.60807537012
Nazca Munay,Zibatá II,146.7,214.7,0.0,68.0,2.0,Horizontal,3579425.86,3533940.21,2.5,2022-03-17,2022-12-18,2022.0,12.0,276.0,24089.571983640082
Alondra,Altos Juriquilla,134.1,195.5,61.4,0.0,2.0,Horizontal,3747196.7,3747196.7,0.0,2022-02-17,2022-12-10,2022.0,12.0,296.0,27943.301267710667
Gran Motivo,Zarú,138.8,183.7,44.9,0.0,2.0,Horizontal,3478050.0,3486050.0,0.0,2022-08-03,2023-03-31,2023.0,3.0,240.0,25115.634005763688
Sophia Distrito,Jurica,250.3,288.1,37.8,0.0,2.0,Horizontal,5512021.4,5401780.97,2.0,2021-09-25,2022-12-18,2022.0,12.0,449.0,21581.226408310027
Nazca Nea,Zibatá II,154.4,169.5,15.1,0.0,2.0,Horizontal,3205140.37,3205140.37,0.0,2022-03-17,2022-12-07,2022.0,12.0,265.0,20758.681152849742
Nazca Nea,Zibatá II,205.8,237.2,31.4,0.0,2.0,Horizontal,4217203.81,4226117.79,0.5,2022-03-17,2022-12-14,2022.0,12.0,272.0,20535.07186588921
Alondra,Altos Juriquilla,121.5,155.5,34.0,0.0,2.0,Horizontal,3030309.24,3000006.15,1.0,2022-02-17,2022-12-19,2022.0,12.0,305.0,24691.408641975308
Emma,Cumbres del Lago,115.2,254.0,138.8,0.0,2.0,Horizontal,3331051.0,3208208.96,4.0,2022-12-08,2022-12-31,2022.0,12.0,23.0,27849.03611111111
Alegra Towers,Juriquilla Santa Fe,344.0,357.03,0.0,13.03,3.0,Vertical,9209833.76,8753338.51,4.95,2017-04-27,2023-01-27,2023.0,1.0,2101.0,25445.75148255814
Gran Motivo,Zarú,148.6,148.6,0.0,0.0,2.0,Horizontal,2899796.76,2911796.76,0.0,2022-08-03,2023-03-31,2023.0,3.0,240.0,19594.863795423957
Nazca Lofts & Apartments,Zibatá II,148.1,148.1,0.0,0.0,2.0,Subvertical,3526264.88,3526264.88,0.0,2022-05-24,2022-12-17,2022.0,12.0,207.0,23810.02619851452
Alondra,Altos Juriquilla,158.0,178.2,20.2,0.0,2.0,Horizontal,3459384.3,3424790.46,1.0,2022-02-17,2022-12-25,2022.0,12.0,311.0,21675.888987341772
Gran Motivo,Zarú,115.2,235.1,119.9,0.0,2.0,Horizontal,3340344.8,3273537.9,2.0,2022-08-03,2023-04-28,2023.0,4.0,268.0,28416.127604166664
Sinfonía,Rancho Cerro Prieto,121.5,159.8,38.3,0.0,2.0,Horizontal,3012631.68,2877063.25,4.5,2021-11-10,2022-12-22,2022.0,12.0,407.0,23679.5329218107
Nazca Munay,Zibatá II,148.7,206.87,12.17,46.0,2.0,Horizontal,3171370.49,3171370.49,0.0,2022-03-17,2022-12-18,2022.0,12.0,276.0,21327.306590450575
Nazca Nea,Zibatá II,154.4,169.5,15.1,0.0,2.0,Horizontal,3205140.37,3205140.37,0.0,2022-03-17,2023-01-06,2023.0,1.0,295.0,20758.681152849742
Sophia Distrito,Jurica,135.2,145.51,0.0,10.31,2.0,Subvertical,3710118.71,3524612.77,5.0,2021-09-25,2023-08-20,2023.0,8.0,694.0,26069.621079881657
Emma,Cumbres del Lago,138.8,264.8,126.0,0.0,2.0,Horizontal,3780000.0,3780000.0,0.0,2022-12-08,2023-01-05,2023.0,1.0,28.0,27233.42939481268
Loretta,Altos Juriquilla,138.8,193.5,54.7,0.0,2.0,Horizontal,3363300.95,3363300.95,0.0,2020-11-13,2022-12-16,2022.0,12.0,763.0,24231.27485590778
Loretta,Altos Juriquilla,146.7,214.7,0.0,68.0,2.0,Horizontal,3066526.87,3066526.87,0.0,2020-11-13,2022-12-20,2022.0,12.0,767.0,20903.386980231768
Gran Motivo,Zarú,110.4,168.1,57.7,0.0,2.0,Horizontal,2799502.05,2741514.5,2.5,2022-08-03,2023-03-31,2023.0,3.0,240.0,24832.558876811592
Emma,Cumbres del Lago,138.8,192.2,53.4,0.0,2.0,Horizontal,3418054.0,3430554.0,0.0,2022-12-08,2022-12-29,2022.0,12.0,21.0,24715.80691642651
Sinfonía,Rancho Cerro Prieto,165.3,224.7,59.4,0.0,2.0,Horizontal,3558774.0,3154868.31,0.0,2021-11-10,2022-12-16,2022.0,12.0,401.0,19085.712704174228
Alegra Towers,Juriquilla Santa Fe,97.7,105.6,0.0,7.9,2.0,Vertical,3398886.4,3451001.97,0.5,2018-08-29,2022-12-16,2022.0,12.0,1570.0,35322.435721596725
Sinfonía,Rancho Cerro Prieto,92.4,111.18,0.0,18.78,2.0,Horizontal,2400506.9,2400506.9,0.0,2022-05-12,2022-12-20,2022.0,12.0,222.0,25979.5119047619
Emma,Cumbres del Lago,146.7,210.03,0.0,63.33,2.0,Horizontal,3019245.0,3105395.0,0.0,2022-12-08,2022-12-27,2022.0,12.0,19.0,21168.336741649626
Loretta,Altos Juriquilla,110.4,185.1,74.7,0.0,2.0,Horizontal,3007023.21,3007023.21,0.0,2020-11-13,2023-01-28,2023.0,1.0,806.0,27237.529076086954
Sinfonía,Rancho Cerro Prieto,91.9,91.9,0.0,0.0,2.0,Horizontal,2263019.64,2251704.54,0.5,2022-05-12,2022-12-23,2022.0,12.0,225.0,24501.681610446136
Sinfonía,Rancho Cerro Prieto,91.9,91.9,0.0,0.0,2.0,Horizontal,2263019.64,2249389.44,1.0,2022-05-12,2022-12-17,2022.0,12.0,219.0,24476.490097932532
Sophia Distrito,Jurica,165.3,175.65,0.0,10.35,2.0,Subvertical,4489406.55,4377171.39,2.5,2021-09-25,2023-08-18,2023.0,8.0,692.0,26480.16569872958
Alondra,Altos Juriquilla,180.6,209.4,28.8,0.0,2.0,Horizontal,3994857.78,4024357.78,0.0,2022-02-17,2022-12-30,2022.0,12.0,316.0,22283.265669988927
Nazca Lofts & Apartments,Zibatá II,112.4,112.4,0.0,0.0,2.0,Subvertical,3030611.06,3119958.0,0.5,2022-05-24,2023-10-31,2023.0,10.0,525.0,27757.633451957296
Emma,Cumbres del Lago,115.2,219.7,104.5,0.0,2.0,Horizontal,3210826.0,3292326.0,0.0,2022-12-08,2022-12-28,2022.0,12.0,20.0,28579.21875
Emma,Cumbres del Lago,138.8,190.7,51.9,0.0,2.0,Horizontal,3512874.0,3507809.63,0.5,2022-12-08,2023-01-11,2023.0,1.0,34.0,25272.403674351583
Nazca Lofts & Apartments,Zibatá II,149.4,202.3,52.9,0.0,2.0,Subvertical,3841530.2,3841530.2,0.0,2022-05-24,2025-05-30,2025.0,5.0,1102.0,25713.05354752343
Nazca Lofts & Apartments,Zibatá II,145.7,198.91,0.0,53.21,2.0,Subvertical,3974219.28,3830250.51,4.0,2022-05-24,2025-03-22,2025.0,3.0,1033.0,26288.610226492794
Alondra,Altos Juriquilla,158.0,178.2,20.2,0.0,2.0,Horizontal,3521060.62,3531060.62,0.0,2022-02-17,2022-12-31,2022.0,12.0,317.0,22348.48493670886
Sophia Distrito,Jurica,86.2,94.9,0.0,8.7,1.0,Subvertical,2959362.01,2814393.91,5.0,2021-09-25,2023-10-20,2023.0,10.0,755.0,32649.5813225058
Emma,Cumbres del Lago,146.7,210.03,0.0,63.33,2.0,Horizontal,3019245.0,3086445.0,0.0,2022-12-08,2022-12-27,2022.0,12.0,19.0,21039.16155419223
Sinfonía,Rancho Cerro Prieto,123.0,144.4,21.4,0.0,2.0,Horizontal,2909196.53,2894650.55,0.5,2021-11-10,2022-12-29,2022.0,12.0,414.0,23533.74430894309
Alegra Towers,Juriquilla Santa Fe,97.6,106.06,0.0,8.46,2.0,Vertical,3265782.5,3265782.5,0.0,2017-04-27,2022-12-29,2022.0,12.0,2072.0,33460.88627049181
Sophia Distrito,Jurica,161.6,188.78,0.0,27.18,2.0,Subvertical,4782794.14,4532445.3,5.0,2021-09-25,2023-08-20,2023.0,8.0,694.0,28047.310024752474
El Capricho,"Cascatta II, Lomas de Angelópolis",215.2,236.7,21.5,0.0,0.0,Horizontal,3720152.09,3650152.09,0.0,2019-07-16,2023-01-08,2023.0,1.0,1272.0,16961.673280669143
Emma,Cumbres del Lago,136.1,188.2,0.0,52.1,2.0,Horizontal,2844703.0,2857203.0,0.0,2022-12-08,2022-12-30,2022.0,12.0,22.0,20993.409257898606
Nazca Lofts & Apartments,Zibatá II,112.4,112.4,0.0,0.0,2.0,Subvertical,3015401.06,2964785.02,4.0,2022-05-24,2023-12-01,2023.0,12.0,556.0,26377.090925266904
Sophia Distrito,Jurica,165.3,175.65,0.0,10.35,2.0,Subvertical,4489406.55,4489406.55,0.0,2021-09-25,2023-08-20,2023.0,8.0,694.0,27159.144283121594
Alondra,Altos Juriquilla,121.5,156.6,35.1,0.0,2.0,Horizontal,3035025.37,3004675.12,1.0,2022-02-17,2023-01-14,2023.0,1.0,331.0,24729.836378600823
Emma,Cumbres del Lago,110.4,184.0,73.6,0.0,2.0,Horizontal,3031346.0,3031346.0,0.0,2022-12-08,2023-01-08,2023.0,1.0,31.0,27457.84420289855
Nazca Munay,Zibatá II,110.5,183.89,73.39,0.0,2.0,Horizontal,3181012.69,3189012.69,0.0,2022-03-17,2023-05-09,2023.0,5.0,418.0,28859.84334841629
Sophia Distrito,Jurica,219.5,257.7,38.2,0.0,2.0,Horizontal,4951959.15,4812400.38,3.0,2021-09-25,2023-01-12,2023.0,1.0,474.0,21924.375307517083
Amara Grand,Altos Juriquilla,222.0,287.5,65.5,0.0,2.0,Horizontal,4767607.27,4672255.12,2.0,2018-07-09,2023-01-20,2023.0,1.0,1656.0,21046.194234234234
Nazca Munay,Zibatá II,115.2,249.1,133.9,0.0,2.0,Horizontal,3497149.37,3516949.37,0.0,2022-03-17,2023-05-05,2023.0,5.0,414.0,30529.07439236111
Nazca Munay,Zibatá II,148.7,206.87,12.17,46.0,2.0,Horizontal,3171370.49,3171370.49,0.0,2022-03-17,2023-06-06,2023.0,6.0,446.0,21327.306590450575
Emma,Cumbres del Lago,115.2,192.6,77.4,0.0,2.0,Horizontal,3116081.0,3197581.0,0.0,2022-12-08,2023-01-19,2023.0,1.0,42.0,27756.779513888887
Emma,Cumbres del Lago,115.2,192.6,77.4,0.0,2.0,Horizontal,3116081.0,3197581.0,0.0,2022-12-08,2023-01-25,2023.0,1.0,48.0,27756.779513888887
Nazca Munay,Zibatá II,110.5,252.1,141.6,0.0,2.0,Horizontal,3667586.79,3742786.79,0.0,2022-03-17,2023-01-20,2023.0,1.0,309.0,33871.373665158375
Loretta,Altos Juriquilla,110.4,226.2,115.8,0.0,2.0,Horizontal,3066678.34,3020678.16,1.5,2020-11-13,2023-01-21,2023.0,1.0,799.0,27361.215217391305
Gran Motivo,Zarú,110.4,227.2,116.8,0.0,2.0,Horizontal,3031173.0,3039173.0,0.0,2022-08-03,2023-05-25,2023.0,5.0,295.0,27528.740942028984
Nazca Lofts & Apartments,Zibatá II,112.4,112.4,0.0,0.0,2.0,Subvertical,3063843.67,2858416.96,8.5,2022-05-24,2023-10-20,2023.0,10.0,514.0,25430.75587188612
Gran Motivo,Zarú,148.6,148.6,0.0,0.0,2.0,Horizontal,2951860.0,2963860.0,0.0,2022-08-03,2023-05-31,2023.0,5.0,301.0,19945.22207267833
Sophia Distrito,Jurica,86.2,94.9,0.0,8.7,2.0,Subvertical,2928500.58,2972288.07,2.5,2021-09-25,2023-10-20,2023.0,10.0,755.0,34481.300116009275
Gran Motivo,Zarú,146.7,146.7,0.0,0.0,2.0,Horizontal,2889256.5,2889256.5,0.0,2022-08-03,2023-01-22,2023.0,1.0,172.0,19695.0
Emma,Cumbres del Lago,148.6,192.29,0.0,43.69,2.0,Horizontal,2979361.0,2913186.56,4.0,2022-12-08,2023-01-24,2023.0,1.0,47.0,19604.21641991925
Sophia Distrito,Jurica,86.2,94.9,0.0,8.7,2.0,Subvertical,2897639.16,2842757.2,5.0,2021-09-25,2023-08-20,2023.0,8.0,694.0,32978.62180974478
Paseo Miró B,Zibatá,186.3,203.83,0.0,17.53,2.0,Subvertical,3922452.56,3902840.3,0.5,2019-11-20,2023-01-30,2023.0,1.0,1167.0,20949.223295759526
Sophia Distrito,Jurica,86.2,94.9,0.0,8.7,1.0,Subvertical,2956039.3,2820457.14,5.5,2021-09-25,2023-08-20,2023.0,8.0,694.0,32719.92041763341
Emma,Cumbres del Lago,138.8,190.7,51.9,0.0,2.0,Horizontal,3512874.0,3525374.0,0.0,2022-12-08,2023-01-25,2023.0,1.0,48.0,25398.94812680115
El Capricho,"Cascatta II, Lomas de Angelópolis",215.2,235.1,19.9,0.0,0.0,Horizontal,3720152.09,3645152.09,0.0,2019-07-16,2023-01-31,2023.0,1.0,1295.0,16938.43907992565
Emma,Cumbres del Lago,146.7,210.03,0.0,63.33,2.0,Horizontal,3019245.0,3054195.0,0.0,2022-12-08,2023-01-30,2023.0,1.0,53.0,20819.325153374233
Alondra,Altos Juriquilla,123.1,152.3,29.2,0.0,2.0,Horizontal,3190122.57,3097918.89,3.0,2022-02-17,2023-01-25,2023.0,1.0,342.0,25165.87238017872
Sinfonía,Rancho Cerro Prieto,123.0,144.4,21.4,0.0,2.0,Horizontal,2926794.16,2912160.19,0.5,2021-11-10,2023-01-31,2023.0,1.0,447.0,23676.099105691057
Loretta,Altos Juriquilla,146.7,214.7,0.0,68.0,2.0,Horizontal,3021208.74,2960784.57,2.0,2020-11-13,2023-01-28,2023.0,1.0,806.0,20182.580572597137
Nazca Munay,Zibatá II,136.1,194.1,0.0,58.0,2.0,Horizontal,2901418.76,2784690.62,3.5,2022-03-17,2023-01-25,2023.0,1.0,314.0,20460.621748714184
Emma,Cumbres del Lago,148.6,192.29,0.0,43.69,2.0,Horizontal,2979361.0,3021361.0,0.0,2022-12-08,2023-01-24,2023.0,1.0,47.0,20332.173620457605
El Capricho,"Cascatta II, Lomas de Angelópolis",233.6,246.2,12.6,0.0,0.0,Horizontal,4127000.0,4048190.0,0.0,2019-07-16,2023-02-20,2023.0,2.0,1315.0,17329.580479452055
Emma,Cumbres del Lago,136.1,188.2,0.0,52.1,2.0,Horizontal,3262733.0,3262733.0,0.0,2022-12-08,2023-01-31,2023.0,1.0,54.0,23973.056576047024
Alegra Towers,Juriquilla Santa Fe,173.7,190.34,0.0,16.64,2.0,Vertical,4893272.37,4599676.03,6.0,2018-08-29,2023-01-31,2023.0,1.0,1616.0,26480.575877950494
Sinfonía,Rancho Cerro Prieto,92.4,111.18,0.0,18.78,2.0,Horizontal,2484369.14,2493369.14,0.0,2022-05-12,2023-07-03,2023.0,7.0,417.0,26984.5145021645
Sophia Distrito,Jurica,86.2,94.9,0.0,8.7,1.0,Subvertical,2928500.58,2928500.58,0.0,2021-09-25,2023-12-04,2023.0,12.0,800.0,33973.32459396752
Nazca Nea,Zibatá II,174.0,202.4,28.4,0.0,2.0,Horizontal,3711017.63,3693286.3,2.5,2022-03-17,2023-01-20,2023.0,1.0,309.0,21225.783333333333
Nazca Munay,Zibatá II,136.1,194.1,0.0,58.0,2.0,Horizontal,3233705.0,3084019.75,5.0,2022-03-17,2023-01-25,2023.0,1.0,314.0,22659.95407788391
Nazca Lofts & Apartments,Zibatá II,199.1,268.24,0.0,69.14,2.0,Subvertical,4782236.37,4160545.64,13.0,2022-05-24,2024-01-05,2024.0,1.0,591.0,20896.763636363637
Serena,Altos Juriquilla,214.3,234.3,20.0,0.0,2.0,Horizontal,4803094.6,4803094.6,0.0,2020-04-17,2023-01-26,2023.0,1.0,1014.0,22412.947270181983
Gran Motivo,Zarú,110.4,183.0,72.6,0.0,2.0,Horizontal,3094437.6,3102437.6,0.0,2022-08-03,2023-01-25,2023.0,1.0,175.0,28101.789855072464
Nazca Nea,Zibatá II,205.8,237.2,31.4,0.0,2.0,Horizontal,4220855.54,4178646.98,1.0,2022-03-17,2023-01-27,2023.0,1.0,316.0,20304.407094266277
Nazca Nea,Zibatá II,121.0,152.0,31.0,0.0,2.0,Horizontal,3107636.39,3107636.39,0.0,2022-03-17,2023-07-03,2023.0,7.0,473.0,25682.945371900827
Emma,Cumbres del Lago,136.1,188.2,0.0,52.1,2.0,Horizontal,2844703.0,2844703.0,0.0,2022-12-08,2023-01-23,2023.0,1.0,46.0,20901.565025716387
Gran Motivo,Zarú,146.7,146.7,0.0,0.0,2.0,Horizontal,3026490.2,3011357.75,0.5,2022-08-03,2023-05-31,2023.0,5.0,301.0,20527.31935923654
Nazca Nea,Zibatá II,121.0,152.0,31.0,0.0,2.0,Horizontal,3107636.39,3107636.39,0.0,2022-03-17,2023-07-22,2023.0,7.0,492.0,25682.945371900827
Nazca Nea,Zibatá II,121.0,152.0,31.0,0.0,2.0,Horizontal,3427972.0,3497472.0,0.0,2022-03-17,2023-05-23,2023.0,5.0,432.0,28904.727272727272
Alondra,Altos Juriquilla,165.4,194.7,29.3,0.0,2.0,Horizontal,3874224.03,3933056.43,2.5,2022-02-17,2023-02-06,2023.0,2.0,354.0,23779.059431680773
Nazca Munay,Zibatá II,146.7,214.7,0.0,68.0,2.0,Horizontal,3300852.46,3312852.46,0.0,2022-03-17,2023-05-08,2023.0,5.0,417.0,22582.49802317655
Nazca Nea,Zibatá II,121.0,152.0,31.0,0.0,2.0,Horizontal,3107636.39,3029945.48,2.5,2022-03-17,2023-06-26,2023.0,6.0,466.0,25040.87173553719
Alondra,Altos Juriquilla,121.5,156.6,35.1,0.0,2.0,Horizontal,3035025.37,3035025.37,0.0,2022-02-17,2023-02-05,2023.0,2.0,353.0,24979.63267489712
Emma,Cumbres del Lago,115.2,192.6,77.4,0.0,2.0,Horizontal,3403985.2,3416485.2,0.0,2022-12-08,2023-02-08,2023.0,2.0,62.0,29656.989583333336
Emma,Cumbres del Lago,148.6,192.29,0.0,43.69,2.0,Horizontal,3192412.13,3192412.13,0.0,2022-12-08,2023-02-10,2023.0,2.0,64.0,21483.25794078062
Emma,Cumbres del Lago,138.8,192.2,53.4,0.0,2.0,Horizontal,3662087.53,3662087.53,0.0,2022-12-08,2023-02-08,2023.0,2.0,62.0,26383.915922190197
Amara Grand,Altos Juriquilla,205.1,235.1,30.0,0.0,2.0,Horizontal,4500000.0,4500000.0,0.0,2018-07-09,2023-02-03,2023.0,2.0,1670.0,21940.516821062898
Loretta,Altos Juriquilla,136.1,194.1,0.0,58.0,2.0,Horizontal,2940052.04,2940052.04,0.0,2020-11-13,2023-02-18,2023.0,2.0,827.0,21602.14577516532
Loretta,Altos Juriquilla,115.2,224.7,109.5,0.0,2.0,Horizontal,3319331.5,3302734.84,0.5,2020-11-13,2023-02-13,2023.0,2.0,822.0,28669.573263888888
Emma,Cumbres del Lago,115.2,194.9,79.7,0.0,2.0,Horizontal,3412539.2,3425039.2,0.0,2022-12-08,2023-05-15,2023.0,5.0,158.0,29731.243055555555
Emma,Cumbres del Lago,148.6,192.29,0.0,43.69,2.0,Horizontal,3068741.83,3068741.83,0.0,2022-12-08,2023-02-14,2023.0,2.0,68.0,20651.021736204577
Emma,Cumbres del Lago,136.1,188.2,0.0,52.1,2.0,Horizontal,3325885.0,3325885.0,0.0,2022-12-08,2023-05-15,2023.0,5.0,158.0,24437.068332108745
Nazca Lofts & Apartments,Zibatá II,149.4,149.4,0.0,0.0,2.0,Subvertical,3758470.4,3777470.4,0.0,2022-05-24,2023-02-28,2023.0,2.0,280.0,25284.273092369476
Serena,Altos Juriquilla,221.6,238.8,17.2,0.0,2.0,Horizontal,4985134.73,4774877.99,5.0,2020-04-17,2023-02-27,2023.0,2.0,1046.0,21547.28334837545
Nazca Lofts & Apartments,Zibatá II,149.4,149.4,0.0,0.0,2.0,Subvertical,3794941.27,3813941.27,0.0,2022-05-24,2024-09-25,2024.0,9.0,855.0,25528.388688085673
Emma,Cumbres del Lago,136.1,188.2,0.0,52.1,2.0,Horizontal,2930044.09,2927893.87,0.5,2022-12-08,2023-02-17,2023.0,2.0,71.0,21512.81315209405
Alegra Towers,Juriquilla Santa Fe,133.3,145.19,0.0,11.89,2.0,Vertical,4576810.97,4256434.2,7.0,2018-08-29,2023-02-16,2023.0,2.0,1632.0,31931.239309827455
Alegra Towers,Juriquilla Santa Fe,133.3,145.19,0.0,11.89,2.0,Vertical,4550674.72,4232127.49,7.0,2018-08-29,2023-02-16,2023.0,2.0,1632.0,31748.893398349588
Emma,Cumbres del Lago,136.1,188.2,0.0,52.1,2.0,Horizontal,3048124.87,3048124.87,0.0,2022-12-08,2023-02-17,2023.0,2.0,71.0,22396.21506245408
Sinfonía,Rancho Cerro Prieto,73.8,111.0,37.2,0.0,2.0,Horizontal,2434614.0,2422440.93,0.5,2022-05-12,2023-02-20,2023.0,2.0,284.0,32824.40284552846
Nazca Lofts & Apartments,Zibatá II,74.2,100.9,26.7,0.0,1.0,Subvertical,2598554.4,2640561.63,0.5,2022-05-24,2023-05-02,2023.0,5.0,343.0,35587.08396226415
Sinfonía,Rancho Cerro Prieto,146.7,146.7,0.0,0.0,2.0,Horizontal,3023729.75,3044229.75,0.0,2021-11-10,2023-02-18,2023.0,2.0,465.0,20751.395705521474
Gran Motivo,Zarú,148.6,148.6,0.0,0.0,2.0,Horizontal,2984171.83,3004671.83,0.0,2022-08-03,2023-02-18,2023.0,2.0,199.0,20219.864266487217
Emma,Cumbres del Lago,138.8,215.0,76.2,0.0,2.0,Horizontal,3750830.73,3763330.73,0.0,2022-12-08,2023-03-01,2023.0,3.0,83.0,27113.333789625358
Amara Grand,Altos Juriquilla,207.2,237.3,30.1,0.0,2.0,Horizontal,4026000.0,4026000.0,0.0,2018-07-09,2023-02-22,2023.0,2.0,1689.0,19430.50193050193
Emma,Cumbres del Lago,146.7,210.03,0.0,63.33,2.0,Horizontal,3273661.37,3372011.37,0.0,2022-12-08,2023-02-26,2023.0,2.0,80.0,22985.76257668712
Nazca Munay,Zibatá II,146.7,214.7,0.0,68.0,2.0,Horizontal,3300852.46,3311852.46,0.0,2022-03-17,2023-07-29,2023.0,7.0,499.0,22575.68139059305
Nazca Nea,Zibatá II,205.8,237.2,31.4,0.0,2.0,Horizontal,4425653.52,4425653.52,0.0,2022-03-17,2023-03-09,2023.0,3.0,357.0,21504.6332361516
Nazca Nea,Zibatá II,205.8,237.2,31.4,0.0,2.0,Horizontal,4322698.87,4322698.87,0.0,2022-03-17,2023-03-09,2023.0,3.0,357.0,21004.367687074828
Nazca Lofts & Apartments,Zibatá II,74.2,74.2,0.0,0.0,1.0,Subvertical,2403686.9,2418686.9,0.0,2022-05-24,2023-06-01,2023.0,6.0,373.0,32596.858490566035
Sophia Distrito,Jurica,135.2,145.51,0.0,10.31,2.0,Subvertical,3847357.4,3775910.25,2.0,2021-09-25,2023-12-20,2023.0,12.0,816.0,27928.330251479292
Alegra Towers,Juriquilla Santa Fe,133.3,145.19,0.0,11.89,2.0,Vertical,4602947.22,4188681.97,9.0,2018-08-29,2023-02-24,2023.0,2.0,1640.0,31422.970517629405
Emma,Cumbres del Lago,110.4,193.8,83.4,0.0,2.0,Horizontal,3065646.0,3078146.0,0.0,2022-12-08,2023-03-10,2023.0,3.0,92.0,27881.757246376812
Alegra Towers,Juriquilla Santa Fe,344.1,357.1,0.0,13.0,3.0,Vertical,11685104.7,10633445.28,9.0,2016-07-04,2023-02-24,2023.0,2.0,2426.0,30902.19494333042
Alegra Towers,Juriquilla Santa Fe,133.4,145.29,0.0,11.89,2.0,Vertical,4655219.72,4236249.95,9.0,2018-08-29,2023-02-24,2023.0,2.0,1640.0,31755.996626686658
Alegra Towers,Juriquilla Santa Fe,97.7,105.6,0.0,7.9,2.0,Vertical,3466864.13,3154846.36,9.0,2018-08-29,2023-02-24,2023.0,2.0,1640.0,32291.160286591603
Sophia Distrito,Jurica,165.3,175.65,0.0,10.35,2.0,Subvertical,4736040.14,4628639.14,2.5,2021-09-25,2023-12-20,2023.0,12.0,816.0,28001.446702964302
Alondra,Altos Juriquilla,180.6,210.9,30.3,0.0,2.0,Horizontal,4161073.1,4169073.1,0.0,2022-02-17,2023-02-26,2023.0,2.0,374.0,23084.56866002215
El Capricho,"Cascatta II, Lomas de Angelópolis",215.2,237.0,21.8,0.0,0.0,Horizontal,3831756.65,3831756.65,0.0,2019-07-16,2023-02-25,2023.0,2.0,1320.0,17805.560641263943
Sinfonía,Rancho Cerro Prieto,110.4,187.2,76.8,0.0,2.0,Horizontal,3101942.04,3101942.04,0.0,2021-11-10,2023-02-19,2023.0,2.0,466.0,28097.301086956522
Sinfonía,Rancho Cerro Prieto,148.6,148.6,0.0,0.0,2.0,Horizontal,3101214.44,3085708.37,0.5,2021-11-10,2023-02-19,2023.0,2.0,466.0,20765.197644683718
Emma,Cumbres del Lago,138.8,205.7,66.9,0.0,2.0,Horizontal,3874472.19,3886972.19,0.0,2022-12-08,2023-02-27,2023.0,2.0,81.0,28004.122406340055
Sinfonía,Rancho Cerro Prieto,73.8,73.8,0.0,0.0,1.0,Horizontal,2111138.0,2026692.48,4.0,2022-05-12,2023-02-25,2023.0,2.0,289.0,27461.957723577238
Nazca Nea,Zibatá II,174.0,224.7,50.7,0.0,2.0,Horizontal,3931180.39,3931180.39,0.0,2022-03-17,2023-03-06,2023.0,3.0,354.0,22592.990747126438
Alegra Towers,Juriquilla Santa Fe,133.3,145.19,0.0,11.89,2.0,Vertical,4802036.0,4633964.74,3.5,2018-08-29,2023-03-01,2023.0,3.0,1645.0,34763.42640660165
Amara Grand,Altos Juriquilla,207.2,266.5,59.3,0.0,2.0,Horizontal,4717617.0,4623264.66,2.0,2018-07-09,2023-02-27,2023.0,2.0,1694.0,22313.05337837838
Alegra Towers,Juriquilla Santa Fe,173.6,190.24,0.0,16.64,2.0,Vertical,5060435.88,4883320.62,3.5,2018-08-29,2023-02-27,2023.0,2.0,1643.0,28129.72707373272
Sophia Distrito,Jurica,135.2,145.51,0.0,10.31,2.0,Subvertical,3879425.06,3801836.56,2.0,2021-09-25,2023-11-25,2023.0,11.0,791.0,28120.092899408286
Alegra Towers,Juriquilla Santa Fe,133.5,145.46,0.0,11.96,2.0,Vertical,4827536.0,4682709.92,3.0,2017-04-27,2023-02-28,2023.0,2.0,2133.0,35076.478801498124
Sophia Distrito,Jurica,86.2,94.9,0.0,8.7,1.0,Subvertical,3020175.54,2793662.37,7.5,2021-09-25,2023-02-28,2023.0,2.0,521.0,32409.07621809745
Sophia Distrito,Jurica,215.8,259.5,43.7,0.0,2.0,Horizontal,5292544.62,5340081.89,0.5,2021-09-25,2023-03-06,2023.0,3.0,527.0,24745.513855421683
Sophia Distrito,Jurica,86.2,107.6,21.4,0.0,2.0,Subvertical,3234025.99,3307855.86,0.5,2021-09-25,2023-07-13,2023.0,7.0,656.0,38374.19791183295
Sophia Distrito,Jurica,86.2,94.9,0.0,8.7,1.0,Subvertical,2952273.47,2976273.47,0.0,2021-09-25,2023-11-10,2023.0,11.0,776.0,34527.53445475638
Emma,Cumbres del Lago,146.7,210.03,0.0,63.33,2.0,Horizontal,3378969.93,3393169.93,0.0,2022-12-08,2023-03-03,2023.0,3.0,85.0,23129.99270620314
Nazca Lofts & Apartments,Zibatá II,148.1,148.1,0.0,0.0,2.0,Subvertical,3526264.88,3385214.28,4.0,2022-05-24,2023-05-12,2023.0,5.0,353.0,22857.625118163403
Sinfonía,Rancho Cerro Prieto,92.4,111.18,0.0,18.78,2.0,Horizontal,2503380.89,2511380.89,0.0,2022-05-12,2023-02-28,2023.0,2.0,292.0,27179.44686147186
Emma,Cumbres del Lago,146.7,210.03,0.0,63.33,2.0,Horizontal,3378969.93,3376275.08,0.5,2022-12-08,2023-06-26,2023.0,6.0,200.0,23014.82672119973
Nazca Nea,Zibatá II,174.0,202.4,28.4,0.0,2.0,Horizontal,4085461.0,4100461.0,0.0,2022-03-17,2023-03-03,2023.0,3.0,351.0,23565.867816091955
Nazca Munay,Zibatá II,110.5,252.1,141.6,0.0,2.0,Horizontal,3667586.79,3669435.05,2.0,2022-03-17,2023-03-04,2023.0,3.0,352.0,33207.55701357466
Loretta,Altos Juriquilla,138.8,221.7,82.9,0.0,2.0,Horizontal,3554236.34,3554236.34,0.0,2020-11-13,2023-03-04,2023.0,3.0,841.0,25606.890057636883
Emma,Cumbres del Lago,146.7,210.03,0.0,63.33,2.0,Horizontal,3234843.25,3232869.03,0.5,2022-12-08,2023-03-01,2023.0,3.0,83.0,22037.28036809816
Nazca Lofts & Apartments,Zibatá II,81.2,109.1,27.9,0.0,1.0,Subvertical,2798297.19,2840314.22,1.0,2022-05-24,2023-02-28,2023.0,2.0,280.0,34979.23916256158
Nazca Nea,Zibatá II,154.4,169.5,15.1,0.0,2.0,Horizontal,3194634.82,3194634.82,0.0,2022-03-17,2023-03-03,2023.0,3.0,351.0,20690.640025906734
Emma,Cumbres del Lago,136.1,188.2,0.0,52.1,2.0,Horizontal,3183932.42,3196432.42,0.0,2022-12-08,2023-06-06,2023.0,6.0,180.0,23485.910506980163
El Capricho,"Cascatta II, Lomas de Angelópolis",215.2,236.9,21.7,0.0,0.0,Horizontal,3847206.65,3693318.38,0.0,2019-07-16,2023-04-15,2023.0,4.0,1369.0,17162.260130111525
Alondra,Altos Juriquilla,121.5,155.5,34.0,0.0,2.0,Horizontal,3166673.16,3166673.16,0.0,2022-02-17,2023-03-14,2023.0,3.0,390.0,26063.153580246915
Sinfonía,Rancho Cerro Prieto,180.0,212.5,32.5,0.0,2.0,Horizontal,4023467.44,4023467.44,0.0,2021-11-10,2023-03-20,2023.0,3.0,495.0,22352.59688888889
Sophia Distrito,Jurica,135.0,145.31,0.0,10.31,2.0,Subvertical,3836204.92,3759480.82,2.0,2021-09-25,2023-09-25,2023.0,9.0,730.0,27848.006074074074
Emma,Cumbres del Lago,146.7,210.03,0.0,63.33,2.0,Horizontal,3419517.57,3433717.57,0.0,2022-12-08,2023-07-15,2023.0,7.0,219.0,23406.391070211317
Nazca Nea,Zibatá II,121.0,152.0,31.0,0.0,2.0,Horizontal,3138712.75,3138712.75,0.0,2022-03-17,2023-08-14,2023.0,8.0,515.0,25939.77479338843
Alondra,Altos Juriquilla,121.5,155.5,34.0,0.0,2.0,Horizontal,3225939.83,3209810.13,0.5,2022-02-17,2023-03-27,2023.0,3.0,403.0,26418.19037037037
Alegra Towers,Juriquilla Santa Fe,133.4,145.29,0.0,11.89,2.0,Vertical,4707492.22,4613342.38,2.0,2018-08-29,2023-03-07,2023.0,3.0,1651.0,34582.776461769114
Sophia Distrito,Jurica,250.3,322.6,72.3,0.0,2.0,Horizontal,5958344.51,5868969.34,1.5,2021-09-25,2023-03-27,2023.0,3.0,548.0,23447.7400719137
Sophia Distrito,Jurica,198.7,242.8,0.0,44.1,2.0,Subvertical,5981124.47,5888641.98,2.0,2021-09-25,2023-12-07,2023.0,12.0,803.0,29635.842878711628
Sinfonía,Rancho Cerro Prieto,134.0,159.4,25.4,0.0,2.0,Horizontal,3140472.46,3148472.46,0.0,2021-11-10,2023-03-13,2023.0,3.0,488.0,23496.063134328357
Sophia Distrito,Jurica,135.2,145.51,0.0,10.31,2.0,Subvertical,3820169.58,3743766.19,2.0,2021-09-25,2023-10-04,2023.0,10.0,739.0,27690.578328402367
Sinfonía,Rancho Cerro Prieto,180.0,211.3,31.3,0.0,2.0,Horizontal,3969484.88,3969484.88,0.0,2021-11-10,2023-03-23,2023.0,3.0,498.0,22052.69377777778
Gran Motivo,Zarú,115.2,211.3,96.1,0.0,2.0,Horizontal,3260166.0,3260166.0,0.0,2022-08-03,2023-07-09,2023.0,7.0,340.0,28300.052083333332
Emma,Cumbres del Lago,146.7,210.03,0.0,63.33,2.0,Horizontal,3273661.37,3372011.37,0.0,2022-12-08,2023-03-15,2023.0,3.0,97.0,22985.76257668712
Emma,Cumbres del Lago,110.4,184.0,73.6,0.0,2.0,Horizontal,3318904.29,3302309.77,0.5,2022-12-08,2023-03-17,2023.0,3.0,99.0,29912.22617753623
Sophia Distrito,Jurica,135.0,145.31,0.0,10.31,2.0,Subvertical,3852167.12,3698080.44,4.0,2021-09-25,2023-12-20,2023.0,12.0,816.0,27393.188444444444
Nazca Nea,Zibatá II,121.0,152.0,31.0,0.0,2.0,Horizontal,3295720.0,3327820.0,0.0,2022-03-17,2023-11-01,2023.0,11.0,594.0,27502.644628099173
Nazca Nea,Zibatá II,121.0,152.0,31.0,0.0,2.0,Horizontal,3540939.0,3540939.0,0.0,2022-03-17,2024-01-26,2024.0,1.0,680.0,29263.95867768595
Gran Motivo,Zarú,136.1,136.1,0.0,0.0,2.0,Horizontal,2799636.25,2729645.34,2.5,2022-08-03,2023-03-22,2023.0,3.0,231.0,20056.17443056576
Alondra,Altos Juriquilla,134.1,195.5,61.4,0.0,2.0,Horizontal,3659684.27,3549893.74,3.0,2022-02-17,2023-03-21,2023.0,3.0,397.0,26471.98911260254
Emma,Cumbres del Lago,115.2,192.6,77.4,0.0,2.0,Horizontal,3813533.0,3813533.0,0.0,2022-12-08,2023-03-25,2023.0,3.0,107.0,33103.585069444445
Melodía,Nuevo Refugio,180.6,239.7,59.1,0.0,2.0,Horizontal,4405776.0,4374576.0,0.0,2023-03-15,2023-09-15,2023.0,9.0,184.0,24222.458471760798
Melodía,Nuevo Refugio,180.6,202.2,21.6,0.0,2.0,Horizontal,4165000.0,4125000.0,0.0,2023-03-15,2023-11-28,2023.0,11.0,258.0,22840.531561461794
Sinfonía,Rancho Cerro Prieto,151.3,206.7,55.4,0.0,2.0,Horizontal,3523962.68,3475183.43,2.0,2021-11-10,2023-03-29,2023.0,3.0,504.0,22968.826371447456
Nazca Munay,Zibatá II,138.8,192.11,53.31,0.0,2.0,Horizontal,3662062.57,3662062.57,0.0,2022-03-17,2023-03-24,2023.0,3.0,372.0,26383.73609510086
Melodía,Nuevo Refugio,121.47,149.76,28.29,0.0,2.0,Horizontal,3195211.0,3188034.95,0.5,2023-03-15,2023-09-05,2023.0,9.0,174.0,26245.451140199228
Alegra Towers,Juriquilla Santa Fe,132.2,144.1,0.0,11.9,2.0,Vertical,4572905.07,4572905.07,0.0,2016-07-04,2023-03-23,2023.0,3.0,2453.0,34590.80990922845
Nazca Nea,Zibatá II,165.3,191.3,26.0,0.0,2.0,Horizontal,3871707.19,3879707.19,0.0,2022-03-17,2023-04-10,2023.0,4.0,389.0,23470.70290381125
Sophia Distrito,Jurica,215.8,254.6,38.8,0.0,2.0,Horizontal,5312597.46,5111967.59,5.0,2021-09-25,2023-04-04,2023.0,4.0,556.0,23688.45037071362
Nazca Lofts & Apartments,Zibatá II,74.2,74.2,0.0,0.0,1.0,Subvertical,2703786.16,2556002.2,7.5,2022-05-24,2024-09-04,2024.0,9.0,834.0,34447.46900269542
Sophia Distrito,Jurica,262.5,297.5,35.0,0.0,2.0,Horizontal,5991365.44,5691797.17,5.0,2021-09-25,2023-04-04,2023.0,4.0,556.0,21683.03683809524
Alegra Towers,Juriquilla Santa Fe,97.7,105.6,0.0,7.9,2.0,Vertical,3312334.13,3317649.12,1.5,2018-08-29,2023-03-27,2023.0,3.0,1671.0,33957.51402251791
Sophia Distrito,Jurica,250.3,290.5,40.2,0.0,2.0,Horizontal,5714970.72,5429222.18,5.0,2021-09-25,2023-04-04,2023.0,4.0,556.0,21690.85968837395
Sophia Distrito,Jurica,262.5,306.4,43.9,0.0,2.0,Horizontal,6095966.32,5791168.0,5.0,2021-09-25,2023-04-04,2023.0,4.0,556.0,22061.59238095238
Sinfonía,Rancho Cerro Prieto,134.0,159.4,25.4,0.0,2.0,Horizontal,3140472.46,3148472.46,0.0,2021-11-10,2023-04-20,2023.0,4.0,526.0,23496.063134328357
Sophia Distrito,Jurica,86.2,94.9,0.0,8.7,1.0,Subvertical,2924113.29,2924113.29,0.0,2021-09-25,2023-09-04,2023.0,9.0,709.0,33922.42795823666
Nazca Nea,Zibatá II,174.0,202.4,28.4,0.0,2.0,Horizontal,3711017.63,3746282.83,0.0,2022-03-17,2023-04-15,2023.0,4.0,394.0,21530.361091954022
Sophia Distrito,Jurica,135.0,145.31,0.0,10.31,2.0,Subvertical,3977111.44,3859567.92,2.0,2021-09-25,2024-03-15,2024.0,3.0,902.0,28589.392
Sophia Distrito,Jurica,86.2,94.9,0.0,8.7,1.0,Subvertical,3000175.54,3024175.54,0.0,2021-09-25,2023-08-07,2023.0,8.0,681.0,35083.24292343387
Nazca Nea,Zibatá II,121.0,152.0,31.0,0.0,2.0,Horizontal,3275233.29,3275233.29,0.0,2022-03-17,2023-08-08,2023.0,8.0,509.0,27068.043719008263
Nazca Munay,Zibatá II,136.11,194.11,0.0,58.0,2.0,Horizontal,3010824.18,3022824.18,0.0,2022-03-17,2023-08-07,2023.0,8.0,508.0,22208.685474983467
Sophia Distrito,Jurica,219.5,259.9,40.4,0.0,2.0,Horizontal,5297582.76,5306582.76,0.0,2021-09-25,2023-08-05,2023.0,8.0,679.0,24175.775671981777
Sophia Distrito,Jurica,135.2,145.51,0.0,10.31,2.0,Subvertical,4033770.13,3978094.73,2.0,2021-09-25,2024-02-22,2024.0,2.0,880.0,29423.7775887574
Nazca Munay,Zibatá II,136.1,194.1,0.0,58.0,2.0,Horizontal,3100372.54,3128870.68,0.5,2022-03-17,2023-08-11,2023.0,8.0,512.0,22989.498016164587
Gran Motivo,Zarú,146.7,146.7,0.0,0.0,2.0,Horizontal,3128546.21,3156903.48,0.5,2022-08-03,2023-08-15,2023.0,8.0,377.0,21519.451124744377
Nazca Lofts & Apartments,Zibatá II,112.4,112.4,0.0,0.0,2.0,Subvertical,3081630.22,2988773.16,3.5,2022-05-24,2023-12-04,2023.0,12.0,559.0,26590.508540925268
Gran Motivo,Zarú,146.7,146.7,0.0,0.0,2.0,Horizontal,3265324.0,3265324.0,0.0,2022-08-03,2023-08-08,2023.0,8.0,370.0,22258.513974096797
Sophia Distrito,Jurica,135.2,145.51,0.0,10.31,2.0,Subvertical,3952125.72,3977125.72,0.0,2021-09-25,2023-12-20,2023.0,12.0,816.0,29416.61035502959
Nazca Nea,Zibatá II,165.3,191.3,26.0,0.0,2.0,Horizontal,4119710.0,4146210.0,0.0,2022-03-17,2023-08-12,2023.0,8.0,513.0,25082.94010889292
Nazca Nea,Zibatá II,174.0,202.4,28.4,0.0,2.0,Horizontal,3863937.15,3863937.15,0.0,2022-03-17,2023-08-14,2023.0,8.0,515.0,22206.535344827586
Emma,Cumbres del Lago,115.2,185.3,70.1,0.0,2.0,Horizontal,3783431.66,3806931.66,0.0,2022-12-08,2023-08-07,2023.0,8.0,242.0,33046.28177083333
Alegra Towers,Juriquilla Santa Fe,97.7,105.6,0.0,7.9,2.0,Vertical,3337334.13,3270587.45,2.0,2018-08-29,2023-08-15,2023.0,8.0,1812.0,33475.81832139202
Amara,Altos Juriquilla,165.7,250.89,72.7,12.49,2.0,Horizontal,4081008.91,4081008.91,0.0,2018-01-08,2023-08-22,2023.0,8.0,2052.0,24628.901086300546
Sophia Distrito,Jurica,165.3,175.65,0.0,10.35,2.0,Subvertical,4868096.56,4770734.63,2.0,2021-09-25,2025-06-25,2025.0,6.0,1369.0,28861.068542044766
Sophia Distrito,Jurica,135.2,145.51,0.0,10.31,2.0,Subvertical,4035960.56,3959741.35,2.0,2021-09-25,2024-03-06,2024.0,3.0,893.0,29288.027736686392
Nazca Lofts & Apartments,Zibatá II,112.4,112.4,0.0,0.0,2.0,Subvertical,3352275.0,3234945.38,3.5,2022-05-24,2023-08-19,2023.0,8.0,452.0,28780.65284697509
Sophia Distrito,Jurica,161.6,188.78,0.0,27.18,2.0,Subvertical,5155134.28,5155134.28,0.0,2021-09-25,2024-05-15,2024.0,5.0,963.0,31900.583415841586
Nazca Munay,Zibatá II,136.1,194.1,0.0,58.0,2.0,Horizontal,3233705.0,3245705.0,0.0,2022-03-17,2023-08-17,2023.0,8.0,518.0,23847.94268919912
Nazca Lofts & Apartments,Zibatá II,74.2,100.9,26.7,0.0,2.0,Subvertical,2729367.09,2602720.25,0.5,2022-05-24,2023-08-19,2023.0,8.0,452.0,35077.092318059294
Alondra,Altos Juriquilla,165.4,238.3,72.9,0.0,2.0,Horizontal,4462790.0,4462790.0,0.0,2022-02-17,2023-08-30,2023.0,8.0,559.0,26981.801692865778
Nazca Nea,Zibatá II,154.4,169.5,15.1,0.0,2.0,Horizontal,3359994.0,3359994.0,0.0,2022-03-17,2023-11-15,2023.0,11.0,608.0,21761.619170984453
Nazca Nea,Zibatá II,205.8,237.2,31.4,0.0,2.0,Horizontal,4551115.99,4551115.99,0.0,2022-03-17,2023-08-19,2023.0,8.0,520.0,22114.266229348883
Serena,Altos Juriquilla,214.3,234.3,20.0,0.0,2.0,Horizontal,4803094.6,4803094.6,0.0,2020-04-17,2023-08-21,2023.0,8.0,1221.0,22412.947270181983
Gran Motivo,Zarú,148.6,165.8,17.2,0.0,2.0,Horizontal,3179127.45,3127544.9,2.0,2022-08-03,2023-08-31,2023.0,8.0,393.0,21046.735531628532
Nazca Nea,Zibatá II,165.3,191.3,26.0,0.0,2.0,Horizontal,3867812.68,3883612.68,0.0,2022-03-17,2023-08-30,2023.0,8.0,531.0,23494.32958257713
Alondra,Altos Juriquilla,123.1,190.1,67.0,0.0,2.0,Horizontal,3430935.91,3422781.23,0.5,2022-02-17,2023-08-31,2023.0,8.0,560.0,27804.884077985378
El Recuerdo,nan,161.1,197.4,36.3,0.0,0.0,Horizontal,2123785.58,2091928.8,1.5,2016-02-26,2016-09-30,2016.0,9.0,217.0,12985.281191806333
Alegra Towers,Juriquilla Santa Fe,268.7,414.7,124.3,21.7,0.0,Vertical,5749122.0,5817002.0,0.0,2016-06-29,2016-10-13,2016.0,10.0,106.0,21648.686267212506
El Anhelo,El Refugio,207.2,232.9,25.7,0.0,2.0,Horizontal,2605904.53,2596875.01,0.5,2016-05-19,2016-09-30,2016.0,9.0,134.0,12533.18055019305
Paseo da Vinci,Zibatá,133.8,166.73,19.8,13.13,2.0,Horizontal,1587943.05,1532365.04,3.5,2015-04-15,2016-09-28,2016.0,9.0,532.0,11452.65351270553
Paseo da Vinci,Zibatá,142.0,175.23,20.1,13.13,2.0,Horizontal,1659151.35,1642559.84,1.0,2015-04-15,2016-09-28,2016.0,9.0,532.0,11567.32281690141
Vista Esmeralda,Los Olvera,165.0,165.0,0.0,0.0,2.0,Horizontal,2234296.62,2348964.99,1.0,2015-08-20,2016-11-09,2016.0,11.0,447.0,14236.151454545456
Alegra Towers,Juriquilla Santa Fe,268.7,436.7,146.3,21.7,0.0,Vertical,5636394.0,5636394.0,0.0,2016-07-04,2016-10-21,2016.0,10.0,109.0,20976.531447711204
Paseo da Vinci,Zibatá,130.9,147.7,0.0,16.8,2.0,Horizontal,1689414.11,1689414.11,0.0,2015-04-15,2016-09-30,2016.0,9.0,534.0,12906.142933537052
El Recuerdo,nan,161.1,197.4,36.3,0.0,0.0,Horizontal,2123785.58,2159647.72,1.0,2016-02-26,2016-10-10,2016.0,10.0,227.0,13405.634512725017
"Tres Deseos ""B""",nan,143.33,201.25,0.0,57.92,0.0,Horizontal,1585470.92,1561688.86,1.5,2014-09-15,2016-10-10,2016.0,10.0,756.0,10895.75706411777
El Anhelo,El Refugio,188.9,385.7,196.8,0.0,2.0,Horizontal,2926500.0,2926500.0,0.0,2016-05-19,2016-10-03,2016.0,10.0,137.0,15492.323980942298
Paseo Dalí,Zibatá,151.1,188.3,37.2,0.0,2.0,Horizontal,1950824.16,1967424.16,0.0,2015-08-10,2016-10-17,2016.0,10.0,434.0,13020.676108537393
Alegra Towers,Juriquilla Santa Fe,132.2,144.1,0.0,11.9,0.0,Vertical,3850000.0,3850000.0,0.0,2016-07-04,2016-10-12,2016.0,10.0,100.0,29122.541603630863
Paseo da Vinci,Zibatá,162.1,241.43,36.0,43.33,2.0,Horizontal,1892890.0,1892890.0,0.0,2015-04-15,2016-10-07,2016.0,10.0,541.0,11677.297964219619
Paseo da Vinci,Zibatá,152.1,231.0,28.4,50.5,2.0,Horizontal,1720372.48,1720372.48,0.0,2015-04-15,2016-10-31,2016.0,10.0,565.0,11310.798685075608
Alegra Towers,Juriquilla Santa Fe,97.6,106.0,0.0,8.4,0.0,Vertical,3025000.0,3025000.0,0.0,2016-07-04,2017-01-23,2017.0,1.0,203.0,30993.852459016394
Vista Esmeralda,Los Olvera,221.0,221.0,0.0,0.0,2.0,Horizontal,2268668.88,2268668.88,0.0,2015-06-10,2016-10-08,2016.0,10.0,486.0,10265.470045248869
Alegra Towers,Juriquilla Santa Fe,97.5,105.9,0.0,8.4,2.0,Vertical,3290250.0,3290250.0,0.0,2016-07-04,2016-10-12,2016.0,10.0,100.0,33746.153846153844
"Gran Capricho ""B""",nan,222.8,253.7,30.9,0.0,0.0,nan,2630085.0,2564332.88,2.5,2015-03-18,2016-10-11,2016.0,10.0,573.0,11509.573070017952
Alegra Towers,Juriquilla Santa Fe,132.2,144.1,0.0,11.9,0.0,Vertical,2709211.0,2682118.89,1.0,2016-06-29,2016-09-21,2016.0,9.0,84.0,20288.342586989413
Nuevo Capricho,nan,205.0,257.0,52.0,0.0,0.0,nan,3038697.09,3038697.09,0.0,2013-01-16,2016-10-12,2016.0,10.0,1365.0,14822.912634146342
Alegra Towers,Juriquilla Santa Fe,132.2,144.1,0.0,11.9,0.0,Vertical,2663289.9,2737013.7,0.0,2016-07-04,2017-01-20,2017.0,1.0,200.0,20703.583207261727
Paseo da Vinci,Zibatá,152.1,230.8,28.2,50.5,2.0,Horizontal,1774708.0,1730340.3,2.5,2015-04-15,2016-10-15,2016.0,10.0,549.0,11376.333333333334
El Recuerdo,nan,181.2,292.8,111.6,0.0,0.0,Horizontal,2229970.57,2232063.9,1.0,2014-04-11,2016-10-10,2016.0,10.0,913.0,12318.23344370861
Alegra Towers,Juriquilla Santa Fe,97.5,105.9,0.0,8.4,0.0,Vertical,3027893.97,3027893.97,0.0,2016-07-04,2017-01-23,2017.0,1.0,203.0,31055.32276923077
Alegra Towers,Juriquilla Santa Fe,97.5,105.9,0.0,8.4,0.0,Vertical,2922926.97,2922926.97,0.0,2016-07-04,2017-01-23,2017.0,1.0,203.0,29978.738153846156
Alegra Towers,Juriquilla Santa Fe,97.6,106.0,0.0,8.4,0.0,Vertical,1973661.0,1973661.0,0.0,2016-07-04,2017-01-16,2017.0,1.0,196.0,20221.93647540984
Alegra Towers,Juriquilla Santa Fe,97.6,106.0,0.0,8.4,2.0,Vertical,3153361.4,3153361.4,0.0,2016-07-04,2017-01-16,2017.0,1.0,196.0,32309.030737704918
Alegra Towers,Juriquilla Santa Fe,97.6,106.0,0.0,8.4,2.0,Vertical,1948661.0,1948661.0,0.0,2016-07-04,2017-01-16,2017.0,1.0,196.0,19965.78893442623
Alegra Towers,Juriquilla Santa Fe,132.2,144.1,0.0,11.9,0.0,Vertical,2665801.0,2665801.0,0.0,2016-06-29,2017-01-30,2017.0,1.0,215.0,20164.909228441757
El Recuerdo,nan,161.1,197.4,36.3,0.0,0.0,Horizontal,2123785.58,2131585.58,0.0,2016-02-26,2016-10-24,2016.0,10.0,241.0,13231.443699565489
El Anhelo,El Refugio,219.2,286.8,67.6,0.0,2.0,Horizontal,2787811.32,2787811.32,0.0,2016-05-19,2016-11-03,2016.0,11.0,168.0,12718.117335766423
El Recuerdo,nan,161.1,197.4,36.3,0.0,0.0,Horizontal,2159359.64,2137766.04,1.0,2016-02-26,2016-10-20,2016.0,10.0,237.0,13269.807821229051
"Tres Deseos ""B""",nan,123.5,209.5,86.0,0.0,0.0,Horizontal,1660474.12,1660474.12,0.0,2014-09-15,2016-10-21,2016.0,10.0,767.0,13445.134574898786
Paseo da Vinci,Zibatá,142.0,175.23,20.1,13.13,2.0,Horizontal,1659151.35,1617672.57,2.5,2015-04-15,2016-10-17,2016.0,10.0,551.0,11392.060352112676
El Recuerdo,nan,181.7,217.1,35.4,0.0,0.0,Horizontal,2433842.28,2372996.22,2.5,2016-02-26,2016-10-17,2016.0,10.0,234.0,13059.968189323063
Paseo Dalí,Zibatá,151.1,188.3,37.2,0.0,2.0,Horizontal,1962800.0,1962800.0,0.0,2015-08-10,2016-10-22,2016.0,10.0,439.0,12990.07279947055
Paseo Picasso - Inspira,Zibatá,168.8,199.7,30.9,0.0,2.0,Horizontal,1942018.0,1942018.0,0.0,2013-04-30,2016-10-24,2016.0,10.0,1273.0,11504.84597156398
"Gran Capricho ""B""",nan,239.8,289.8,50.0,0.0,0.0,nan,3022243.0,2976909.36,1.5,2015-03-18,2016-10-24,2016.0,10.0,586.0,12414.134111759799
El Asombro,Punta Esmeralda,142.2,199.7,0.0,57.5,2.0,Horizontal,1503923.34,1529723.34,0.0,2014-02-25,2016-10-20,2016.0,10.0,968.0,10757.548101265824
El Recuerdo,nan,146.6,184.6,38.0,0.0,0.0,Horizontal,2066808.18,2066808.18,0.0,2016-02-26,2016-10-23,2016.0,10.0,240.0,14098.282264665757
El Recuerdo,nan,138.7,168.8,30.1,0.0,0.0,Horizontal,2031808.18,2031808.18,0.0,2016-02-26,2016-10-21,2016.0,10.0,238.0,14648.941456380679
Paseo da Vinci,Zibatá,162.1,241.43,36.0,43.33,2.0,Horizontal,1850138.41,1850138.41,0.0,2015-04-15,2016-11-07,2016.0,11.0,572.0,11413.562060456508
Alegra Towers,Juriquilla Santa Fe,132.2,144.1,0.0,11.9,0.0,Vertical,2494079.35,2494079.35,0.0,2016-07-04,2016-10-17,2016.0,10.0,105.0,18865.95574886536
Alegra Towers,Juriquilla Santa Fe,132.2,144.1,0.0,11.9,0.0,Vertical,3800780.3,3800780.3,0.0,2016-07-04,2016-10-14,2016.0,10.0,102.0,28750.22919818457
Paseo Dalí,Zibatá,239.5,282.8,43.3,0.0,2.0,Horizontal,2654986.36,2654986.36,0.0,2015-08-10,2016-10-31,2016.0,10.0,448.0,11085.538037578288
"Tres Deseos ""B""",nan,158.3,205.8,0.0,47.5,0.0,Horizontal,1646248.29,1646248.29,0.0,2014-09-15,2016-10-21,2016.0,10.0,767.0,10399.546999368287
El Asombro,Punta Esmeralda,142.2,199.7,0.0,57.5,2.0,Horizontal,1528700.0,1528700.0,0.0,2014-02-25,2016-10-31,2016.0,10.0,979.0,10750.351617440227
Paseo Dalí,Zibatá,239.5,282.8,43.3,0.0,2.0,Horizontal,2654986.36,2664986.36,0.0,2015-08-10,2016-10-31,2016.0,10.0,448.0,11127.291691022963
Paseo da Vinci,Zibatá,162.1,241.43,36.0,43.33,2.0,Horizontal,1868100.0,1821397.5,2.5,2015-04-15,2016-10-31,2016.0,10.0,565.0,11236.258482418261
Paseo Dalí,Zibatá,92.6,109.9,17.3,0.0,2.0,Horizontal,1291770.0,1291770.0,0.0,2015-08-10,2016-11-07,2016.0,11.0,455.0,13950.0
El Milagro,El Refugio,121.4,145.9,24.5,0.0,2.0,Horizontal,1580200.0,1537534.6,2.7,2015-08-06,2016-11-11,2016.0,11.0,463.0,12665.029654036243
El Milagro,El Refugio,121.4,150.3,28.9,0.0,2.0,Horizontal,1586025.22,1613025.22,0.0,2015-08-06,2016-11-18,2016.0,11.0,470.0,13286.863426688631
Paseo da Vinci,Zibatá,162.1,234.13,28.7,43.33,2.0,Horizontal,1804300.0,1768214.0,2.0,2015-04-15,2016-11-07,2016.0,11.0,572.0,10908.167797655768
Paseo Dalí,Zibatá,92.6,114.0,21.4,0.0,2.0,Horizontal,1342700.0,1342700.0,0.0,2015-08-10,2016-11-07,2016.0,11.0,455.0,14500.0
Paseo Dalí,Zibatá,56.1,70.2,14.1,0.0,2.0,Horizontal,890307.0,868049.33,2.5,2015-08-10,2016-11-07,2016.0,11.0,455.0,15473.250089126559
Paseo Picasso - Inspira,Zibatá,168.8,199.7,30.9,0.0,2.0,Horizontal,1942018.0,1942018.0,0.0,2013-04-30,2016-11-05,2016.0,11.0,1285.0,11504.84597156398
Paseo Dalí,Zibatá,92.6,109.9,17.3,0.0,2.0,Horizontal,1291770.0,1291770.0,0.0,2015-08-10,2016-11-11,2016.0,11.0,459.0,13950.0
Paseo Dalí,Zibatá,56.1,67.4,11.3,0.0,2.0,Horizontal,890307.0,881403.93,1.0,2015-08-10,2017-01-16,2017.0,1.0,525.0,15711.300000000001
Paseo da Vinci,Zibatá,162.1,234.13,28.7,43.33,2.0,Horizontal,1804300.0,1759192.5,2.5,2015-04-15,2016-11-08,2016.0,11.0,573.0,10852.51388032079
El Milagro,El Refugio,158.0,179.1,21.1,0.0,2.0,Horizontal,1898537.0,1870058.95,1.5,2015-08-06,2016-10-28,2016.0,10.0,449.0,11835.816139240505
El Milagro,El Refugio,121.4,152.7,31.3,0.0,2.0,Horizontal,1589579.41,1592529.41,0.0,2015-08-06,2016-11-05,2016.0,11.0,457.0,13118.03467874794
El Milagro,El Refugio,146.7,199.6,52.9,0.0,2.0,Horizontal,1845931.65,1790553.7,3.0,2015-08-06,2016-11-07,2016.0,11.0,459.0,12205.546693933198
Paseo Dalí,Zibatá,56.1,67.4,11.3,0.0,2.0,Horizontal,890307.0,890307.0,0.0,2015-08-10,2016-11-15,2016.0,11.0,463.0,15870.0
Paseo Dalí,Zibatá,234.8,253.2,18.4,0.0,2.0,Horizontal,2513600.0,2501032.0,0.5,2015-08-10,,,,,10651.754684838159
El Anhelo,El Refugio,178.0,203.3,25.3,0.0,2.0,Horizontal,2359914.0,2388014.0,0.0,2016-05-19,2017-01-02,2017.0,1.0,228.0,13415.808988764045
Paseo da Vinci,Zibatá,160.6,239.5,28.4,50.5,2.0,Horizontal,1865300.0,1865300.0,0.0,2015-04-15,2016-11-11,2016.0,11.0,576.0,11614.570361145705
Paseo da Vinci,Zibatá,162.1,241.43,36.0,43.33,2.0,Horizontal,1850138.41,1850138.41,0.0,2015-04-15,2016-11-14,2016.0,11.0,579.0,11413.562060456508
El Milagro,El Refugio,121.4,146.3,24.9,0.0,2.0,Horizontal,1580229.84,1580229.84,0.0,2015-08-06,2016-11-07,2016.0,11.0,459.0,13016.720263591433
El Anhelo,El Refugio,177.3,197.8,20.5,0.0,2.0,Horizontal,2214299.96,2189142.46,2.5,2016-05-19,2016-11-15,2016.0,11.0,180.0,12347.109193457416
Gran Capricho,nan,194.5,239.8,45.3,0.0,2.0,nan,2701026.8,2647006.26,2.0,2013-11-22,2016-11-11,2016.0,11.0,1085.0,13609.286683804627
Paseo Dalí,Zibatá,234.8,253.7,18.9,0.0,2.0,Horizontal,2538800.0,2538800.0,0.0,2015-08-10,2016-11-14,2016.0,11.0,462.0,10812.606473594547
El Asombro,Punta Esmeralda,157.7,205.44,0.0,47.74,2.0,Horizontal,1596224.53,1570568.92,2.5,2014-02-25,2016-11-07,2016.0,11.0,986.0,9959.219530754597
Paseo Dalí,Zibatá,56.1,67.4,11.3,0.0,2.0,Horizontal,890307.0,890307.0,0.0,2015-08-10,2016-12-06,2016.0,12.0,484.0,15870.0
El Asombro,Punta Esmeralda,151.72,219.97,0.0,68.25,2.0,Horizontal,1595571.0,1555681.73,2.5,2014-02-25,2016-11-13,2016.0,11.0,992.0,10253.636501450039
Paseo Dalí,Zibatá,56.1,89.4,33.3,0.0,2.0,Horizontal,890307.0,854694.72,4.0,2015-08-10,2016-11-17,2016.0,11.0,465.0,15235.199999999999
Alegra Towers,Juriquilla Santa Fe,231.4,371.3,121.4,18.5,0.0,Vertical,5477987.0,5580637.0,0.0,2016-07-04,2016-12-05,2016.0,12.0,154.0,24116.840968020744
El Anhelo,El Refugio,188.9,231.5,42.6,0.0,2.0,Horizontal,2550863.0,2568963.0,0.0,2016-05-19,2016-11-08,2016.0,11.0,173.0,13599.592376919005
El Asombro,Punta Esmeralda,126.2,241.5,115.3,0.0,2.0,Horizontal,1705100.0,1705100.0,0.0,2014-02-25,2016-11-15,2016.0,11.0,994.0,13511.093502377178
"Gran Capricho ""B""",nan,222.8,253.7,30.9,0.0,0.0,nan,2660085.0,2660085.0,0.0,2015-03-18,2016-11-18,2016.0,11.0,611.0,11939.340215439855
Alegra Towers,Juriquilla Santa Fe,97.6,106.0,0.0,8.4,0.0,Vertical,3290250.0,3290250.0,0.0,2016-07-04,2016-11-24,2016.0,11.0,143.0,33711.57786885246
Paseo Dalí,Zibatá,92.6,109.9,17.3,0.0,2.0,Horizontal,1291770.0,1322970.0,0.0,2015-08-10,2016-11-30,2016.0,11.0,478.0,14286.933045356373
El Asombro,Punta Esmeralda,157.7,205.44,0.0,47.74,2.0,Horizontal,1596224.53,1596224.53,0.0,2014-02-25,2016-11-20,2016.0,11.0,999.0,10121.905707038683
Paseo Dalí,Zibatá,92.6,109.9,17.3,0.0,2.0,Horizontal,1291770.0,1291770.0,0.0,2015-08-10,2016-11-30,2016.0,11.0,478.0,13950.0
Alegra Towers,Juriquilla Santa Fe,132.2,144.1,0.0,11.9,0.0,Vertical,3507780.0,3507780.0,0.0,2016-06-29,2016-11-18,2016.0,11.0,142.0,26533.8880484115
Paseo Dalí,Zibatá,219.3,258.6,39.3,0.0,2.0,Horizontal,2647700.0,2680200.0,0.0,2015-08-10,2016-11-14,2016.0,11.0,462.0,12221.614227086182
Alegra Towers,Juriquilla Santa Fe,268.7,436.7,146.3,21.7,0.0,Vertical,5636394.0,5580030.06,1.0,2016-07-04,2016-11-14,2016.0,11.0,133.0,20766.76613323409
Paseo da Vinci,Zibatá,160.6,239.3,28.2,50.5,2.0,Horizontal,1853300.0,1853300.0,0.0,2015-04-15,2016-11-17,2016.0,11.0,582.0,11539.850560398507
Paseo Dalí,Zibatá,92.6,109.9,17.3,0.0,2.0,Horizontal,1291770.0,1253016.9,3.0,2015-08-10,2016-11-13,2016.0,11.0,461.0,13531.5
"Gran Capricho ""B""",nan,222.8,253.7,30.9,0.0,0.0,nan,2630085.0,2564332.88,2.5,2015-03-18,2016-11-10,2016.0,11.0,603.0,11509.573070017952
Alegra Towers,Juriquilla Santa Fe,97.6,106.0,0.0,8.4,2.0,Vertical,3250538.55,3250538.55,0.0,2016-07-04,2016-10-17,2016.0,10.0,105.0,33304.698258196724
Alegra Towers,Juriquilla Santa Fe,132.2,144.1,0.0,11.9,2.0,Vertical,2669165.0,2669165.0,0.0,2016-07-04,2016-10-17,2016.0,10.0,105.0,20190.35552193646
Alegra Towers,Juriquilla Santa Fe,97.6,106.0,0.0,8.4,0.0,Vertical,3152500.0,3152500.0,0.0,2016-07-04,2016-10-17,2016.0,10.0,105.0,32300.20491803279
Alegra Towers,Juriquilla Santa Fe,172.4,189.3,0.0,16.9,2.0,Vertical,4541496.25,4541496.25,0.0,2016-07-04,2016-10-17,2016.0,10.0,105.0,26342.785672853828
Alegra Towers,Juriquilla Santa Fe,132.2,144.1,0.0,11.9,2.0,Vertical,4365310.3,4365310.3,0.0,2016-07-04,2016-10-17,2016.0,10.0,105.0,33020.50151285931
Paseo Dalí,Zibatá,56.1,67.4,11.3,0.0,2.0,Horizontal,920307.0,883494.72,4.0,2015-08-10,2016-11-30,2016.0,11.0,478.0,15748.568983957219
Paseo Dalí,Zibatá,56.1,70.2,14.1,0.0,2.0,Horizontal,925650.0,897880.5,3.0,2015-08-10,2016-11-13,2016.0,11.0,461.0,16005.0
Vista Esmeralda,Los Olvera,224.0,224.0,0.0,0.0,2.0,Horizontal,2853731.0,2796656.38,2.0,2015-12-01,2016-11-14,2016.0,11.0,349.0,12485.073124999999
Alegra Towers,Juriquilla Santa Fe,97.6,106.0,0.0,8.4,0.0,Vertical,2689545.0,2696445.0,0.0,2016-07-04,2016-11-17,2016.0,11.0,136.0,27627.51024590164
El Anhelo,El Refugio,165.3,189.2,23.9,0.0,2.0,Horizontal,2177144.72,2168187.55,1.5,2016-05-19,2016-11-24,2016.0,11.0,189.0,13116.682093163943
Paseo Dalí,Zibatá,92.6,114.0,21.4,0.0,2.0,Horizontal,1342700.0,1342700.0,0.0,2015-08-10,2016-11-24,2016.0,11.0,472.0,14500.0
Vista Esmeralda,Los Olvera,272.0,272.0,0.0,0.0,2.0,Horizontal,2841632.15,2841632.15,0.0,2013-01-16,2016-11-26,2016.0,11.0,1410.0,10447.177022058822
El Asombro,Punta Esmeralda,151.7,219.95,0.0,68.25,2.0,Horizontal,1662637.0,1662637.0,0.0,2014-02-25,2016-11-30,2016.0,11.0,1009.0,10960.032959789058
Paseo Dalí,Zibatá,234.8,252.7,17.9,0.0,2.0,Horizontal,2478400.0,2478400.0,0.0,2015-08-10,2016-11-17,2016.0,11.0,465.0,10555.366269165246
Alegra Towers,Juriquilla Santa Fe,97.5,105.9,0.0,8.4,2.0,Vertical,3280250.0,3280250.0,0.0,2016-07-04,2017-01-31,2017.0,1.0,211.0,33643.58974358974
Paseo Dalí,Zibatá,92.6,114.0,21.4,0.0,2.0,Horizontal,1342700.0,1342700.0,0.0,2015-08-10,2016-11-30,2016.0,11.0,478.0,14500.0
Paseo Dalí,Zibatá,165.0,189.5,24.5,0.0,2.0,Horizontal,2076000.0,2076000.0,0.0,2015-08-10,2016-11-22,2016.0,11.0,470.0,12581.818181818182
Alegra Towers,Juriquilla Santa Fe,132.2,144.1,0.0,11.9,2.0,Vertical,4303914.96,4303914.96,0.0,2016-06-29,2017-01-31,2017.0,1.0,216.0,32556.08895612708
El Milagro,El Refugio,147.3,169.8,22.5,0.0,2.0,Horizontal,1830466.0,1830466.0,0.0,2015-08-06,2016-11-16,2016.0,11.0,468.0,12426.788866259334
Alegra Towers,Juriquilla Santa Fe,132.2,144.1,0.0,11.9,0.0,Vertical,3905780.3,3905780.3,0.0,2016-07-04,2017-01-31,2017.0,1.0,211.0,29544.480332829047
El Milagro,El Refugio,158.0,227.1,69.1,0.0,2.0,Horizontal,2050000.0,2050000.0,0.0,2015-08-06,2016-11-28,2016.0,11.0,480.0,12974.683544303798
Alegra Towers,Juriquilla Santa Fe,132.2,144.1,0.0,11.9,0.0,Vertical,4386000.0,4386000.0,0.0,2016-07-04,2017-01-30,2017.0,1.0,210.0,33177.004538577916
Paseo da Vinci,Zibatá,180.4,305.34,44.4,80.54,2.0,Horizontal,1988900.0,1988900.0,0.0,2015-04-15,2016-12-05,2016.0,12.0,600.0,11024.944567627494
El Asombro,Punta Esmeralda,151.7,219.95,0.0,68.25,2.0,Horizontal,1622637.0,1622637.0,0.0,2014-02-25,2016-11-28,2016.0,11.0,1007.0,10696.354647330258
El Milagro,El Refugio,146.7,189.3,42.6,0.0,2.0,Horizontal,1835267.24,1835267.24,0.0,2015-08-06,2016-12-05,2016.0,12.0,487.0,12510.342467620996
El Asombro,Punta Esmeralda,125.0,216.1,91.1,0.0,2.0,Horizontal,1514300.0,1468871.0,3.0,2014-02-25,,,,,11750.968
El Anhelo,El Refugio,143.7,170.4,26.7,0.0,2.0,Horizontal,2078552.58,2078552.58,0.0,2016-05-19,2016-11-24,2016.0,11.0,189.0,14464.527348643009
El Milagro,El Refugio,146.7,186.9,40.2,0.0,2.0,Horizontal,1826819.0,1781148.53,2.5,2015-08-06,2016-12-01,2016.0,12.0,483.0,12141.435105657807
El Milagro,El Refugio,146.7,176.3,29.6,0.0,2.0,Horizontal,1818398.05,1772938.1,2.5,2015-08-06,2016-12-07,2016.0,12.0,489.0,12085.46762099523
"Gran Capricho ""B""",nan,180.1,218.3,38.2,0.0,0.0,nan,2589401.25,2589401.25,0.0,2015-03-18,2016-12-10,2016.0,12.0,633.0,14377.574958356468
El Milagro,El Refugio,158.0,179.1,21.1,0.0,2.0,Horizontal,1898537.0,1843930.89,3.0,2015-08-06,2016-12-16,2016.0,12.0,498.0,11670.448670886075
El Asombro,Punta Esmeralda,151.72,219.97,0.0,68.25,2.0,Horizontal,1595571.0,1555681.73,2.5,2014-02-25,2017-01-02,2017.0,1.0,1042.0,10253.636501450039
Paseo Dalí,Zibatá,151.1,188.3,37.2,0.0,2.0,Horizontal,1962800.0,1903916.0,3.0,2015-08-10,2016-12-19,2016.0,12.0,497.0,12600.370615486434
Paseo Dalí,Zibatá,234.8,253.2,18.4,0.0,2.0,Horizontal,2513600.0,2488464.0,1.0,2015-08-10,2016-12-05,2016.0,12.0,483.0,10598.22827938671
Vista Esmeralda,Los Olvera,221.0,427.0,206.0,0.0,2.0,Horizontal,2411148.0,2362925.04,2.0,2015-08-18,2016-12-17,2016.0,12.0,487.0,10691.96850678733
El Anhelo,El Refugio,178.0,198.7,20.7,0.0,2.0,Horizontal,2370324.0,2397124.0,0.0,2016-05-19,2016-12-12,2016.0,12.0,207.0,13466.988764044943
El Asombro,Punta Esmeralda,151.7,219.95,0.0,68.25,2.0,Horizontal,1617637.0,1577196.08,2.5,2014-02-25,2016-12-09,2016.0,12.0,1018.0,10396.810019775874
El Milagro,El Refugio,146.7,186.2,39.5,0.0,2.0,Horizontal,1884106.0,1837003.35,2.5,2015-08-06,2016-12-16,2016.0,12.0,498.0,12522.176891615543
Alegra Towers,Juriquilla Santa Fe,97.5,105.9,0.0,8.4,2.0,Vertical,3250538.55,3250538.55,0.0,2016-07-04,2017-01-13,2017.0,1.0,193.0,33338.85692307692
Paseo Dalí,Zibatá,192.6,242.1,49.5,0.0,2.0,Horizontal,2446458.0,2460458.0,0.0,2015-08-10,2017-01-06,2017.0,1.0,515.0,12774.96365524403
Paseo da Vinci,Zibatá,160.6,239.5,28.4,50.5,2.0,Horizontal,1865300.0,1865300.0,0.0,2015-04-15,2017-01-12,2017.0,1.0,638.0,11614.570361145705
El Asombro,Punta Esmeralda,125.0,216.1,91.1,0.0,2.0,Horizontal,1514300.0,1476442.5,2.5,2014-02-25,2017-01-13,2017.0,1.0,1053.0,11811.54
Alegra Towers,Juriquilla Santa Fe,97.5,105.9,0.0,8.4,0.0,Vertical,1950590.88,1950590.88,0.0,2016-06-29,2016-12-02,2016.0,12.0,156.0,20006.060307692307
Alegra Towers,Juriquilla Santa Fe,132.2,144.1,0.0,11.9,0.0,Vertical,2665801.0,2665801.0,0.0,2016-06-29,2021-03-26,2021.0,3.0,1731.0,20164.909228441757
Alegra Towers,Juriquilla Santa Fe,132.2,144.1,0.0,11.9,0.0,Vertical,3805780.3,3805780.3,0.0,2016-07-04,2018-01-08,2018.0,1.0,553.0,28788.050680786688
Alegra Towers,Juriquilla Santa Fe,132.2,144.1,0.0,11.9,2.0,Vertical,4572905.07,4572905.07,0.0,2016-07-04,2018-01-08,2018.0,1.0,553.0,34590.80990922845
Alegra Towers,Juriquilla Santa Fe,97.5,105.9,0.0,8.4,0.0,Vertical,2868926.97,2868926.97,0.0,2016-07-04,2018-01-08,2018.0,1.0,553.0,29424.892000000003
El Milagro,El Refugio,121.4,153.6,32.2,0.0,2.0,Horizontal,1650644.0,1650644.0,0.0,2015-08-06,2017-01-13,2017.0,1.0,526.0,13596.738056013179
"Gran Capricho ""B""",nan,239.8,289.8,50.0,0.0,0.0,nan,3022243.0,3022243.0,0.0,2015-03-18,2017-01-31,2017.0,1.0,685.0,12603.181818181818
Paseo Picasso - Inspira,Zibatá,168.8,199.7,30.9,0.0,2.0,Horizontal,2042018.35,2042018.35,0.0,2013-04-30,2017-01-30,2017.0,1.0,1371.0,12097.26510663507
El Anhelo,El Refugio,143.7,170.6,26.9,0.0,2.0,Horizontal,2082324.18,2096124.18,0.0,2016-05-19,2017-01-02,2017.0,1.0,228.0,14586.807098121086
El Asombro,Punta Esmeralda,142.2,199.7,0.0,57.5,2.0,Horizontal,1528700.0,1528700.0,0.0,2014-02-25,,,,,10750.351617440227
"Tres Deseos ""B""",nan,153.4,221.25,0.0,67.85,0.0,Horizontal,1676294.78,1676294.78,0.0,2014-09-15,2017-01-06,2017.0,1.0,844.0,10927.606127770534
El Asombro,Punta Esmeralda,157.7,205.44,0.0,47.74,2.0,Horizontal,1596224.53,1596224.53,0.0,2014-02-25,2017-01-16,2017.0,1.0,1056.0,10121.905707038683
El Milagro,El Refugio,121.4,149.1,27.7,0.0,2.0,Horizontal,1694088.0,1694088.0,0.0,2015-08-06,2017-01-15,2017.0,1.0,528.0,13954.596375617792
Vista Esmeralda,Los Olvera,144.0,144.0,0.0,0.0,2.0,Horizontal,2017000.0,2017000.0,0.0,2015-08-20,2017-01-09,2017.0,1.0,508.0,14006.944444444445
El Recuerdo,nan,134.0,173.8,39.8,0.0,0.0,Horizontal,1775949.0,1775949.0,0.0,2016-02-26,2017-01-07,2017.0,1.0,316.0,13253.350746268658
"Gran Capricho ""B""",nan,200.4,260.5,60.1,0.0,0.0,nan,2576251.0,2576251.0,0.0,2015-03-18,2017-01-23,2017.0,1.0,677.0,12855.543912175648
Vista Esmeralda,Los Olvera,224.0,224.0,0.0,0.0,2.0,Horizontal,2772898.76,2772898.76,0.0,2016-02-16,2017-01-07,2017.0,1.0,326.0,12379.01232142857
Paseo Dalí,Zibatá,219.3,248.0,28.7,0.0,2.0,Horizontal,2543000.0,2547000.0,0.0,2015-08-10,2017-01-18,2017.0,1.0,527.0,11614.22708618331
El Asombro,Punta Esmeralda,151.7,219.95,0.0,68.25,2.0,Horizontal,1622637.0,1622637.0,0.0,2014-02-25,2017-01-03,2017.0,1.0,1043.0,10696.354647330258
El Asombro,Punta Esmeralda,157.7,205.44,0.0,47.74,2.0,Horizontal,1696224.0,1696224.0,0.0,2014-02-25,2017-01-05,2017.0,1.0,1045.0,10756.017755231453
Paseo da Vinci,Zibatá,142.0,175.13,20.0,13.13,2.0,Horizontal,1708765.0,1708765.0,0.0,2015-04-15,2017-01-16,2017.0,1.0,642.0,12033.55633802817
Alegra Towers,Juriquilla Santa Fe,97.5,105.9,0.0,8.4,0.0,Vertical,2058073.0,2058073.0,0.0,2016-06-29,2017-02-07,2017.0,2.0,223.0,21108.441025641026
El Asombro,Punta Esmeralda,157.7,205.44,0.0,47.74,2.0,Horizontal,1601224.0,1601224.0,0.0,2014-02-25,2017-01-13,2017.0,1.0,1053.0,10153.608116677236
Paseo Dalí,Zibatá,219.3,262.4,43.1,0.0,2.0,Horizontal,2574900.0,2574900.0,0.0,2015-08-10,2016-12-22,2016.0,12.0,500.0,11741.450068399452
Alegra Towers,Juriquilla Santa Fe,132.2,144.1,0.0,11.9,0.0,Vertical,3309798.0,3331198.0,0.0,2016-07-04,2017-01-15,2017.0,1.0,195.0,25198.169440242058
Alegra Towers,Juriquilla Santa Fe,172.4,189.3,0.0,16.9,0.0,Vertical,3886829.0,3886829.0,0.0,2016-07-04,2017-01-05,2017.0,1.0,185.0,22545.411832946636
Paseo da Vinci,Zibatá,142.0,175.13,20.0,13.13,2.0,Horizontal,1708765.0,1708765.0,0.0,2015-04-15,2017-01-30,2017.0,1.0,656.0,12033.55633802817
Alegra Towers,Juriquilla Santa Fe,172.4,189.3,0.0,16.9,0.0,Vertical,4100579.0,4088032.42,2.0,2016-07-04,2017-01-13,2017.0,1.0,193.0,23712.485034802783
El Milagro,El Refugio,158.0,179.1,21.1,0.0,2.0,Horizontal,1904537.0,1904537.0,0.0,2015-08-06,2017-01-23,2017.0,1.0,536.0,12054.031645569621
Paseo Dalí,Zibatá,178.7,236.17,0.0,57.47,2.0,Horizontal,2037700.0,2000000.0,0.0,2015-08-10,2017-02-13,2017.0,2.0,553.0,11191.94180190263
Alegra Towers,Juriquilla Santa Fe,132.2,144.1,0.0,11.9,0.0,Vertical,3507780.0,3507780.0,0.0,2016-06-29,2017-01-16,2017.0,1.0,201.0,26533.8880484115
El Milagro,El Refugio,146.7,189.9,43.2,0.0,2.0,Horizontal,1840267.24,1840267.24,0.0,2015-08-06,2017-02-02,2017.0,2.0,546.0,12544.425630538515
"Gran Capricho ""B""",nan,222.8,253.7,30.9,0.0,0.0,nan,2660085.0,2660085.0,0.0,2015-03-18,2017-01-15,2017.0,1.0,669.0,11939.340215439855
El Milagro,El Refugio,146.7,184.0,37.3,0.0,2.0,Horizontal,1828582.0,1773724.54,3.0,2015-08-06,2017-01-18,2017.0,1.0,531.0,12090.8284935242
"Gran Capricho ""B""",nan,180.1,218.3,38.2,0.0,0.0,nan,2589401.25,2589401.25,0.0,2015-03-18,2017-01-16,2017.0,1.0,670.0,14377.574958356468
El Asombro,Punta Esmeralda,151.7,219.95,0.0,68.25,2.0,Horizontal,1702993.0,1660418.18,2.5,2014-02-25,2017-02-10,2017.0,2.0,1081.0,10945.406591957812
El Milagro,El Refugio,146.7,182.6,35.9,0.0,2.0,Horizontal,1828582.0,1792010.36,2.0,2015-08-06,2017-01-19,2017.0,1.0,532.0,12215.476209952285
Paseo Picasso - Inspira,Zibatá,168.8,199.7,30.9,0.0,2.0,Horizontal,1942018.0,1942018.0,0.0,2013-04-30,2017-01-16,2017.0,1.0,1357.0,11504.84597156398
El Milagro,El Refugio,121.4,137.3,15.9,0.0,2.0,Horizontal,1627108.0,1618972.46,0.5,2015-08-06,2017-01-25,2017.0,1.0,538.0,13335.852224052718
El Asombro,Punta Esmeralda,142.2,199.7,0.0,57.5,2.0,Horizontal,1578700.0,1523445.5,3.5,2014-02-25,2017-01-12,2017.0,1.0,1052.0,10713.400140646976
El Milagro,El Refugio,146.7,188.1,41.4,0.0,2.0,Horizontal,1834559.0,1825386.21,0.5,2015-08-06,2017-01-20,2017.0,1.0,533.0,12442.987116564418
El Milagro,El Refugio,146.7,186.0,39.3,0.0,2.0,Horizontal,1881435.0,1881435.0,0.0,2015-08-06,2017-01-18,2017.0,1.0,531.0,12825.051124744377
Paseo Picasso - Inspira,Zibatá,168.8,199.7,30.9,0.0,2.0,Horizontal,1942018.0,1942018.0,0.0,2013-04-30,2017-01-13,2017.0,1.0,1354.0,11504.84597156398
El Anhelo,El Refugio,177.3,197.8,20.5,0.0,2.0,Horizontal,2214299.96,2189142.46,2.5,2016-05-19,2017-01-20,2017.0,1.0,246.0,12347.109193457416
El Anhelo,El Refugio,165.3,188.7,23.4,0.0,2.0,Horizontal,2216123.0,2216123.0,0.0,2016-05-19,2017-01-27,2017.0,1.0,253.0,13406.67271627344
El Milagro,El Refugio,147.3,169.8,22.5,0.0,2.0,Horizontal,1804642.0,1795618.79,0.5,2015-08-06,2017-01-20,2017.0,1.0,533.0,12190.215818058383
"Tres Deseos ""B""",nan,158.3,205.8,0.0,47.5,0.0,Horizontal,1681779.0,1681779.0,0.0,2014-09-17,2017-01-28,2017.0,1.0,864.0,10623.99873657612
Paseo Dalí,Zibatá,151.1,188.3,37.2,0.0,2.0,Horizontal,1962800.0,1903916.0,3.0,2015-08-10,2017-01-30,2017.0,1.0,539.0,12600.370615486434
El Milagro,El Refugio,158.0,179.1,21.1,0.0,2.0,Horizontal,1904537.0,1904537.0,0.0,2015-08-06,2017-01-16,2017.0,1.0,529.0,12054.031645569621
"Tres Deseos ""B""",nan,158.3,205.8,0.0,47.5,0.0,Horizontal,1681779.0,1681779.0,0.0,2014-09-15,2017-01-25,2017.0,1.0,863.0,10623.99873657612
El Milagro,El Refugio,158.0,179.1,21.1,0.0,2.0,Horizontal,1923078.0,1875001.05,2.5,2015-08-06,2017-02-03,2017.0,2.0,547.0,11867.095253164558
El Milagro,El Refugio,158.0,179.1,21.1,0.0,2.0,Horizontal,1904537.0,1856923.58,2.5,2015-08-06,2017-01-27,2017.0,1.0,540.0,11752.68088607595
"Tres Deseos ""B""",nan,158.3,205.8,0.0,47.5,0.0,Horizontal,1661779.0,1636852.32,1.5,2014-09-15,2017-01-24,2017.0,1.0,862.0,10340.191535060012
Ambrosía,Lomas de Juriquilla,190.1,219.5,29.4,0.0,2.0,Horizontal,3000000.0,2955000.0,1.5,2017-01-09,2017-01-28,2017.0,1.0,19.0,15544.45028932141
Ambrosía,Lomas de Juriquilla,151.7,151.7,0.0,0.0,2.0,Horizontal,2955062.13,2932536.2,1.5,2017-01-09,2017-02-13,2017.0,2.0,35.0,19331.154911008573
El Asombro,Punta Esmeralda,157.7,205.44,0.0,47.74,2.0,Horizontal,1685000.0,1642875.0,2.5,2014-02-25,2017-01-24,2017.0,1.0,1064.0,10417.723525681675
Ambrosía,Lomas de Juriquilla,220.8,250.9,30.1,0.0,2.0,Horizontal,3074842.0,3028719.37,1.5,2017-01-09,2017-03-06,2017.0,3.0,56.0,13717.026132246376
"Tres Deseos ""B""",nan,158.3,205.8,0.0,47.5,0.0,Horizontal,1661779.0,1686179.0,0.0,2014-09-15,2017-02-20,2017.0,2.0,889.0,10651.794061907769
El Milagro,El Refugio,121.4,135.6,14.2,0.0,2.0,Horizontal,1624693.0,1624693.0,0.0,2015-08-06,,,,,13382.973640856671
"Tres Deseos ""B""",nan,143.3,201.22,0.0,57.92,0.0,Horizontal,1628200.0,1603777.0,1.5,2014-09-15,2017-02-20,2017.0,2.0,889.0,11191.744591765526
"Tres Deseos ""B""",nan,143.3,201.22,0.0,57.92,0.0,Horizontal,1628200.0,1628200.0,0.0,2014-09-17,2017-02-03,2017.0,2.0,870.0,11362.177250523377
Paseo Dalí,Zibatá,234.8,253.2,18.4,0.0,2.0,Horizontal,2516633.0,2516633.0,0.0,2015-08-10,2017-02-08,2017.0,2.0,548.0,10718.198466780237
"Gran Capricho ""B""",nan,242.0,267.8,25.8,0.0,0.0,nan,2929692.0,2929692.0,0.0,2015-03-18,2017-02-22,2017.0,2.0,707.0,12106.165289256198
El Recuerdo,nan,134.0,173.8,39.8,0.0,0.0,Horizontal,1816172.0,1779848.56,2.0,2016-02-26,2017-02-13,2017.0,2.0,353.0,13282.451940298508
Ambrosía,Lomas de Juriquilla,151.7,151.7,0.0,0.0,2.0,Horizontal,2853662.94,2810858.0,1.5,2017-01-09,2017-02-28,2017.0,2.0,50.0,18529.057350032963
Alegra Towers,Juriquilla Santa Fe,97.5,105.9,0.0,8.4,2.0,Vertical,3348402.5,3348402.5,0.0,2016-06-29,2017-03-07,2017.0,3.0,251.0,34342.58974358974
El Milagro,El Refugio,158.0,262.7,104.7,0.0,2.0,Horizontal,1767879.0,1767879.0,0.0,2015-08-06,2017-02-09,2017.0,2.0,553.0,11189.10759493671
Paseo da Vinci,Zibatá,162.1,241.43,36.0,43.33,2.0,Horizontal,1892890.0,1892890.0,0.0,2015-04-15,2017-02-20,2017.0,2.0,677.0,11677.297964219619
"Tres Deseos ""B""",nan,158.34,205.84,0.0,47.5,0.0,Horizontal,1681423.29,1681423.29,0.0,2014-09-15,2017-02-10,2017.0,2.0,879.0,10619.068397120122
Paseo da Vinci,Zibatá,152.1,231.0,28.4,50.5,2.0,Horizontal,1825000.0,1825000.0,0.0,2015-04-15,2017-02-24,2017.0,2.0,681.0,11998.685075608153
El Recuerdo,nan,207.1,253.54,0.0,46.44,0.0,Horizontal,2287525.0,2309727.4,0.0,2015-11-13,2017-04-05,2017.0,4.0,509.0,11152.715596330276
El Anhelo,El Refugio,177.3,197.8,20.5,0.0,2.0,Horizontal,2214299.96,2244499.96,0.0,2016-05-19,2017-02-25,2017.0,2.0,282.0,12659.3342357586
"Tres Deseos ""B""",nan,158.3,205.8,0.0,47.5,0.0,Horizontal,1741779.0,1766179.0,0.0,2014-09-15,2017-02-25,2017.0,2.0,894.0,11157.163613392293
"Gran Capricho ""B""",nan,151.1,204.1,53.0,0.0,0.0,nan,2156139.35,2156139.35,0.0,2015-03-18,2017-02-24,2017.0,2.0,709.0,14269.618464592986
Ambrosía,Lomas de Juriquilla,151.2,151.2,0.0,0.0,2.0,Horizontal,2660777.0,2625765.35,1.5,2017-01-09,2017-02-24,2017.0,2.0,46.0,17366.17294973545
"Gran Capricho ""B""",nan,242.0,257.3,15.3,0.0,0.0,nan,2961287.0,2985480.57,0.5,2015-03-18,2017-02-13,2017.0,2.0,698.0,12336.696570247934
Paseo Miró,Zibatá,184.5,298.58,94.9,19.18,2.0,Horizontal,2252860.0,2276110.0,0.0,2017-02-07,2017-04-20,2017.0,4.0,72.0,12336.639566395665
"Tres Deseos ""B""",nan,158.3,205.8,0.0,47.5,0.0,Horizontal,1681779.0,1656552.32,1.5,2014-09-17,2017-02-25,2017.0,2.0,892.0,10464.638787113076
Paseo Miró,Zibatá,134.0,161.63,14.5,13.13,2.0,Horizontal,1886357.0,1886357.0,0.0,2017-02-07,2017-04-10,2017.0,4.0,62.0,14077.291044776119
"Gran Capricho ""B""",nan,205.1,236.1,31.0,0.0,0.0,nan,2930085.0,2930085.0,0.0,2015-03-18,2017-03-02,2017.0,3.0,715.0,14286.128717698684
El Recuerdo,nan,159.6,195.0,35.4,0.0,0.0,Horizontal,2486860.44,2424688.93,2.5,2016-02-26,2017-02-27,2017.0,2.0,367.0,15192.286528822056
"Gran Capricho ""B""",nan,242.0,271.8,29.8,0.0,0.0,nan,3010866.0,2935594.35,2.5,2015-03-18,2017-03-03,2017.0,3.0,716.0,12130.555165289257
"Gran Capricho ""B""",nan,242.0,257.3,15.3,0.0,0.0,nan,2945889.0,2872241.78,2.5,2015-03-18,2017-03-10,2017.0,3.0,723.0,11868.767685950412
"Gran Capricho ""B""",nan,242.0,262.8,20.8,0.0,0.0,nan,2980892.0,2980892.0,0.0,2015-03-18,2017-02-27,2017.0,2.0,712.0,12317.735537190083
El Asombro,Punta Esmeralda,142.2,199.7,0.0,57.5,2.0,Horizontal,1528700.0,1528700.0,0.0,2014-02-25,2017-03-06,2017.0,3.0,1105.0,10750.351617440227
Paseo Miró,Zibatá,160.6,191.91,27.1,4.21,2.0,Horizontal,2251780.0,2251780.0,0.0,2017-02-07,2017-03-21,2017.0,3.0,42.0,14021.046077210462
Paseo Miró,Zibatá,134.0,161.63,14.5,13.13,2.0,Horizontal,1874357.0,1874357.0,0.0,2017-02-07,,,,,13987.73880597015
Paseo Miró,Zibatá,134.0,161.63,14.5,13.13,2.0,Horizontal,1812758.8,1812758.8,0.0,2017-02-07,,,,,13528.050746268656
Paseo Miró,Zibatá,134.0,176.73,29.6,13.13,2.0,Horizontal,1833682.0,1760334.72,4.0,2017-02-07,2017-03-31,2017.0,3.0,52.0,13136.826268656716
Paseo Miró,Zibatá,142.5,157.9,15.4,0.0,2.0,Horizontal,1893435.0,1874500.65,1.0,2017-02-07,2017-04-10,2017.0,4.0,62.0,13154.390526315789
Paseo Miró,Zibatá,184.5,243.48,39.8,19.18,2.0,Horizontal,2499194.98,2530894.98,0.0,2017-02-07,2017-03-15,2017.0,3.0,36.0,13717.587967479674
El Milagro,El Refugio,121.4,135.6,14.2,0.0,2.0,Horizontal,1624693.0,1624693.0,0.0,2015-08-06,2017-06-01,2017.0,6.0,665.0,13382.973640856671
Paseo Miró,Zibatá,142.5,157.9,15.4,0.0,2.0,Horizontal,2061989.23,2061989.23,0.0,2017-02-07,2017-03-15,2017.0,3.0,36.0,14470.099859649123
Paseo Dalí,Zibatá,192.6,257.6,65.0,0.0,2.0,Horizontal,2506007.0,2506007.0,0.0,2015-08-10,2017-03-11,2017.0,3.0,579.0,13011.458982346834
Paseo Dalí,Zibatá,56.1,67.4,11.3,0.0,2.0,Horizontal,920307.0,915705.47,0.5,2015-08-10,2017-03-15,2017.0,3.0,583.0,16322.735650623885
El Milagro,El Refugio,158.0,179.1,21.1,0.0,2.0,Horizontal,1963078.0,2004328.0,0.0,2015-08-06,2017-03-17,2017.0,3.0,589.0,12685.620253164558
El Milagro,El Refugio,158.0,179.1,21.1,0.0,2.0,Horizontal,2055000.0,2055000.0,0.0,2015-08-06,2017-03-10,2017.0,3.0,582.0,13006.32911392405
El Asombro,Punta Esmeralda,157.7,205.44,0.0,47.74,2.0,Horizontal,1685000.0,1685000.0,0.0,2014-02-25,2017-03-14,2017.0,3.0,1113.0,10684.844641724794
El Asombro,Punta Esmeralda,157.7,205.44,0.0,47.74,2.0,Horizontal,1696224.0,1696224.0,0.0,2014-02-25,2017-03-08,2017.0,3.0,1107.0,10756.017755231453
Paseo Miró,Zibatá,165.7,207.13,28.3,13.13,2.0,Horizontal,1994040.0,1994040.0,0.0,2017-02-07,2017-04-28,2017.0,4.0,80.0,12034.03741701871
Paseo Miró,Zibatá,184.5,243.48,39.8,19.18,2.0,Horizontal,2346445.8,2363045.8,0.0,2017-02-07,2017-03-15,2017.0,3.0,36.0,12807.836314363143
Ambrosía,Lomas de Juriquilla,167.3,242.3,75.0,0.0,2.0,Horizontal,2694763.0,2654341.56,1.5,2017-01-09,2017-03-18,2017.0,3.0,68.0,15865.759473998804
El Milagro,El Refugio,158.0,179.1,21.1,0.0,2.0,Horizontal,1904537.0,1904537.0,0.0,2015-08-06,2017-03-18,2017.0,3.0,590.0,12054.031645569621
Alegra Towers,Juriquilla Santa Fe,132.2,144.1,0.0,11.9,0.0,Vertical,3832780.0,3756124.4,2.0,2016-07-04,2017-03-13,2017.0,3.0,252.0,28412.438729198188
Paseo Miró,Zibatá,134.0,161.63,14.5,13.13,2.0,Horizontal,1759960.0,1759960.0,0.0,2017-02-07,2017-03-21,2017.0,3.0,42.0,13134.029850746268
"Gran Capricho ""B""",nan,242.0,262.8,20.8,0.0,0.0,nan,2980892.0,2980892.0,0.0,2015-03-18,2017-03-13,2017.0,3.0,726.0,12317.735537190083
El Asombro,Punta Esmeralda,126.2,246.1,119.9,0.0,2.0,Horizontal,1950102.0,1950102.0,0.0,2014-02-25,2017-03-31,2017.0,3.0,1130.0,15452.472266244056
El Recuerdo,nan,146.6,184.6,38.0,0.0,0.0,Horizontal,2066808.18,2066808.18,0.0,2016-02-26,2017-03-23,2017.0,3.0,391.0,14098.282264665757
Ambrosía,Lomas de Juriquilla,175.4,175.4,0.0,0.0,2.0,Horizontal,2612413.0,2612413.0,0.0,2017-01-09,2017-03-24,2017.0,3.0,74.0,14894.03078677309
El Milagro,El Refugio,121.4,137.3,15.9,0.0,2.0,Horizontal,1627108.0,1562023.68,4.0,2015-08-06,2017-03-31,2017.0,3.0,603.0,12866.751894563426
El Anhelo,El Refugio,207.2,230.8,23.6,0.0,2.0,Horizontal,2626387.3,2666287.3,0.0,2016-05-19,2017-03-15,2017.0,3.0,300.0,12868.181949806949
Paseo Dalí,Zibatá,234.8,253.2,18.4,0.0,2.0,Horizontal,2513600.0,2488464.0,1.0,2015-08-10,2017-03-24,2017.0,3.0,592.0,10598.22827938671
Paseo Miró,Zibatá,165.7,253.43,74.6,13.13,2.0,Horizontal,2290511.0,2290511.0,0.0,2017-02-07,2017-04-23,2017.0,4.0,75.0,13823.2407966204
El Asombro,Punta Esmeralda,126.2,225.7,99.5,0.0,2.0,Horizontal,1750102.26,1706349.7,2.5,2014-02-25,2017-03-17,2017.0,3.0,1116.0,13520.996038034864
Esencia,Zakia,165.3,191.4,26.1,0.0,2.0,Horizontal,2226720.45,2241820.45,0.0,2017-03-02,2017-04-14,2017.0,4.0,43.0,13562.132183908046
Paseo Dalí,Zibatá,192.9,277.7,84.8,0.0,2.0,Horizontal,2526808.0,2375199.52,6.0,2015-08-10,2017-03-28,2017.0,3.0,596.0,12313.11311560394
El Anhelo,El Refugio,219.2,262.9,43.7,0.0,2.0,Horizontal,2789752.02,2747905.74,1.5,2016-05-19,2017-03-30,2017.0,3.0,315.0,12536.06633211679
El Recuerdo,nan,143.7,181.7,38.0,0.0,0.0,Horizontal,2094434.0,2063017.49,1.5,2014-04-11,2017-03-24,2017.0,3.0,1078.0,14356.419554627697
Ambrosía,Lomas de Juriquilla,167.3,227.3,60.0,0.0,2.0,Horizontal,2683890.0,2589953.85,3.5,2017-01-09,2017-03-21,2017.0,3.0,71.0,15480.895696353855
El Milagro,El Refugio,158.0,179.1,21.1,0.0,2.0,Horizontal,1963078.0,1963078.0,0.0,2015-08-06,2017-04-14,2017.0,4.0,617.0,12424.54430379747
Paseo Dalí,Zibatá,234.8,253.2,18.4,0.0,2.0,Horizontal,2513600.0,2517600.0,0.0,2015-08-10,2017-04-06,2017.0,4.0,605.0,10722.316865417375
El Anhelo,El Refugio,177.3,197.8,20.5,0.0,2.0,Horizontal,2214299.96,2244499.96,0.0,2016-05-19,2017-04-28,2017.0,4.0,344.0,12659.3342357586
Ambrosía,Lomas de Juriquilla,220.8,250.9,30.1,0.0,2.0,Horizontal,3074842.0,3028719.37,1.5,2017-01-09,2017-03-31,2017.0,3.0,81.0,13717.026132246376
"Tres Deseos ""B""",nan,158.3,205.8,0.0,47.5,0.0,Horizontal,1681779.0,1681779.0,0.0,2014-09-17,2017-03-29,2017.0,3.0,924.0,10623.99873657612
Paseo da Vinci,Zibatá,160.6,239.3,28.2,50.5,2.0,Horizontal,1977627.0,1977627.0,0.0,2015-04-15,2017-04-07,2017.0,4.0,723.0,12313.991282689913
Paseo Miró,Zibatá,160.6,191.91,27.1,4.21,2.0,Horizontal,2074780.0,2089930.0,0.0,2017-02-07,2017-04-28,2017.0,4.0,80.0,13013.262764632627
Paseo Miró,Zibatá,160.6,191.91,27.1,4.21,2.0,Horizontal,2074780.0,2074780.0,0.0,2017-02-07,2017-04-10,2017.0,4.0,62.0,12918.929016189291
"Gran Capricho ""B""",nan,151.1,204.1,53.0,0.0,0.0,nan,2156139.35,2156139.35,0.0,2015-03-18,2017-04-10,2017.0,4.0,754.0,14269.618464592986
Esencia,Zakia,143.2,176.5,33.3,0.0,2.0,Horizontal,1926451.53,2041301.53,0.0,2017-03-02,2017-03-31,2017.0,3.0,29.0,14254.898952513968
El Asombro,Punta Esmeralda,157.7,205.44,0.0,47.74,2.0,Horizontal,1685000.0,1651300.0,2.0,2014-02-25,2017-04-03,2017.0,4.0,1133.0,10471.147748890298
"Tres Deseos ""B""",nan,158.3,205.8,0.0,47.5,0.0,Horizontal,1681779.0,1681779.0,0.0,2014-09-17,2017-03-31,2017.0,3.0,926.0,10623.99873657612
Alegra Towers,Juriquilla Santa Fe,172.4,189.3,0.0,16.9,0.0,Vertical,4494750.0,4225065.0,6.0,2016-07-04,2017-04-10,2017.0,4.0,280.0,24507.33758700696
Paseo Dalí,Zibatá,234.8,253.2,18.4,0.0,2.0,Horizontal,2513600.0,2475896.0,1.5,2015-08-10,2017-03-31,2017.0,3.0,599.0,10544.701873935264
Esencia,Zakia,143.2,168.42,25.22,0.0,2.0,Horizontal,1919245.59,1963495.59,0.0,2017-03-02,2017-04-18,2017.0,4.0,47.0,13711.561382681566
Esencia,Zakia,121.48,149.64,28.16,0.0,2.0,Horizontal,1717426.67,1717426.67,0.0,2017-03-02,2017-04-05,2017.0,4.0,34.0,14137.526094830424
Esencia,Zakia,143.2,168.42,25.22,0.0,2.0,Horizontal,1919245.59,1919245.59,0.0,2017-03-02,2017-04-17,2017.0,4.0,46.0,13402.553002793298
Esencia,Zakia,143.2,168.4,25.2,0.0,2.0,Horizontal,1989570.33,1989570.33,0.0,2017-03-02,2017-04-30,2017.0,4.0,59.0,13893.647555865924
El Anhelo,El Refugio,219.2,335.8,116.6,0.0,2.0,Horizontal,3116799.0,3085631.01,1.0,2016-05-19,2017-05-19,2017.0,5.0,365.0,14076.783804744526
Paseo Miró,Zibatá,165.7,254.73,75.9,13.13,2.0,Horizontal,2117383.0,2134957.0,0.0,2017-02-07,2017-04-17,2017.0,4.0,69.0,12884.471937235969
Paseo Dalí,Zibatá,234.8,254.1,19.3,0.0,2.0,Horizontal,2583600.0,2610600.0,0.0,2015-08-10,2017-04-21,2017.0,4.0,620.0,11118.398637137989
El Anhelo,El Refugio,165.3,189.2,23.9,0.0,2.0,Horizontal,2310422.83,2335022.83,0.0,2016-05-19,2017-04-07,2017.0,4.0,323.0,14125.969933454326
Esencia,Zakia,121.5,149.5,28.0,0.0,2.0,Horizontal,1797662.57,1725756.07,4.0,2017-03-02,2017-05-31,2017.0,5.0,90.0,14203.75366255144
Paseo Dalí,Zibatá,219.3,247.5,28.2,0.0,2.0,Horizontal,2578900.0,2578900.0,0.0,2015-08-10,2017-04-16,2017.0,4.0,615.0,11759.68992248062
Ambrosía,Lomas de Juriquilla,176.9,218.5,41.6,0.0,2.0,Horizontal,2721813.0,2728715.0,0.0,2017-01-09,2017-04-17,2017.0,4.0,98.0,15425.183719615601
Alegra Towers,Juriquilla Santa Fe,132.2,144.1,0.0,11.9,0.0,Vertical,3877780.3,3877780.3,0.0,2016-06-29,2017-03-31,2017.0,3.0,275.0,29332.680030257186
El Anhelo,El Refugio,207.2,232.9,25.7,0.0,2.0,Horizontal,2605904.53,2609904.53,0.0,2016-05-19,2017-04-19,2017.0,4.0,335.0,12596.064333976834
Paseo Miró,Zibatá,134.0,176.73,29.6,13.13,2.0,Horizontal,1833682.0,1833682.0,0.0,2017-02-07,2017-05-05,2017.0,5.0,87.0,13684.194029850747
El Anhelo,El Refugio,178.0,202.4,24.4,0.0,2.0,Horizontal,2374034.0,2421834.0,0.0,2016-05-19,2017-04-22,2017.0,4.0,338.0,13605.808988764045
Esencia,Zakia,165.3,187.3,22.0,0.0,2.0,Horizontal,2103231.86,2118381.86,0.0,2017-03-02,2017-04-30,2017.0,4.0,59.0,12815.377253478522
Alegra Towers,Juriquilla Santa Fe,132.2,144.1,0.0,11.9,0.0,Vertical,3309798.0,3132610.12,6.0,2016-07-04,2017-04-11,2017.0,4.0,281.0,23695.99183055976
Paseo Dalí,Zibatá,234.8,253.2,18.4,0.0,2.0,Horizontal,2513600.0,2513600.0,0.0,2015-08-10,2017-04-12,2017.0,4.0,611.0,10705.281090289607
Vista Esmeralda,Los Olvera,194.0,194.0,0.0,0.0,2.0,Horizontal,2418668.88,2418668.88,0.0,2015-08-20,2017-04-17,2017.0,4.0,606.0,12467.365360824742
Paseo Miró,Zibatá,134.0,176.73,29.6,13.13,2.0,Horizontal,1883682.0,1883682.0,0.0,2017-02-07,2017-04-17,2017.0,4.0,69.0,14057.328358208955
El Milagro,El Refugio,146.7,188.0,41.3,0.0,2.0,Horizontal,1883872.1,1883872.1,0.0,2015-08-06,2017-04-19,2017.0,4.0,622.0,12841.663940013636
Esencia,Zakia,165.3,187.5,22.2,0.0,2.0,Horizontal,2193090.0,2186309.1,1.0,2017-03-02,2017-04-30,2017.0,4.0,59.0,13226.310344827585
Esencia,Zakia,121.5,160.2,38.7,0.0,2.0,Horizontal,1727010.08,1695923.9,1.8,2017-03-02,2017-04-30,2017.0,4.0,59.0,13958.221399176953
Paseo da Vinci,Zibatá,152.1,231.0,28.4,50.5,2.0,Horizontal,1825000.0,1779375.0,2.5,2015-04-15,2017-04-18,2017.0,4.0,734.0,11698.71794871795
El Milagro,El Refugio,146.7,186.2,39.5,0.0,2.0,Horizontal,1884106.0,1884106.0,0.0,2015-08-06,2017-04-20,2017.0,4.0,623.0,12843.258350374916
Vista Esmeralda,Los Olvera,194.0,194.0,0.0,0.0,2.0,Horizontal,2458668.88,2458668.88,0.0,2015-06-09,2017-04-29,2017.0,4.0,690.0,12673.550927835051
"Gran Capricho ""B""",nan,180.1,243.1,63.0,0.0,0.0,nan,2777536.0,2777536.0,0.0,2015-03-18,2017-05-02,2017.0,5.0,776.0,15422.187673514714
El Asombro,Punta Esmeralda,125.0,216.0,91.0,0.0,2.0,Horizontal,1551279.38,1512497.4,2.5,2014-02-25,2017-04-30,2017.0,4.0,1160.0,12099.9792
El Recuerdo,nan,165.2,201.5,36.3,0.0,0.0,Horizontal,2189360.0,2134626.0,2.5,2014-04-11,2017-04-25,2017.0,4.0,1110.0,12921.464891041163
Esencia,Zakia,165.34,187.8,22.46,0.0,2.0,Horizontal,2102758.0,2117908.0,0.0,2017-03-02,2017-05-15,2017.0,5.0,74.0,12809.410910850369
Paseo Miró,Zibatá,165.7,207.13,28.3,13.13,2.0,Horizontal,1994040.0,1994040.0,0.0,2017-02-07,2017-04-24,2017.0,4.0,76.0,12034.03741701871
El Milagro,El Refugio,146.7,186.0,39.3,0.0,2.0,Horizontal,1881435.0,1881435.0,0.0,2015-08-06,2017-04-29,2017.0,4.0,632.0,12825.051124744377
Alegra Towers,Juriquilla Santa Fe,97.6,106.0,0.0,8.4,2.0,Vertical,3218222.72,3218222.72,0.0,2016-06-29,2017-04-28,2017.0,4.0,303.0,32973.59344262296
Ambrosía,Lomas de Juriquilla,207.2,248.1,40.9,0.0,2.0,Horizontal,3285746.51,3285746.51,0.0,2017-01-09,2017-04-24,2017.0,4.0,105.0,15857.849951737451
Alegra Towers,Juriquilla Santa Fe,172.4,189.3,0.0,16.9,0.0,Vertical,4029329.0,3990241.84,0.0,2016-07-04,2017-05-20,2017.0,5.0,320.0,23145.254292343387
El Anhelo,El Refugio,178.0,202.4,24.4,0.0,2.0,Horizontal,2374034.0,2421834.0,0.0,2016-05-19,2017-04-24,2017.0,4.0,340.0,13605.808988764045
Esencia,Zakia,121.5,186.4,64.9,0.0,2.0,Horizontal,1770507.16,1770507.16,0.0,2017-03-02,2017-04-29,2017.0,4.0,58.0,14572.075390946502
Paseo Miró,Zibatá,165.7,207.13,28.3,13.13,2.0,Horizontal,2212811.0,2212811.0,0.0,2017-02-07,2017-04-19,2017.0,4.0,71.0,13354.321062160532
"Tres Deseos ""B""",nan,141.6,244.6,103.0,0.0,0.0,Horizontal,1964500.0,1935032.5,1.5,2014-09-17,2017-05-02,2017.0,5.0,958.0,13665.483757062148
Paseo Miró,Zibatá,134.0,161.63,14.5,13.13,2.0,Horizontal,1759960.0,1759960.0,0.0,2017-02-07,2017-04-30,2017.0,4.0,82.0,13134.029850746268
Ambrosía,Lomas de Juriquilla,207.2,248.1,40.9,0.0,2.0,Horizontal,3285746.0,3320246.0,0.0,2017-01-09,2017-04-27,2017.0,4.0,108.0,16024.353281853282
Ambrosía,Lomas de Juriquilla,207.2,248.1,40.9,0.0,2.0,Horizontal,3285746.0,3285746.0,0.0,2017-01-09,2017-04-28,2017.0,4.0,109.0,15857.84749034749
Paseo Miró,Zibatá,134.0,161.63,14.5,13.13,2.0,Horizontal,1759960.0,1759960.0,0.0,2017-02-07,2017-04-30,2017.0,4.0,82.0,13134.029850746268
Paseo Miró,Zibatá,165.7,207.13,28.3,13.13,2.0,Horizontal,2053861.0,2058741.7,0.5,2017-02-07,2017-05-04,2017.0,5.0,86.0,12424.512371756187
El Anhelo,El Refugio,191.9,212.7,20.8,0.0,2.0,Horizontal,2534714.6,2484020.31,2.0,2016-05-19,2017-04-25,2017.0,4.0,341.0,12944.347628973424
El Milagro,El Refugio,146.7,188.0,41.3,0.0,2.0,Horizontal,1883872.1,1827355.94,3.0,2015-08-06,2017-05-12,2017.0,5.0,645.0,12456.414042263123
Paseo Miró,Zibatá,165.7,207.13,28.3,13.13,2.0,Horizontal,2083861.2,2083861.2,0.0,2017-02-07,2017-05-04,2017.0,5.0,86.0,12576.108630054316
Paseo Miró,Zibatá,184.5,243.48,39.8,19.18,2.0,Horizontal,2380445.8,2380445.8,0.0,2017-02-07,2017-04-27,2017.0,4.0,79.0,12902.145257452574
Alegra Towers,Juriquilla Santa Fe,306.9,320.1,0.0,13.2,0.0,Vertical,6593139.0,6076043.53,9.0,2016-06-29,2017-05-03,2017.0,5.0,308.0,19798.12163571196
Paseo Dalí,Zibatá,219.3,247.5,28.2,0.0,2.0,Horizontal,2643900.0,2643900.0,0.0,2015-08-10,2017-05-05,2017.0,5.0,634.0,12056.087551299588
Paseo Dalí,Zibatá,199.3,242.1,42.8,0.0,2.0,Horizontal,2516725.0,2516725.0,0.0,2015-08-10,2017-05-05,2017.0,5.0,634.0,12627.822378324134
Alegra Towers,Juriquilla Santa Fe,221.8,348.4,110.3,16.3,0.0,Vertical,4806087.12,4463089.28,9.0,2016-07-04,2017-05-05,2017.0,5.0,305.0,20122.13381424707
Alegra Towers,Juriquilla Santa Fe,225.8,350.43,108.3,16.33,0.0,Vertical,4969400.76,4939912.74,2.0,2017-04-27,2017-06-23,2017.0,6.0,57.0,21877.381488042516
"Tres Deseos ""B""",nan,153.4,221.25,0.0,67.85,0.0,Horizontal,1784951.6,1784951.6,0.0,2014-09-17,2017-05-02,2017.0,5.0,958.0,11635.929595827902
Alegra Towers,Juriquilla Santa Fe,306.9,320.1,0.0,13.2,0.0,Vertical,6593139.0,6203169.27,7.0,2016-06-29,2017-05-05,2017.0,5.0,310.0,20212.346920821114
Alegra Towers,Juriquilla Santa Fe,249.1,423.59,155.3,19.19,0.0,Vertical,5466814.34,5138805.48,6.0,2017-04-27,2017-06-30,2017.0,6.0,64.0,20629.48807707748
Alegra Towers,Juriquilla Santa Fe,133.5,145.46,0.0,11.96,0.0,Vertical,3632780.3,3632780.3,0.0,2017-04-27,2017-07-13,2017.0,7.0,77.0,27211.837453183518
"Tres Deseos ""B""",nan,153.4,221.25,0.0,67.85,0.0,Horizontal,1784951.6,1740327.81,2.5,2014-09-15,2017-05-13,2017.0,5.0,971.0,11345.031355932204
Alegra Towers,Juriquilla Santa Fe,133.5,145.46,0.0,11.96,2.0,Vertical,4292390.3,4163618.59,3.0,2017-04-27,2017-06-30,2017.0,6.0,64.0,31188.154232209738
"Tres Deseos ""B""",nan,158.3,205.8,0.0,47.5,0.0,Horizontal,1741779.0,1696507.84,4.0,2014-09-15,2017-05-15,2017.0,5.0,973.0,10717.042577384713
"Tres Deseos ""B""",nan,143.3,201.22,0.0,57.92,0.0,Horizontal,1708200.0,1639872.0,4.0,2014-09-17,2017-05-15,2017.0,5.0,971.0,11443.628750872294
El Asombro,Punta Esmeralda,151.7,219.95,0.0,68.25,2.0,Horizontal,1662637.0,1596131.52,4.0,2014-02-25,2017-05-15,2017.0,5.0,1175.0,10521.631641397496
Esencia,Zakia,121.5,149.7,28.2,0.0,2.0,Horizontal,1717426.67,1732576.67,0.0,2017-03-02,2017-05-19,2017.0,5.0,78.0,14259.890288065842
El Asombro,Punta Esmeralda,126.2,227.3,101.1,0.0,2.0,Horizontal,1932771.17,1855460.32,4.0,2014-02-25,2017-05-15,2017.0,5.0,1175.0,14702.538193343898
Alegra Towers,Juriquilla Santa Fe,97.5,105.9,0.0,8.4,0.0,Vertical,2864545.0,2864545.0,0.0,2016-06-29,2017-05-11,2017.0,5.0,316.0,29379.94871794872
Alegra Towers,Juriquilla Santa Fe,133.5,145.46,0.0,11.96,0.0,Vertical,3507780.3,3507780.3,0.0,2017-04-27,2017-06-16,2017.0,6.0,50.0,26275.507865168536
Ambrosía,Lomas de Juriquilla,207.2,248.1,40.9,0.0,2.0,Horizontal,3146073.91,3186873.91,0.0,2017-01-09,2017-05-20,2017.0,5.0,131.0,15380.665588803091
Esencia,Zakia,121.5,149.4,27.9,0.0,2.0,Horizontal,1717827.0,1732977.0,0.0,2017-03-02,2017-05-05,2017.0,5.0,64.0,14263.185185185184
Alegra Towers,Juriquilla Santa Fe,231.4,362.3,112.4,18.5,0.0,Vertical,5074601.94,4820871.84,5.0,2016-06-29,2017-05-26,2017.0,5.0,331.0,20833.49974070873
Esencia,Zakia,143.2,176.5,33.3,0.0,2.0,Horizontal,1926451.53,2041301.53,0.0,2017-03-02,2017-05-29,2017.0,5.0,88.0,14254.898952513968
"Gran Capricho ""B""",nan,151.1,204.1,53.0,0.0,0.0,nan,2156139.35,2102235.87,2.5,2015-03-18,2017-05-30,2017.0,5.0,804.0,13912.878027796163
Paseo da Vinci,Zibatá,152.1,230.8,28.2,50.5,2.0,Horizontal,1774708.0,1730340.3,2.5,2015-04-15,2017-05-24,2017.0,5.0,770.0,11376.333333333334
Alegra Towers,Juriquilla Santa Fe,221.8,343.5,105.4,16.3,0.0,Vertical,4902208.78,4608076.25,6.0,2016-06-29,2017-05-11,2017.0,5.0,316.0,20775.81717763751
Ambrosía,Lomas de Juriquilla,176.9,218.5,41.6,0.0,2.0,Horizontal,2838850.96,2870250.96,0.0,2017-01-09,2017-05-19,2017.0,5.0,130.0,16225.27394007914
El Anhelo,El Refugio,219.2,239.6,20.4,0.0,2.0,Horizontal,2689033.17,2720433.17,0.0,2016-05-19,2017-05-18,2017.0,5.0,364.0,12410.735264598541
El Milagro,El Refugio,121.4,149.1,27.7,0.0,2.0,Horizontal,1694088.0,1651735.8,2.5,2015-08-06,2017-05-22,2017.0,5.0,655.0,13605.731466227347
Paseo Miró,Zibatá,165.7,207.13,28.3,13.13,2.0,Horizontal,2158861.0,2158861.0,0.0,2017-02-07,2017-05-19,2017.0,5.0,101.0,13028.732649366326
El Anhelo,El Refugio,181.7,199.7,18.0,0.0,2.0,Horizontal,2416099.39,2416099.39,0.0,2016-05-19,2017-05-19,2017.0,5.0,365.0,13297.18981838195
El Anhelo,El Refugio,207.2,230.9,23.7,0.0,2.0,Horizontal,2585904.53,2585904.53,0.0,2016-05-19,2017-05-15,2017.0,5.0,361.0,12480.234218146717
Alegra Towers,Juriquilla Santa Fe,97.6,106.06,0.0,8.46,2.0,Vertical,3305343.15,3295343.15,0.0,2017-04-27,2017-05-30,2017.0,5.0,33.0,33763.76178278689
Alegra Towers,Juriquilla Santa Fe,233.7,407.51,155.3,18.51,0.0,Vertical,5144156.61,4898548.78,5.0,2017-04-27,2017-06-26,2017.0,6.0,60.0,20960.842019683358
"Tres Deseos ""B""",nan,153.4,221.25,0.0,67.85,0.0,Horizontal,1784951.6,1740327.81,2.5,2014-09-15,2017-05-15,2017.0,5.0,973.0,11345.031355932204
Esencia,Zakia,121.48,149.71,28.23,0.0,2.0,Horizontal,1717426.67,1717426.67,0.0,2017-03-02,2017-05-18,2017.0,5.0,77.0,14137.526094830424
Alegra Towers,Juriquilla Santa Fe,173.6,190.55,0.0,16.95,0.0,Vertical,4081689.43,3703067.21,10.16,2017-04-27,2017-06-08,2017.0,6.0,42.0,21331.032315668203
Paseo Dalí,Zibatá,234.8,254.1,19.3,0.0,2.0,Horizontal,2583600.0,2533092.0,3.0,2015-08-10,2017-05-22,2017.0,5.0,651.0,10788.296422487223
El Milagro,El Refugio,158.0,179.1,21.1,0.0,2.0,Horizontal,2055000.0,2055000.0,0.0,2015-08-06,2017-05-26,2017.0,5.0,659.0,13006.32911392405
Paseo Miró,Zibatá,134.0,161.63,14.5,13.13,2.0,Horizontal,1874357.0,1827498.08,2.5,2017-02-07,,,,,13638.04537313433
Paseo Miró,Zibatá,165.7,207.13,28.3,13.13,2.0,Horizontal,2178772.0,2178772.0,0.0,2017-02-07,2017-05-26,2017.0,5.0,108.0,13148.895594447798
Esencia,Zakia,121.48,149.71,28.23,0.0,2.0,Horizontal,1717426.67,1717426.67,0.0,2017-03-02,2017-05-29,2017.0,5.0,88.0,14137.526094830424
Alegra Towers,Juriquilla Santa Fe,173.6,190.55,0.0,16.95,0.0,Vertical,4106689.43,3893298.2,0.0,2017-04-27,2017-06-30,2017.0,6.0,64.0,22426.83294930876
Paseo Dalí,Zibatá,165.0,209.2,44.2,0.0,2.0,Horizontal,2167883.8,2125286.71,2.5,2015-08-10,2017-06-02,2017.0,6.0,662.0,12880.525515151516
Alegra Towers,Juriquilla Santa Fe,133.5,145.46,0.0,11.96,0.0,Vertical,3557780.3,3137643.0,0.0,2017-04-27,2017-06-30,2017.0,6.0,64.0,23502.94382022472
Paseo Miró,Zibatá,165.7,207.13,28.3,13.13,2.0,Horizontal,2083861.0,2083861.0,0.0,2017-02-07,2017-06-09,2017.0,6.0,122.0,12576.107423053712
Ambrosía,Lomas de Juriquilla,151.2,151.2,0.0,0.0,2.0,Horizontal,2829798.18,2847082.18,0.0,2017-01-09,2017-06-05,2017.0,6.0,147.0,18829.9085978836
Esencia,Zakia,121.5,150.0,28.5,0.0,2.0,Horizontal,1784263.77,1784263.77,0.0,2017-03-02,2017-06-10,2017.0,6.0,100.0,14685.298518518519
Esencia,Zakia,143.2,168.9,25.7,0.0,2.0,Horizontal,2059895.07,2059895.07,0.0,2017-03-02,2017-06-10,2017.0,6.0,100.0,14384.74210893855
Ambrosía,Lomas de Juriquilla,151.7,151.7,0.0,0.0,2.0,Horizontal,2853662.94,2853662.94,0.0,2017-01-09,2017-06-02,2017.0,6.0,144.0,18811.225708635466
Esencia,Zakia,165.34,187.85,22.51,0.0,2.0,Horizontal,2102758.0,2120908.0,0.0,2017-03-02,2017-06-05,2017.0,6.0,95.0,12827.555340510464
Paseo Dalí,Zibatá,193.3,235.0,41.7,0.0,2.0,Horizontal,2538574.0,2475109.65,2.5,2015-08-10,2017-06-15,2017.0,6.0,675.0,12804.498965338851
Paseo Miró,Zibatá,165.7,207.13,28.3,13.13,2.0,Horizontal,2298772.0,2298772.0,0.0,2017-02-07,2017-06-06,2017.0,6.0,119.0,13873.095956547979
Paseo Miró,Zibatá,165.7,207.13,28.3,13.13,2.0,Horizontal,2298772.0,2298772.0,0.0,2017-02-07,2017-06-15,2017.0,6.0,128.0,13873.095956547979
Paseo Monet,Zibatá,222.0,286.6,64.6,0.0,2.0,Horizontal,2849624.0,2849624.0,0.0,2017-06-02,2017-07-07,2017.0,7.0,35.0,12836.144144144144
El Anhelo,El Refugio,219.2,256.3,37.1,0.0,2.0,Horizontal,2770430.72,2815030.72,0.0,2016-05-19,2017-06-16,2017.0,6.0,393.0,12842.293430656935
Paseo Monet,Zibatá,164.03,222.4,58.37,0.0,2.0,Horizontal,2313651.0,2313651.0,0.0,2017-06-02,2017-06-26,2017.0,6.0,24.0,14105.047857099311
Paseo Miró,Zibatá,134.0,162.93,15.8,13.13,2.0,Horizontal,1886226.0,1882513.74,1.0,2017-02-07,2017-06-26,2017.0,6.0,139.0,14048.61
Paseo Miró,Zibatá,134.0,161.63,14.5,13.13,2.0,Horizontal,1812758.8,1794631.21,1.0,2017-02-07,2017-06-26,2017.0,6.0,139.0,13392.770223880596
Paseo Dalí,Zibatá,201.1,252.9,51.8,0.0,2.0,Horizontal,2504724.92,2504724.92,0.0,2015-08-10,2017-06-09,2017.0,6.0,669.0,12455.121432123322
El Milagro,El Refugio,147.3,169.8,22.5,0.0,2.0,Horizontal,1824642.0,1824642.0,0.0,2015-08-06,2017-06-19,2017.0,6.0,683.0,12387.25050916497
El Anhelo,El Refugio,188.9,231.5,42.6,0.0,2.0,Horizontal,2550863.0,2568963.0,0.0,2016-05-19,2017-06-15,2017.0,6.0,392.0,13599.592376919005
Esencia,Zakia,180.6,202.8,22.2,0.0,2.0,Horizontal,2413824.01,2476335.77,1.0,2017-03-02,2017-06-16,2017.0,6.0,106.0,13711.71522702104
Paseo Monet,Zibatá,222.0,286.6,64.6,0.0,2.0,Horizontal,2849624.0,2740429.04,4.0,2017-06-02,2017-07-10,2017.0,7.0,38.0,12344.274954954955
Paseo Monet,Zibatá,130.9,130.9,0.0,0.0,2.0,Horizontal,1799414.0,1823964.0,0.0,2017-06-02,2017-06-30,2017.0,6.0,28.0,13934.025974025973
Esencia,Zakia,165.3,187.8,22.5,0.0,2.0,Horizontal,2102758.0,2102758.0,0.0,2017-03-02,2017-06-16,2017.0,6.0,106.0,12720.859044162129
El Asombro,Punta Esmeralda,151.7,219.95,0.0,68.25,2.0,Horizontal,1662637.0,1662637.0,0.0,2014-02-25,2017-06-23,2017.0,6.0,1214.0,10960.032959789058
Paseo Monet,Zibatá,240.22,290.0,49.78,0.0,2.0,Horizontal,2849624.0,2778383.4,2.5,2017-06-02,2017-06-26,2017.0,6.0,24.0,11565.995337607194
El Milagro,El Refugio,146.7,174.3,27.6,0.0,2.0,Horizontal,2024399.0,2024399.0,0.0,2015-08-06,2017-06-24,2017.0,6.0,688.0,13799.584185412406
Paseo Monet,Zibatá,151.2,183.8,32.6,0.0,2.0,Horizontal,2382213.76,2396463.76,0.0,2017-06-02,2017-06-26,2017.0,6.0,24.0,15849.628042328042
El Anhelo,El Refugio,219.2,246.3,27.1,0.0,2.0,Horizontal,2760643.82,2677824.51,3.0,2016-05-19,2017-06-16,2017.0,6.0,393.0,12216.35269160584
Paseo Dalí,Zibatá,197.2,232.3,35.1,0.0,2.0,Horizontal,2470494.0,2470494.0,0.0,2015-08-10,2017-06-24,2017.0,6.0,684.0,12527.860040567952
El Asombro,Punta Esmeralda,151.7,219.95,0.0,68.25,2.0,Horizontal,1662637.0,1662637.0,0.0,2014-02-25,2017-06-28,2017.0,6.0,1219.0,10960.032959789058
El Recuerdo,nan,181.2,327.5,146.3,0.0,0.0,Horizontal,2709603.66,2655411.59,2.0,2015-11-13,2017-06-21,2017.0,6.0,586.0,14654.589348785872
Paseo Monet,Zibatá,156.8,239.6,82.8,0.0,2.0,Horizontal,2011987.0,2011987.0,0.0,2017-06-02,2017-06-30,2017.0,6.0,28.0,12831.549744897959
El Anhelo,El Refugio,188.9,209.0,20.1,0.0,2.0,Horizontal,2654764.23,2682864.23,0.0,2016-05-19,2017-06-26,2017.0,6.0,403.0,14202.563419798835
Alegra Towers,Juriquilla Santa Fe,97.6,106.06,0.0,8.46,1.0,Vertical,2866125.51,2866125.51,0.0,2017-04-27,2017-07-29,2017.0,7.0,93.0,29366.04006147541
Paseo Miró,Zibatá,134.0,162.93,15.8,13.13,2.0,Horizontal,1886226.0,1901376.0,0.0,2017-02-07,2017-06-30,2017.0,6.0,143.0,14189.373134328358
Alegra Towers,Juriquilla Santa Fe,133.5,145.46,0.0,11.96,0.0,Vertical,3607780.3,3317519.43,0.0,2017-04-27,2017-06-22,2017.0,6.0,56.0,24850.332808988765
Paseo Monet,Zibatá,130.9,130.9,0.0,0.0,2.0,Horizontal,1799414.0,1799414.0,0.0,2017-06-02,2017-06-30,2017.0,6.0,28.0,13746.478227654698
Paseo Miró,Zibatá,134.0,162.93,15.8,13.13,2.0,Horizontal,1839280.0,1839280.0,0.0,2017-02-07,2017-06-30,2017.0,6.0,143.0,13725.970149253732
Paseo Monet,Zibatá,130.9,130.9,0.0,0.0,2.0,Horizontal,1859954.0,1859954.0,0.0,2017-06-02,2017-06-30,2017.0,6.0,28.0,14208.968678380443
Paseo Monet,Zibatá,156.8,250.0,93.2,0.0,2.0,Horizontal,2083696.0,2083696.0,0.0,2017-06-02,2017-06-30,2017.0,6.0,28.0,13288.877551020407
Paseo Miró,Zibatá,134.0,161.63,14.5,13.13,2.0,Horizontal,1812758.8,1812758.8,0.0,2017-02-07,2017-07-11,2017.0,7.0,154.0,13528.050746268656
El Milagro,El Refugio,121.4,151.8,30.4,0.0,2.0,Horizontal,1737782.89,1694338.32,2.5,2015-08-06,2017-06-28,2017.0,6.0,692.0,13956.658319604612
El Milagro,El Refugio,121.4,161.7,40.3,0.0,2.0,Horizontal,1816466.0,1771054.35,2.5,2015-08-06,2017-06-28,2017.0,6.0,692.0,14588.58607907743
Paseo Miró,Zibatá,134.0,176.73,29.6,13.13,2.0,Horizontal,1883682.0,1883682.0,0.0,2017-02-07,2017-06-30,2017.0,6.0,143.0,14057.328358208955
Paseo Dalí,Zibatá,219.3,247.5,28.2,0.0,2.0,Horizontal,2578900.0,2578900.0,0.0,2015-08-10,2017-07-04,2017.0,7.0,694.0,11759.68992248062
El Milagro,El Refugio,147.3,169.8,22.5,0.0,2.0,Horizontal,1830466.0,1830466.0,0.0,2015-08-06,2017-07-06,2017.0,7.0,700.0,12426.788866259334
Alegra Towers,Juriquilla Santa Fe,97.6,106.06,0.0,8.46,0.0,Vertical,2664545.16,2686645.16,0.0,2017-04-27,2017-08-04,2017.0,8.0,99.0,27527.102049180332
Ambrosía,Lomas de Juriquilla,176.9,218.5,41.6,0.0,2.0,Horizontal,2784414.7,2784414.7,0.0,2017-01-09,2017-07-07,2017.0,7.0,179.0,15740.04918032787
Ambrosía,Lomas de Juriquilla,207.2,248.1,40.9,0.0,2.0,Horizontal,3351460.92,3351460.92,0.0,2017-01-09,2017-06-28,2017.0,6.0,170.0,16175.00444015444
Alegra Towers,Juriquilla Santa Fe,97.6,106.06,0.0,8.46,0.0,Vertical,2903926.0,2903926.0,0.0,2017-04-27,2017-07-08,2017.0,7.0,72.0,29753.340163934427
Alegra Towers,Juriquilla Santa Fe,97.6,106.06,0.0,8.46,0.0,Vertical,2541233.0,2541233.0,0.0,2017-04-27,2017-06-28,2017.0,6.0,62.0,26037.22336065574
El Milagro,El Refugio,146.7,169.8,23.1,0.0,2.0,Horizontal,2027880.0,2027880.0,0.0,2015-08-06,2017-07-10,2017.0,7.0,704.0,13823.312883435583
Paseo Monet,Zibatá,205.1,262.8,57.7,0.0,2.0,Horizontal,2625123.0,2701873.0,0.0,2017-06-02,2017-07-10,2017.0,7.0,38.0,13173.442223305705
Paseo Dalí,Zibatá,201.1,252.9,51.8,0.0,2.0,Horizontal,2520000.0,2520000.0,0.0,2015-08-10,2017-07-04,2017.0,7.0,694.0,12531.079065141721
Paseo Monet,Zibatá,192.48,257.21,64.73,0.0,2.0,Horizontal,2584785.0,2571861.08,0.5,2017-06-02,2017-07-10,2017.0,7.0,38.0,13361.70552784705
Esencia,Zakia,121.5,150.0,28.5,0.0,2.0,Horizontal,1784263.77,1800313.77,0.0,2017-03-02,2017-07-25,2017.0,7.0,145.0,14817.397283950617
Paseo da Vinci,Zibatá,133.8,204.73,57.8,13.13,2.0,Horizontal,1887845.0,1850088.1,2.0,2015-04-15,2017-07-15,2017.0,7.0,822.0,13827.265321375186
Alegra Towers,Juriquilla Santa Fe,306.9,320.1,0.0,13.2,0.0,Vertical,8315682.17,8315682.17,0.0,2016-07-04,2017-07-31,2017.0,7.0,392.0,27095.738579341807
Paseo Picasso - Inspira,Zibatá,168.8,199.7,30.9,0.0,2.0,Horizontal,2042018.35,1990967.89,2.5,2013-04-30,2017-07-13,2017.0,7.0,1535.0,11794.83347156398
Paseo Miró,Zibatá,142.5,158.1,15.6,0.0,2.0,Horizontal,1915169.0,1915169.0,0.0,2017-02-07,2017-07-17,2017.0,7.0,160.0,13439.78245614035
Paseo Monet,Zibatá,222.0,286.6,64.6,0.0,2.0,Horizontal,2849624.0,2840165.88,0.5,2017-06-02,2017-08-15,2017.0,8.0,74.0,12793.539999999999
Paseo Monet,Zibatá,164.03,183.8,19.77,0.0,2.0,Horizontal,2227746.0,2228135.81,1.5,2017-06-02,2017-07-21,2017.0,7.0,49.0,13583.709138572212
Paseo Monet,Zibatá,192.48,245.59,53.11,0.0,2.0,Horizontal,2506610.0,2506610.0,0.0,2017-06-02,2017-07-18,2017.0,7.0,46.0,13022.70365752286
El Milagro,El Refugio,147.3,169.8,22.5,0.0,2.0,Horizontal,1815700.0,1815700.0,0.0,2015-08-06,2017-07-14,2017.0,7.0,708.0,12326.544467073998
Paseo Monet,Zibatá,156.8,221.5,64.7,0.0,2.0,Horizontal,1975387.0,1975387.0,0.0,2017-06-02,2017-07-20,2017.0,7.0,48.0,12598.131377551019
Alegra Towers,Juriquilla Santa Fe,231.4,371.3,121.4,18.5,0.0,Vertical,5477987.0,5443687.33,2.5,2016-07-04,2017-08-13,2017.0,8.0,405.0,23525.010069144337
El Milagro,El Refugio,147.3,169.8,22.5,0.0,2.0,Horizontal,1824642.0,1824642.0,0.0,2015-08-06,2017-07-20,2017.0,7.0,714.0,12387.25050916497
Alegra Towers,Juriquilla Santa Fe,173.6,190.55,0.0,16.95,2.0,Vertical,4544505.81,4568555.81,0.0,2017-04-27,2017-07-25,2017.0,7.0,89.0,26316.56572580645
Paseo Miró,Zibatá,142.5,173.6,31.1,0.0,2.0,Horizontal,1944129.0,1944129.0,0.0,2017-02-07,2017-07-31,2017.0,7.0,174.0,13643.01052631579
Paseo Monet,Zibatá,156.8,239.7,82.9,0.0,2.0,Horizontal,2068186.0,2068186.0,0.0,2017-06-02,2017-07-31,2017.0,7.0,59.0,13189.961734693876
Alegra Towers,Juriquilla Santa Fe,97.6,106.06,0.0,8.46,0.0,Vertical,2814545.16,2701963.35,4.0,2017-04-27,2017-08-11,2017.0,8.0,106.0,27684.05071721312
Alegra Towers,Juriquilla Santa Fe,172.4,189.3,0.0,16.9,2.0,Vertical,4649750.0,4649750.0,0.0,2016-06-29,2017-07-28,2017.0,7.0,394.0,26970.70765661253
Paseo Monet,Zibatá,156.82,235.29,78.47,0.0,2.0,Horizontal,2063266.0,1980735.36,4.0,2017-06-02,2017-07-21,2017.0,7.0,49.0,12630.629766611402
Alegra Towers,Juriquilla Santa Fe,97.6,106.06,0.0,8.46,2.0,Vertical,3010780.85,3010780.85,0.0,2017-04-27,2017-07-03,2017.0,7.0,67.0,30848.164446721315
Paseo da Vinci,Zibatá,133.8,204.73,57.8,13.13,2.0,Horizontal,1887845.0,1831209.65,3.0,2015-04-15,2017-07-25,2017.0,7.0,832.0,13686.17077727952
El Asombro,Punta Esmeralda,151.7,219.95,0.0,68.25,2.0,Horizontal,1677637.0,1677637.0,0.0,2014-02-25,2017-08-08,2017.0,8.0,1260.0,11058.912326961108
Paseo Miró,Zibatá,184.5,243.48,39.8,19.18,2.0,Horizontal,2346445.8,2363045.8,0.0,2017-02-07,2017-07-25,2017.0,7.0,168.0,12807.836314363143
Alegra Towers,Juriquilla Santa Fe,343.9,356.9,0.0,13.0,0.0,Vertical,7495621.0,7094497.53,7.0,2016-07-04,2017-08-24,2017.0,8.0,416.0,20629.536289619078
"Tres Deseos ""B""",nan,143.3,201.22,0.0,57.92,0.0,Horizontal,1708200.0,1682577.0,1.5,2014-09-17,2017-08-25,2017.0,8.0,1073.0,11741.639916259594
Paseo Monet,Zibatá,192.48,245.17,52.69,0.0,2.0,Horizontal,2530980.0,2530980.0,0.0,2017-06-02,2017-08-15,2017.0,8.0,74.0,13149.31421446384
Paseo Monet,Zibatá,130.9,130.9,0.0,0.0,2.0,Horizontal,1799414.0,1823964.0,0.0,2017-06-02,2017-07-31,2017.0,7.0,59.0,13934.025974025973
Alegra Towers,Juriquilla Santa Fe,306.9,320.16,0.0,13.26,0.0,Vertical,6807054.0,6782795.66,0.0,2017-04-27,2017-09-08,2017.0,9.0,134.0,22100.995959595963
Alegra Towers,Juriquilla Santa Fe,173.6,190.55,0.0,16.95,2.0,Vertical,4519505.81,4519505.81,0.0,2017-04-27,2017-09-10,2017.0,9.0,136.0,26034.01964285714
Alegra Towers,Juriquilla Santa Fe,97.6,106.06,0.0,8.46,0.0,Vertical,2709545.16,2601163.35,4.0,2017-04-27,2017-09-22,2017.0,9.0,148.0,26651.263831967215
Vista Esmeralda,Los Olvera,224.0,224.0,0.0,0.0,2.0,Horizontal,2972453.12,2898141.79,2.5,2015-01-02,2017-09-08,2017.0,9.0,980.0,12938.132991071428
El Milagro,El Refugio,147.3,169.8,22.5,0.0,2.0,Horizontal,1860466.0,1851163.67,0.5,2015-08-06,2017-09-29,2017.0,9.0,785.0,12567.302579769177
El Anhelo,El Refugio,207.2,270.0,62.8,0.0,2.0,Horizontal,2794621.39,2745108.96,2.0,2016-05-19,2017-09-14,2017.0,9.0,483.0,13248.595366795367
Paseo Monet,Zibatá,130.9,130.9,0.0,0.0,2.0,Horizontal,1844399.35,1870677.35,0.5,2017-06-02,2017-09-22,2017.0,9.0,112.0,14290.88884644767
Alegra Towers,Juriquilla Santa Fe,173.6,190.55,0.0,16.95,0.0,Vertical,4051689.43,4051689.43,0.0,2017-04-27,2017-09-16,2017.0,9.0,142.0,23339.22482718894
Paseo Monet,Zibatá,205.8,242.1,36.3,0.0,2.0,Horizontal,3020948.77,3040998.77,0.0,2017-06-02,2017-10-02,2017.0,10.0,122.0,14776.476044703595
El Motivo,Zakia,156.82,228.14,71.32,0.0,2.0,Horizontal,2037296.65,2046946.65,0.0,2017-08-01,2017-09-11,2017.0,9.0,41.0,13052.84179313863
Alegra Towers,Juriquilla Santa Fe,231.4,371.3,121.4,18.5,0.0,Vertical,5477987.0,5580637.0,0.0,2016-07-04,2017-09-08,2017.0,9.0,431.0,24116.840968020744
Paseo Miró,Zibatá,165.7,207.13,28.3,13.13,2.0,Horizontal,2133772.0,2133772.0,0.0,2017-02-07,2017-09-25,2017.0,9.0,230.0,12877.32045866023
El Motivo,Zakia,156.8,227.2,70.4,0.0,2.0,Horizontal,2035841.65,2071591.65,0.0,2017-08-01,2017-09-12,2017.0,9.0,42.0,13211.68144132653
Alegra Towers,Juriquilla Santa Fe,133.5,145.46,0.0,11.96,0.0,Vertical,3527780.3,3246880.8,0.0,2017-04-27,2017-09-18,2017.0,9.0,144.0,24321.204494382022
Paseo Monet,Zibatá,130.9,130.9,0.0,0.0,2.0,Horizontal,1930170.83,1933570.83,0.0,2017-06-02,2017-09-25,2017.0,9.0,115.0,14771.358517952636
El Anhelo,El Refugio,207.2,230.5,23.3,0.0,2.0,Horizontal,2650201.39,2583946.36,2.5,2016-05-19,2017-09-17,2017.0,9.0,486.0,12470.78359073359
Alegra Towers,Juriquilla Santa Fe,133.5,145.46,0.0,11.96,2.0,Vertical,4252390.3,4252390.3,0.0,2017-04-27,2017-08-30,2017.0,8.0,125.0,31853.110861423218
Alegra Towers,Juriquilla Santa Fe,97.6,106.06,0.0,8.46,2.0,Vertical,3265782.5,3265782.5,0.0,2017-04-27,2017-08-30,2017.0,8.0,125.0,33460.88627049181
Alegra Towers,Juriquilla Santa Fe,133.5,145.46,0.0,11.96,2.0,Vertical,4405283.33,4405283.33,0.0,2017-04-27,2017-08-30,2017.0,8.0,125.0,32998.37700374532
Alegra Towers,Juriquilla Santa Fe,133.5,145.46,0.0,11.96,0.0,Vertical,4718052.0,4718052.0,0.0,2017-04-27,2017-08-30,2017.0,8.0,125.0,35341.213483146064
Alegra Towers,Juriquilla Santa Fe,133.5,145.46,0.0,11.96,2.0,Vertical,4827536.0,4827536.0,0.0,2017-04-27,2017-08-30,2017.0,8.0,125.0,36161.31835205993
El Motivo,Zakia,156.8,241.0,84.2,0.0,2.0,Horizontal,2136556.65,2120044.38,4.0,2017-08-01,2017-08-14,2017.0,8.0,13.0,13520.69119897959
El Milagro,El Refugio,147.3,169.8,22.5,0.0,2.0,Horizontal,1830466.0,1784704.35,2.5,2015-08-06,2017-08-04,2017.0,8.0,729.0,12116.119144602852
El Anhelo,El Refugio,188.9,231.5,42.6,0.0,2.0,Horizontal,2550863.0,2556208.69,0.5,2016-05-19,2017-08-12,2017.0,8.0,450.0,13532.073530968766
Paseo Dalí,Zibatá,201.1,252.9,51.8,0.0,2.0,Horizontal,2520000.0,2520000.0,0.0,2015-08-10,2017-08-14,2017.0,8.0,735.0,12531.079065141721
El Motivo,Zakia,138.8,204.0,65.2,0.0,2.0,Horizontal,2210564.27,2188458.63,1.0,2017-08-01,2017-08-15,2017.0,8.0,14.0,15766.993011527375
Alegra Towers,Juriquilla Santa Fe,133.5,145.46,0.0,11.96,0.0,Vertical,3552780.3,3633446.3,0.0,2017-04-27,2017-08-16,2017.0,8.0,111.0,27216.826217228463
El Motivo,Zakia,146.7,214.7,0.0,68.0,2.0,Horizontal,2023855.0,2003616.45,1.0,2017-08-01,2017-09-04,2017.0,9.0,34.0,13657.91717791411
Paseo Monet,Zibatá,156.8,225.5,68.7,0.0,2.0,Horizontal,2097812.15,2097812.15,0.0,2017-06-02,2017-08-15,2017.0,8.0,74.0,13378.904017857141
Paseo Monet,Zibatá,151.2,183.8,32.6,0.0,2.0,Horizontal,2319656.24,2352856.24,0.0,2017-06-02,2017-08-08,2017.0,8.0,67.0,15561.21851851852
El Motivo,Zakia,110.5,188.2,77.7,0.0,2.0,Horizontal,1709692.53,1709692.53,0.0,2017-08-01,2017-08-18,2017.0,8.0,17.0,15472.330588235294
Paseo Miró,Zibatá,134.0,161.63,14.5,13.13,2.0,Horizontal,1874357.0,1874357.0,0.0,2017-02-07,2017-08-09,2017.0,8.0,183.0,13987.73880597015
Esencia,Zakia,143.2,183.8,40.6,0.0,2.0,Horizontal,2082722.81,2087209.2,0.5,2017-03-02,2017-08-31,2017.0,8.0,182.0,14575.483240223464
Paseo Monet,Zibatá,192.5,244.8,52.3,0.0,2.0,Horizontal,2731575.0,2731575.0,0.0,2017-06-02,2017-08-14,2017.0,8.0,73.0,14190.0
Alegra Towers,Juriquilla Santa Fe,306.9,320.1,0.0,13.2,0.0,Vertical,6613139.0,6389451.0,0.0,2016-07-04,2017-08-24,2017.0,8.0,416.0,20819.325513196483
Paseo Monet,Zibatá,151.2,183.8,32.6,0.0,2.0,Horizontal,2133361.0,2147011.0,0.0,2017-06-02,2017-08-28,2017.0,8.0,87.0,14199.808201058202
Ambrosía,Lomas de Juriquilla,220.8,250.9,30.1,0.0,2.0,Horizontal,3207060.21,3207060.21,0.0,2017-01-09,2017-08-14,2017.0,8.0,217.0,14524.72921195652
Alegra Towers,Juriquilla Santa Fe,132.2,144.1,0.0,11.9,0.0,Vertical,2665801.0,2665801.0,0.0,2016-06-29,2017-01-30,2017.0,1.0,215.0,20164.909228441757
Paseo Monet,Zibatá,205.8,242.1,36.3,0.0,2.0,Horizontal,2911959.97,2931459.97,0.0,2017-06-02,2017-08-19,2017.0,8.0,78.0,14244.217541302236
El Anhelo,El Refugio,219.2,241.0,21.8,0.0,2.0,Horizontal,2753028.42,2753028.42,0.0,2016-05-19,2017-09-04,2017.0,9.0,473.0,12559.436222627737
Paseo Monet,Zibatá,151.2,183.8,32.6,0.0,2.0,Horizontal,2163779.0,2163779.0,0.0,2017-06-02,2017-08-17,2017.0,8.0,76.0,14310.707671957673
El Motivo,Zakia,156.8,276.3,119.5,0.0,2.0,Horizontal,2575111.96,2562236.4,0.5,2017-08-01,2017-08-15,2017.0,8.0,14.0,16340.793367346938
Alegra Towers,Juriquilla Santa Fe,133.5,145.46,0.0,11.96,0.0,Vertical,3602780.3,3607030.3,0.0,2017-04-27,2017-08-21,2017.0,8.0,116.0,27018.95355805243
Esencia,Zakia,165.3,191.4,26.1,0.0,2.0,Horizontal,2226720.45,2241820.45,0.0,2017-03-02,2017-08-23,2017.0,8.0,174.0,13562.132183908046
El Motivo,Zakia,110.5,183.2,72.7,0.0,2.0,Horizontal,1752102.53,1765152.53,0.0,2017-08-01,2017-08-25,2017.0,8.0,24.0,15974.231040723982
"Gran Capricho ""B""",nan,205.1,236.1,31.0,0.0,0.0,nan,2930085.0,2856832.88,2.5,2015-03-18,2017-08-21,2017.0,8.0,887.0,13928.975524134568
Paseo Monet,Zibatá,192.48,245.59,53.11,0.0,2.0,Horizontal,2506610.0,2506610.0,0.0,2017-06-02,2017-08-28,2017.0,8.0,87.0,13022.70365752286
Paseo Miró,Zibatá,142.5,157.9,15.4,0.0,2.0,Horizontal,1893435.0,1893435.0,0.0,2017-02-07,2017-08-18,2017.0,8.0,192.0,13287.263157894737
Paseo Monet,Zibatá,205.14,262.83,57.69,0.0,2.0,Horizontal,2605123.0,2605123.0,0.0,2017-06-02,2017-08-28,2017.0,8.0,87.0,12699.24441844594
Paseo Monet,Zibatá,205.1,262.8,57.7,0.0,2.0,Horizontal,3118276.69,3118276.69,0.0,2017-06-02,,,,,15203.689371038517
El Anhelo,El Refugio,219.2,248.5,29.3,0.0,2.0,Horizontal,2760886.22,2764886.22,0.0,2016-05-19,2017-08-19,2017.0,8.0,457.0,12613.532025547447
Paseo Monet,Zibatá,218.4,275.4,57.0,0.0,2.0,Horizontal,2945251.89,2952101.89,0.0,2017-06-02,2017-09-14,2017.0,9.0,104.0,13516.950045787546
Paseo Monet,Zibatá,240.2,290.0,49.8,0.0,2.0,Horizontal,2892368.36,2892368.36,0.0,2017-06-02,2017-08-31,2017.0,8.0,90.0,12041.50024979184
El Motivo,Zakia,156.82,229.11,72.29,0.0,2.0,Horizontal,2038751.65,2038751.65,0.0,2017-08-01,2017-08-25,2017.0,8.0,24.0,13000.584428006632
Paseo Monet,Zibatá,164.0,183.8,19.8,0.0,2.0,Horizontal,2427203.36,2427203.36,0.0,2017-06-02,2017-09-14,2017.0,9.0,104.0,14800.020487804877
Paseo Monet,Zibatá,240.2,290.0,49.8,0.0,2.0,Horizontal,2993601.25,2993601.25,0.0,2017-06-02,2017-08-28,2017.0,8.0,87.0,12462.952747710242
Paseo Monet,Zibatá,151.2,183.8,32.6,0.0,2.0,Horizontal,2163779.0,2163779.0,0.0,2017-06-02,2017-08-28,2017.0,8.0,87.0,14310.707671957673
El Anhelo,El Refugio,207.2,232.9,25.7,0.0,2.0,Horizontal,2605904.53,2609904.53,0.0,2016-05-19,2017-08-28,2017.0,8.0,466.0,12596.064333976834
El Milagro,El Refugio,158.0,227.1,69.1,0.0,2.0,Horizontal,2050000.0,2050000.0,0.0,2015-08-06,2017-09-15,2017.0,9.0,771.0,12974.683544303798
Paseo Monet,Zibatá,155.3,155.3,0.0,0.0,2.0,Horizontal,2042290.31,2093970.31,0.0,2017-06-02,2017-08-30,2017.0,8.0,89.0,13483.388989053445
El Asombro,Punta Esmeralda,151.7,219.95,0.0,68.25,2.0,Horizontal,1662637.0,1662637.0,0.0,2014-02-25,2017-09-07,2017.0,9.0,1290.0,10960.032959789058
Paseo Dalí,Zibatá,234.8,252.7,17.9,0.0,2.0,Horizontal,2678400.0,2624832.0,2.0,2015-08-10,2017-08-31,2017.0,8.0,752.0,11179.011925042589
Paseo Monet,Zibatá,205.1,235.8,30.7,0.0,2.0,Horizontal,2517627.0,2576677.0,0.0,2017-06-02,2017-09-11,2017.0,9.0,101.0,12563.027791321307
El Asombro,Punta Esmeralda,126.2,239.1,112.9,0.0,2.0,Horizontal,1984237.0,1984237.0,0.0,2014-02-25,2017-09-08,2017.0,9.0,1291.0,15722.955625990491
Esencia,Zakia,121.5,150.0,28.5,0.0,2.0,Horizontal,1784263.77,1784263.77,0.0,2017-03-02,2017-09-18,2017.0,9.0,200.0,14685.298518518519
Paseo Monet,Zibatá,205.8,242.1,36.3,0.0,2.0,Horizontal,2911959.97,2931459.97,0.0,2017-06-02,2017-09-11,2017.0,9.0,101.0,14244.217541302236
El Anhelo,El Refugio,191.9,260.2,68.3,0.0,2.0,Horizontal,2711054.38,2643278.02,2.5,2016-05-19,2017-09-04,2017.0,9.0,473.0,13774.247107868681
El Milagro,El Refugio,146.7,174.3,27.6,0.0,2.0,Horizontal,2024399.0,1973789.03,2.5,2015-08-06,2017-09-28,2017.0,9.0,784.0,13454.59461486026
El Recuerdo,Ampliación El Refugio 3,181.2,380.0,198.8,0.0,0.0,Horizontal,2808554.54,2752383.45,2.0,2014-04-11,2017-10-03,2017.0,10.0,1271.0,15189.75413907285
El Milagro,El Refugio,147.3,169.8,22.5,0.0,2.0,Horizontal,1830466.0,1793856.68,2.0,2015-08-06,2017-09-23,2017.0,9.0,779.0,12178.253088934147
Paseo Monet,Zibatá,155.3,155.3,0.0,0.0,2.0,Horizontal,2042290.31,2093970.31,0.0,2017-06-02,2017-09-30,2017.0,9.0,120.0,13483.388989053445
El Asombro,Punta Esmeralda,151.7,219.95,0.0,68.25,2.0,Horizontal,1662637.0,1629384.26,2.0,2014-02-25,2017-09-28,2017.0,9.0,1311.0,10740.832300593278
El Motivo,Zakia,156.82,226.21,69.39,0.0,2.0,Horizontal,2034401.65,2034401.65,0.0,2017-08-01,2017-09-30,2017.0,9.0,60.0,12972.845619181227
Paseo Monet,Zibatá,240.2,290.0,49.8,0.0,2.0,Horizontal,2993601.25,2993601.25,0.0,2017-06-02,2017-09-30,2017.0,9.0,120.0,12462.952747710242
Paseo Miró,Zibatá,134.0,176.73,29.6,13.13,2.0,Horizontal,1972000.0,1972000.0,0.0,2017-02-07,2017-09-26,2017.0,9.0,231.0,14716.41791044776
Alegra Towers,Juriquilla Santa Fe,97.6,106.06,0.0,8.46,0.0,Vertical,2843926.97,2910726.97,0.0,2017-04-27,2017-10-05,2017.0,10.0,161.0,29823.02223360656
Alegra Towers,Juriquilla Santa Fe,133.5,145.46,0.0,11.96,0.0,Vertical,3742780.3,3705352.5,1.0,2017-04-27,2017-10-18,2017.0,10.0,174.0,27755.449438202246
El Motivo,Zakia,115.2,197.0,81.8,0.0,2.0,Horizontal,2472316.63,2472316.63,0.0,2017-08-01,2017-09-30,2017.0,9.0,60.0,21461.08185763889
Paseo Monet,Zibatá,179.5,235.7,56.2,0.0,2.0,Horizontal,2702871.02,2702871.02,0.0,2017-06-02,2017-10-13,2017.0,10.0,133.0,15057.777270194987
Paseo Monet,Zibatá,179.5,215.8,36.3,0.0,2.0,Horizontal,2730797.51,2745847.51,0.0,2017-06-02,2017-09-29,2017.0,9.0,119.0,15297.200612813369
El Asombro,Punta Esmeralda,151.7,219.95,0.0,68.25,2.0,Horizontal,1677637.0,1677637.0,0.0,2014-02-25,2017-10-09,2017.0,10.0,1322.0,11058.912326961108
El Milagro,El Refugio,158.0,179.1,21.1,0.0,2.0,Horizontal,2180000.0,2180000.0,0.0,2015-08-06,2017-09-30,2017.0,9.0,786.0,13797.468354430379
Paseo da Vinci,Zibatá,180.4,334.54,73.6,80.54,2.0,Horizontal,2361000.0,2334430.0,2.0,2015-04-15,2017-09-30,2017.0,9.0,899.0,12940.299334811529
El Anhelo,El Refugio,178.0,245.8,67.8,0.0,2.0,Horizontal,2616399.85,2550307.85,3.0,2016-05-19,2017-11-09,2017.0,11.0,539.0,14327.572191011237
El Anhelo,El Refugio,188.9,217.7,28.8,0.0,2.0,Horizontal,2639480.0,2674680.0,0.0,2016-05-19,2017-10-04,2017.0,10.0,503.0,14159.237691900476
Esencia,Zakia,143.2,168.2,25.0,0.0,2.0,Horizontal,2031537.92,2031537.92,0.0,2017-03-02,2017-10-12,2017.0,10.0,224.0,14186.717318435754
Alegra Towers,Juriquilla Santa Fe,133.5,145.46,0.0,11.96,2.0,Vertical,4152390.3,4110866.4,1.0,2017-04-27,2017-10-10,2017.0,10.0,166.0,30793.006741573034
Alegra Towers,Juriquilla Santa Fe,132.2,144.1,0.0,11.9,0.0,Vertical,3832780.0,3736960.5,2.5,2016-07-04,2017-10-13,2017.0,10.0,466.0,28267.477307110443
Paseo Miró,Zibatá,165.7,207.13,28.3,13.13,2.0,Horizontal,2133772.0,2170522.0,0.0,2017-02-07,2017-10-11,2017.0,10.0,246.0,13099.10681955341
Paseo Miró,Zibatá,165.7,207.13,28.3,13.13,2.0,Horizontal,2133772.0,2133772.0,0.0,2017-02-07,2017-10-13,2017.0,10.0,248.0,12877.32045866023
Vista Esmeralda,Los Olvera,224.0,224.0,0.0,0.0,2.0,Horizontal,2972453.12,2972453.12,0.0,2015-01-02,2017-10-10,2017.0,10.0,1012.0,13269.880000000001
Paseo Miró,Zibatá,142.5,173.6,31.1,0.0,2.0,Horizontal,2082377.59,2082377.59,0.0,2017-02-07,2017-10-06,2017.0,10.0,241.0,14613.17607017544
El Motivo,Zakia,148.7,196.7,0.0,48.0,2.0,Horizontal,1969672.24,1969672.24,0.0,2017-08-01,,,,,13245.94646940148
El Milagro,El Refugio,147.3,169.8,22.5,0.0,2.0,Horizontal,1860466.0,1813954.35,2.5,2015-08-06,2017-10-12,2017.0,10.0,798.0,12314.69348268839
Paseo Miró,Zibatá,184.5,243.48,39.8,19.18,2.0,Horizontal,2398239.0,2326291.83,3.0,2017-02-07,2017-10-16,2017.0,10.0,251.0,12608.62780487805
Paseo Miró,Zibatá,146.0,191.68,26.5,19.18,2.0,Horizontal,2128426.0,2128426.0,0.0,2017-02-07,2017-10-16,2017.0,10.0,251.0,14578.260273972603
Alegra Towers,Juriquilla Santa Fe,133.5,145.46,0.0,11.96,0.0,Vertical,3642891.51,3696691.51,0.0,2017-04-27,2017-10-12,2017.0,10.0,168.0,27690.57310861423
El Anhelo,El Refugio,188.9,214.8,25.9,0.0,2.0,Horizontal,2637748.36,2659104.65,2.5,2016-05-19,2017-10-20,2017.0,10.0,519.0,14076.784806776071
Paseo Miró,Zibatá,134.0,174.53,27.4,13.13,2.0,Horizontal,1972000.0,1962140.0,0.5,2017-02-07,2017-10-16,2017.0,10.0,251.0,14642.835820895523
Alegra Towers,Juriquilla Santa Fe,246.3,411.7,146.3,19.1,0.0,Vertical,5515822.0,5460663.78,1.0,2016-06-29,2017-10-18,2017.0,10.0,476.0,22170.78270401949
Alegra Towers,Juriquilla Santa Fe,97.6,106.06,0.0,8.46,0.0,Vertical,2869926.97,2944626.97,0.0,2017-04-27,2017-10-31,2017.0,10.0,187.0,30170.35829918033
Paseo Miró,Zibatá,142.5,158.1,15.6,0.0,2.0,Horizontal,2075000.0,2075000.0,0.0,2017-02-07,2017-11-24,2017.0,11.0,290.0,14561.40350877193
Paseo Monet,Zibatá,130.9,130.9,0.0,0.0,2.0,Horizontal,1973178.7,2012178.7,0.0,2017-06-02,2017-10-21,2017.0,10.0,141.0,15371.877005347593
El Milagro,El Refugio,147.3,169.8,22.5,0.0,2.0,Horizontal,1860466.0,1860466.0,0.0,2015-08-06,2017-10-25,2017.0,10.0,811.0,12630.454854039375
El Milagro,El Refugio,147.3,169.8,22.5,0.0,2.0,Horizontal,1860466.0,1860466.0,0.0,2015-08-06,2017-12-08,2017.0,12.0,855.0,12630.454854039375
Paseo Dalí,Zibatá,199.3,242.1,42.8,0.0,2.0,Horizontal,2516725.0,2453806.88,2.5,2015-08-10,2017-10-26,2017.0,10.0,808.0,12312.126843953838
Paseo Monet,Zibatá,151.2,183.8,32.6,0.0,2.0,Horizontal,2366213.76,2366213.76,0.0,2017-06-02,2017-10-30,2017.0,10.0,150.0,15649.561904761904
El Motivo,Zakia,156.82,226.21,69.39,0.0,2.0,Horizontal,2034401.65,2034401.65,0.0,2017-08-01,2017-11-02,2017.0,11.0,93.0,12972.845619181227
El Anhelo,El Refugio,219.2,252.4,33.2,0.0,2.0,Horizontal,2822173.0,2765729.54,2.0,2016-05-19,2018-01-22,2018.0,1.0,613.0,12617.379288321168
Vista Esmeralda,Los Olvera,224.0,224.0,0.0,0.0,2.0,Horizontal,2978736.0,2978736.0,0.0,2016-02-16,2017-11-04,2017.0,11.0,627.0,13297.92857142857
Paseo Monet,Zibatá,130.9,130.9,0.0,0.0,2.0,Horizontal,2050000.0,2039750.0,0.5,2017-06-02,2017-10-26,2017.0,10.0,146.0,15582.505729564553
El Milagro,El Refugio,147.3,169.8,22.5,0.0,2.0,Horizontal,1860466.0,1860466.0,0.0,2015-08-06,2017-11-04,2017.0,11.0,821.0,12630.454854039375
Paseo Monet,Zibatá,179.5,229.7,50.2,0.0,2.0,Horizontal,2632596.11,2632596.11,0.0,2017-06-02,2017-11-06,2017.0,11.0,157.0,14666.273593314763
Paseo Monet,Zibatá,130.9,130.9,0.0,0.0,2.0,Horizontal,1973178.7,1973178.7,0.0,2017-06-02,2017-10-27,2017.0,10.0,147.0,15073.939648586706
Alegra Towers,Juriquilla Santa Fe,246.3,423.4,158.0,19.1,0.0,Vertical,5785822.0,5600097.11,3.21,2016-07-04,2017-11-07,2017.0,11.0,491.0,22736.894478278522
Paseo da Vinci,Zibatá,160.6,239.3,28.2,50.5,2.0,Horizontal,1977627.0,1977627.0,0.0,2015-04-15,2017-11-10,2017.0,11.0,940.0,12313.991282689913
Alegra Towers,Juriquilla Santa Fe,133.5,145.46,0.0,11.96,0.0,Vertical,3664780.3,3664780.3,0.0,2017-04-27,2017-11-10,2017.0,11.0,197.0,27451.537827715354
El Milagro,El Refugio,146.7,182.4,35.7,0.0,2.0,Horizontal,2070029.0,2018278.28,2.5,2015-08-06,2017-11-23,2017.0,11.0,840.0,13757.861486025904
Paseo Monet,Zibatá,151.2,183.8,32.6,0.0,2.0,Horizontal,2382213.76,2384552.69,0.5,2017-06-02,2017-11-04,2017.0,11.0,155.0,15770.851124338626
El Recuerdo,nan,181.7,217.1,35.4,0.0,0.0,Horizontal,2583842.28,2519246.22,2.5,2015-11-13,2017-11-15,2017.0,11.0,733.0,13864.866373142544
Amara,Altos Juriquilla,192.2,284.1,22.4,69.5,2.0,Horizontal,2730520.0,2730520.0,0.0,2017-10-26,2017-12-01,2017.0,12.0,36.0,14206.659729448493
Amara,Altos Juriquilla,158.0,214.2,56.2,0.0,2.0,Horizontal,2288130.0,2288130.0,0.0,2017-10-26,2017-12-01,2017.0,12.0,36.0,14481.835443037975
Amara,Altos Juriquilla,158.0,214.2,56.2,0.0,2.0,Horizontal,2288130.0,2288130.0,0.0,2017-10-26,2017-11-29,2017.0,11.0,34.0,14481.835443037975
Amara,Altos Juriquilla,165.7,233.39,55.2,12.49,2.0,Horizontal,2257629.0,2246340.86,0.5,2017-10-26,2017-11-30,2017.0,11.0,35.0,13556.673868436934
Paseo Monet,Zibatá,179.5,229.8,50.3,0.0,2.0,Horizontal,2485130.24,2468728.01,4.02,2017-06-02,2017-11-07,2017.0,11.0,158.0,13753.359387186629
Amara,Altos Juriquilla,165.7,256.39,78.2,12.49,2.0,Horizontal,2314205.0,2233207.83,3.5,2017-10-26,2017-12-01,2017.0,12.0,36.0,13477.415992757999
Amara,Altos Juriquilla,121.2,164.5,43.3,0.0,2.0,Horizontal,1928595.0,1928595.0,0.0,2017-10-26,2017-12-01,2017.0,12.0,36.0,15912.5
El Milagro,El Refugio,146.7,186.9,40.2,0.0,2.0,Horizontal,2089160.0,2089160.0,0.0,2015-08-06,2017-11-11,2017.0,11.0,828.0,14241.036128152693
El Milagro,El Refugio,147.3,169.8,22.5,0.0,2.0,Horizontal,1860466.0,1813954.35,2.5,2015-08-06,2017-11-17,2017.0,11.0,834.0,12314.69348268839
Esencia,Zakia,165.34,187.83,22.49,0.0,2.0,Horizontal,2102758.0,2102758.0,0.0,2017-03-02,2017-11-17,2017.0,11.0,260.0,12717.781541066892
Paseo Dalí,Zibatá,219.3,258.6,39.3,0.0,2.0,Horizontal,2647700.0,2600769.0,3.0,2015-08-10,2017-11-15,2017.0,11.0,828.0,11859.411764705881
El Canto,nan,207.0,276.6,69.6,0.0,0.0,nan,2599226.17,2599226.17,0.0,2013-01-16,,,,,12556.648164251208
Vista Esmeralda,Los Olvera,194.0,194.0,0.0,0.0,2.0,Horizontal,2458668.88,2458668.88,0.0,2015-06-09,2017-11-17,2017.0,11.0,892.0,12673.550927835051
Esencia,Zakia,165.3,187.8,22.5,0.0,2.0,Horizontal,2102758.0,2102758.0,0.0,2017-03-02,2017-11-22,2017.0,11.0,265.0,12720.859044162129
Paseo Monet,Zibatá,156.8,250.0,93.2,0.0,2.0,Horizontal,2212084.53,2300734.53,0.0,2017-06-02,2017-12-01,2017.0,12.0,182.0,14673.051849489793
Amara,Altos Juriquilla,158.0,214.2,56.2,0.0,2.0,Horizontal,2327624.0,2327624.0,0.0,2017-10-26,2017-12-01,2017.0,12.0,36.0,14731.79746835443
Amara,Altos Juriquilla,192.2,286.3,24.6,69.5,2.0,Horizontal,2744447.0,2744447.0,0.0,2017-10-26,2017-12-01,2017.0,12.0,36.0,14279.120707596254
Esencia,Zakia,143.2,191.1,47.9,0.0,2.0,Horizontal,2050400.88,2050400.88,0.0,2017-03-02,2017-12-15,2017.0,12.0,288.0,14318.44189944134
Ambrosía,Lomas de Juriquilla,167.3,227.3,60.0,0.0,2.0,Horizontal,2756742.55,2742958.84,0.5,2017-01-09,2017-11-25,2017.0,11.0,320.0,16395.450328750747
El Milagro,El Refugio,147.3,169.8,22.5,0.0,2.0,Horizontal,1860466.0,1813954.35,2.5,2015-08-06,2017-12-02,2017.0,12.0,849.0,12314.69348268839
Paseo Miró,Zibatá,165.7,207.13,28.3,13.13,2.0,Horizontal,2133772.0,2133772.0,0.0,2017-02-07,2017-11-30,2017.0,11.0,296.0,12877.32045866023
Amara,Altos Juriquilla,143.2,170.5,27.3,0.0,2.0,Horizontal,2278973.0,2275483.27,1.0,2017-10-26,2017-12-01,2017.0,12.0,36.0,15890.246298882683
El Anhelo,El Refugio,165.3,190.0,24.7,0.0,2.0,Horizontal,2310422.83,2329070.72,0.5,2016-05-19,2017-12-04,2017.0,12.0,564.0,14089.962008469449
Paseo Monet,Zibatá,156.8,261.4,104.6,0.0,2.0,Horizontal,2235589.83,2219940.7,0.7,2017-06-02,2017-12-02,2017.0,12.0,183.0,14157.785076530612
Paseo Monet,Zibatá,151.2,183.8,32.6,0.0,2.0,Horizontal,2241213.76,2217681.02,1.05,2017-06-02,2017-11-30,2017.0,11.0,181.0,14667.202513227514
Amara,Altos Juriquilla,143.2,182.2,39.0,0.0,2.0,Horizontal,2587386.81,2587386.81,0.0,2017-10-26,2017-12-04,2017.0,12.0,39.0,18068.3436452514
Esencia,Zakia,165.3,209.2,43.9,0.0,2.0,Horizontal,2155152.05,2188802.05,0.0,2017-03-02,2017-12-04,2017.0,12.0,277.0,13241.391712038716
Esencia,Zakia,143.2,174.3,31.1,0.0,2.0,Horizontal,2028791.23,2028791.23,0.0,2017-03-02,2017-12-09,2017.0,12.0,282.0,14167.53652234637
Alegra Towers,Juriquilla Santa Fe,172.4,189.3,0.0,16.9,0.0,Vertical,4326689.0,4000023.98,7.55,2016-07-04,2018-01-31,2018.0,1.0,576.0,23201.995243619487
Alegra Towers,Juriquilla Santa Fe,306.9,320.1,0.0,13.2,0.0,Vertical,6613139.0,6389451.0,0.0,2016-07-04,2018-02-06,2018.0,2.0,582.0,20819.325513196483
Esencia,Zakia,121.5,150.0,28.5,0.0,2.0,Horizontal,1784263.77,1784263.77,0.0,2017-03-02,2017-12-02,2017.0,12.0,275.0,14685.298518518519
Paseo Monet,Zibatá,155.3,155.3,0.0,0.0,2.0,Horizontal,1976456.91,2022334.91,0.0,2017-06-02,2017-12-22,2017.0,12.0,203.0,13022.117900837087
Ambrosía,Lomas de Juriquilla,176.9,218.5,41.6,0.0,2.0,Horizontal,2931069.09,2969969.09,0.0,2017-01-09,2017-12-06,2017.0,12.0,331.0,16788.97167891464
Amara,Altos Juriquilla,143.2,180.5,37.3,0.0,2.0,Horizontal,2586672.0,2586672.0,0.0,2017-10-26,2017-12-12,2017.0,12.0,47.0,18063.351955307266
Amara,Altos Juriquilla,192.2,291.5,29.8,69.5,2.0,Horizontal,2786083.0,2940183.0,0.0,2017-10-26,2017-12-17,2017.0,12.0,52.0,15297.518210197712
Paseo Monet,Zibatá,155.3,155.3,0.0,0.0,2.0,Horizontal,2042290.31,2042290.31,0.0,2017-06-02,2017-12-08,2017.0,12.0,189.0,13150.613715389569
Paseo Dalí,Zibatá,179.5,210.0,30.5,0.0,2.0,Horizontal,2501200.0,2501200.0,0.0,2015-08-10,2017-12-13,2017.0,12.0,856.0,13934.261838440112
El Anhelo,El Refugio,188.9,217.7,28.8,0.0,2.0,Horizontal,2639480.0,2674680.0,0.0,2016-05-19,2017-12-09,2017.0,12.0,569.0,14159.237691900476
El Milagro,El Refugio,147.3,169.8,22.5,0.0,2.0,Horizontal,1860466.0,1813954.35,2.5,2015-08-06,2017-12-06,2017.0,12.0,853.0,12314.69348268839
Ambrosía,Lomas de Juriquilla,207.2,311.7,104.5,0.0,2.0,Horizontal,3318120.61,3318120.61,0.0,2017-01-09,2017-12-15,2017.0,12.0,340.0,16014.095608108108
El Anhelo,El Refugio,165.3,189.2,23.9,0.0,2.0,Horizontal,2310422.83,2311918.6,1.0,2016-05-19,2017-12-16,2017.0,12.0,576.0,13986.198427102237
Paseo Miró,Zibatá,142.5,157.9,15.4,0.0,2.0,Horizontal,1893435.0,1855566.3,2.0,2017-02-07,2017-12-16,2017.0,12.0,312.0,13021.517894736842
El Motivo,Zakia,110.5,188.2,77.7,0.0,2.0,Horizontal,1742310.12,1742310.12,0.0,2017-08-01,2018-01-05,2018.0,1.0,157.0,15767.512398190047
Esencia,Zakia,121.5,150.0,28.5,0.0,2.0,Horizontal,1784263.77,1784263.77,0.0,2017-03-02,2017-12-29,2017.0,12.0,302.0,14685.298518518519
Paseo Monet,Zibatá,155.3,155.3,0.0,0.0,2.0,Horizontal,2042290.31,2103190.31,0.0,2017-06-02,2017-12-16,2017.0,12.0,197.0,13542.75795235029
El Milagro,El Refugio,147.3,169.8,22.5,0.0,2.0,Horizontal,1860466.0,1813954.35,2.5,2015-08-06,2017-12-20,2017.0,12.0,867.0,12314.69348268839
Paseo Dalí,Zibatá,165.0,189.4,24.4,0.0,2.0,Horizontal,2226000.0,2226000.0,0.0,2015-08-10,2017-12-26,2017.0,12.0,869.0,13490.90909090909
El Motivo,Zakia,156.8,241.0,84.2,0.0,2.0,Horizontal,2136556.65,2205506.65,0.0,2017-08-01,2017-12-28,2017.0,12.0,149.0,14065.731186224488
Paseo Miró,Zibatá,142.5,158.1,15.6,0.0,2.0,Horizontal,1915169.0,1915169.0,0.0,2017-02-07,2017-12-22,2017.0,12.0,318.0,13439.78245614035
Esencia,Zakia,121.5,150.0,28.5,0.0,2.0,Horizontal,1784263.77,1784263.77,0.0,2017-03-02,2017-12-29,2017.0,12.0,302.0,14685.298518518519
Paseo Miró,Zibatá,184.5,243.48,39.8,19.18,2.0,Horizontal,2539194.98,2555794.98,0.0,2017-02-07,2018-01-04,2018.0,1.0,331.0,13852.547317073171
El Anhelo,El Refugio,155.2,177.7,22.5,0.0,2.0,Horizontal,2334708.54,2286140.83,2.5,2016-05-19,2017-12-27,2017.0,12.0,587.0,14730.288853092785
Paseo Miró,Zibatá,165.7,207.13,28.3,13.13,2.0,Horizontal,2290000.0,2290000.0,0.0,2017-02-07,2017-12-28,2017.0,12.0,324.0,13820.156910078456
Amara,Altos Juriquilla,158.0,177.5,19.5,0.0,2.0,Horizontal,2300942.0,2300942.0,0.0,2017-10-26,2018-01-05,2018.0,1.0,71.0,14562.924050632912
Amara,Altos Juriquilla,121.2,166.5,45.3,0.0,2.0,Horizontal,2274572.37,2274572.37,0.0,2017-10-26,2018-01-09,2018.0,1.0,75.0,18767.098762376238
Esencia,Zakia,121.5,149.5,28.0,0.0,2.0,Horizontal,1797662.57,1797662.57,0.0,2017-03-02,2017-12-30,2017.0,12.0,303.0,14795.576707818931
El Milagro,El Refugio,147.3,169.8,22.5,0.0,2.0,Horizontal,1860466.0,1813954.35,2.5,2015-08-06,2017-12-29,2017.0,12.0,876.0,12314.69348268839
Paseo Miró,Zibatá,142.5,157.9,15.4,0.0,2.0,Horizontal,1893435.0,1893435.0,0.0,2017-02-07,2018-02-17,2018.0,2.0,375.0,13287.263157894737
Paseo Miró,Zibatá,142.5,157.9,15.4,0.0,2.0,Horizontal,1893435.0,1893435.0,0.0,2017-02-07,2018-01-05,2018.0,1.0,332.0,13287.263157894737
El Milagro,El Refugio,147.3,169.8,22.5,0.0,2.0,Horizontal,1860466.0,1860466.0,0.0,2015-08-06,2018-01-03,2018.0,1.0,881.0,12630.454854039375
Amara,Altos Juriquilla,143.2,185.3,42.1,0.0,2.0,Horizontal,2327596.0,2327596.0,0.0,2017-10-26,2018-01-03,2018.0,1.0,69.0,16254.162011173186
El Motivo,Zakia,138.8,208.3,69.5,0.0,2.0,Horizontal,2184814.27,2184814.27,0.0,2017-08-01,2018-01-15,2018.0,1.0,167.0,15740.736815561959
El Anhelo,El Refugio,181.7,204.9,23.2,0.0,2.0,Horizontal,2585701.37,2585701.37,0.0,2016-05-19,2018-01-08,2018.0,1.0,599.0,14230.60742982939
Paseo da Vinci,Zibatá,162.1,241.73,36.3,43.33,2.0,Horizontal,2122890.0,2101661.1,1.0,2015-04-15,2018-01-19,2018.0,1.0,1010.0,12965.213448488588
Esencia,Zakia,121.5,155.7,34.2,0.0,2.0,Horizontal,1797662.57,1813712.57,0.0,2017-03-02,2018-01-08,2018.0,1.0,312.0,14927.675473251029
Paseo Miró,Zibatá,142.5,157.9,15.4,0.0,2.0,Horizontal,1893435.0,1893435.0,0.0,2017-02-07,2018-01-12,2018.0,1.0,339.0,13287.263157894737
El Anhelo,El Refugio,177.3,197.8,20.5,0.0,2.0,Horizontal,2464299.96,2402692.46,2.5,2016-05-19,2018-01-06,2018.0,1.0,597.0,13551.56491821771
Esencia,Zakia,165.3,188.3,23.0,0.0,2.0,Horizontal,2348534.61,2376984.61,0.0,2017-03-02,2018-01-26,2018.0,1.0,330.0,14379.822202056865
Paseo Miró,Zibatá,134.0,161.63,14.5,13.13,2.0,Horizontal,1886357.0,1886357.0,0.0,2017-02-07,2018-01-12,2018.0,1.0,339.0,14077.291044776119
Amara,Altos Juriquilla,121.2,163.2,42.0,0.0,2.0,Horizontal,1926320.0,1907056.8,1.0,2017-10-26,2018-01-13,2018.0,1.0,79.0,15734.79207920792
Esencia,Zakia,165.3,188.3,23.0,0.0,2.0,Horizontal,2208206.36,2220270.36,0.0,2017-03-02,2018-01-16,2018.0,1.0,320.0,13431.762613430124
Paseo Miró,Zibatá,184.5,243.48,39.8,19.18,2.0,Horizontal,2346445.8,2363045.8,0.0,2017-02-07,2018-01-30,2018.0,1.0,357.0,12807.836314363143
Esencia,Zakia,121.5,155.1,33.6,0.0,2.0,Horizontal,1864133.09,1864133.09,0.0,2017-03-02,2018-01-27,2018.0,1.0,331.0,15342.659176954734
Amara,Altos Juriquilla,143.2,166.7,23.5,0.0,2.0,Horizontal,2272184.0,2272184.0,0.0,2017-10-26,2018-01-20,2018.0,1.0,86.0,15867.206703910615
Paseo da Vinci,Zibatá,142.0,175.13,20.0,13.13,2.0,Horizontal,1914076.0,1866224.1,2.5,2015-04-15,2018-01-31,2018.0,1.0,1022.0,13142.42323943662
Amara,Altos Juriquilla,180.0,275.7,26.2,69.5,2.0,Horizontal,2659725.0,2659725.0,0.0,2017-10-26,2018-01-29,2018.0,1.0,95.0,14776.25
Amara,Altos Juriquilla,165.3,257.8,92.5,0.0,2.0,Horizontal,2516169.0,2544619.0,0.0,2017-10-26,2018-01-22,2018.0,1.0,88.0,15393.944343617664
Paseo Miró,Zibatá,184.5,243.48,39.8,19.18,2.0,Horizontal,2513239.0,2513239.0,0.0,2017-02-07,2018-02-01,2018.0,2.0,359.0,13621.891598915989
Esencia,Zakia,143.2,183.6,40.4,0.0,2.0,Horizontal,2072314.04,2104620.04,0.0,2017-03-02,2018-01-23,2018.0,1.0,327.0,14697.067318435755
Esencia,Zakia,121.5,151.5,30.0,0.0,2.0,Horizontal,1709583.47,1709583.47,0.0,2017-03-02,2018-01-21,2018.0,1.0,325.0,14070.6458436214
Paseo Monet,Zibatá,205.1,262.8,57.7,0.0,2.0,Horizontal,3118276.69,3102685.31,0.5,2017-06-02,2018-01-25,2018.0,1.0,237.0,15127.67094100439
Amara,Altos Juriquilla,143.2,166.7,23.5,0.0,2.0,Horizontal,2238566.0,2266416.0,0.0,2017-10-26,2018-01-26,2018.0,1.0,92.0,15826.927374301677
Esencia,Zakia,180.6,202.8,22.2,0.0,2.0,Horizontal,2413824.01,2413824.01,0.0,2017-03-02,2018-02-06,2018.0,2.0,341.0,13365.581450719823
Paseo Miró,Zibatá,165.7,207.13,28.3,13.13,2.0,Horizontal,2198772.0,2213922.0,0.0,2017-02-07,2018-01-31,2018.0,1.0,358.0,13361.025950512976
Amara,Altos Juriquilla,121.2,162.0,40.8,0.0,2.0,Horizontal,1924099.0,1867915.31,2.92,2017-10-26,2018-02-08,2018.0,2.0,105.0,15411.842491749176
Paseo Dalí,Zibatá,165.0,209.2,44.2,0.0,2.0,Horizontal,2267883.8,2267883.8,0.0,2015-08-10,2018-01-26,2018.0,1.0,900.0,13744.750303030301
Ambrosía,Lomas de Juriquilla,167.3,227.3,60.0,0.0,2.0,Horizontal,2756742.55,2756742.55,0.0,2017-01-09,2018-01-30,2018.0,1.0,386.0,16477.83950986252
Esencia,Zakia,165.3,191.4,26.1,0.0,2.0,Horizontal,2226720.45,2186152.44,2.5,2017-03-02,2018-02-21,2018.0,2.0,356.0,13225.362613430127
Paseo Monet,Zibatá,155.3,155.3,0.0,0.0,2.0,Horizontal,2102290.31,2102290.31,0.0,2017-06-02,2018-02-12,2018.0,2.0,255.0,13536.962717321312
Paseo Monet,Zibatá,243.0,300.2,57.2,0.0,2.0,Horizontal,3058768.81,3080068.81,0.0,2017-06-02,2018-01-27,2018.0,1.0,239.0,12675.180288065843
Alegra Towers,Juriquilla Santa Fe,172.4,189.3,0.0,16.9,0.0,Vertical,4276689.0,4181938.33,3.0,2016-07-04,2018-02-16,2018.0,2.0,592.0,24257.18288863109
Ambrosía,Lomas de Juriquilla,176.9,218.5,41.6,0.0,2.0,Horizontal,2891069.09,2847703.05,1.5,2017-01-09,2018-01-27,2018.0,1.0,383.0,16097.812605992085
El Anhelo,El Refugio,181.7,200.1,18.4,0.0,2.0,Horizontal,2486049.39,2448758.65,1.5,2016-05-19,2018-02-06,2018.0,2.0,628.0,13476.932581177765
Paseo Monet,Zibatá,155.3,155.3,0.0,0.0,2.0,Horizontal,2042290.31,2093970.31,0.0,2017-06-02,2018-02-12,2018.0,2.0,255.0,13483.388989053445
El Anhelo,El Refugio,188.9,205.0,16.1,0.0,2.0,Horizontal,2609865.73,2570717.74,1.5,2016-05-19,2018-02-06,2018.0,2.0,628.0,13608.881630492324
Amara,Altos Juriquilla,165.3,193.0,27.7,0.0,2.0,Horizontal,2401037.0,2401037.0,0.0,2017-10-26,2018-02-05,2018.0,2.0,102.0,14525.329703569267
El Anhelo,El Refugio,219.2,335.8,116.6,0.0,2.0,Horizontal,3116799.0,3023295.03,3.0,2016-05-19,2018-01-31,2018.0,1.0,622.0,13792.404333941606
Paseo Miró,Zibatá,142.5,157.9,15.4,0.0,2.0,Horizontal,1893435.0,1893435.0,0.0,2017-02-07,2018-02-04,2018.0,2.0,362.0,13287.263157894737
Alegra Towers,Juriquilla Santa Fe,133.5,145.46,0.0,11.96,0.0,Vertical,3835780.3,3797422.5,1.0,2017-04-27,2018-02-12,2018.0,2.0,291.0,28445.112359550563
Amara,Altos Juriquilla,192.1,276.6,15.0,69.5,2.0,Horizontal,2744089.0,2682347.0,2.25,2017-10-26,2018-02-12,2018.0,2.0,109.0,13963.28474752733
El Motivo,Zakia,110.5,182.4,71.9,0.0,2.0,Horizontal,1752074.12,1767724.12,0.0,2017-08-01,2018-02-09,2018.0,2.0,192.0,15997.50334841629
Esencia,Zakia,121.5,155.1,33.6,0.0,2.0,Horizontal,1788879.82,1788879.82,0.0,2017-03-02,2018-02-10,2018.0,2.0,345.0,14723.290699588479
Esencia,Zakia,143.2,168.9,25.7,0.0,2.0,Horizontal,2049037.71,2119537.71,0.0,2017-03-02,2018-02-05,2018.0,2.0,340.0,14801.240991620112
Alegra Towers,Juriquilla Santa Fe,133.5,145.46,0.0,11.96,2.0,Vertical,4152390.3,4152390.3,0.0,2017-04-27,2018-09-28,2018.0,9.0,519.0,31104.047191011236
Amara,Altos Juriquilla,143.2,177.5,34.3,0.0,2.0,Horizontal,2291412.0,2291412.0,0.0,2017-10-26,2018-02-07,2018.0,2.0,104.0,16001.480446927375
Esencia,Zakia,180.6,202.7,22.1,0.0,2.0,Horizontal,2445445.95,2449295.95,0.0,2017-03-02,2018-02-04,2018.0,2.0,339.0,13561.993078626801
Amara,Altos Juriquilla,158.0,177.5,19.5,0.0,2.0,Horizontal,2244822.0,2244822.0,0.0,2017-10-26,2018-02-07,2018.0,2.0,104.0,14207.73417721519
Esencia,Zakia,121.5,150.0,28.5,0.0,2.0,Horizontal,1913340.35,1897781.35,0.81,2017-03-02,2018-02-10,2018.0,2.0,345.0,15619.599588477367
Paseo Miró,Zibatá,165.7,253.43,74.6,13.13,2.0,Horizontal,2290511.0,2290511.0,0.0,2017-02-07,2018-02-17,2018.0,2.0,375.0,13823.2407966204
El Anhelo,El Refugio,188.9,210.6,21.7,0.0,2.0,Horizontal,2654637.07,2614817.51,1.5,2016-05-19,2018-02-06,2018.0,2.0,628.0,13842.337268395975
Paseo Miró,Zibatá,184.5,243.48,39.8,19.18,2.0,Horizontal,2380445.8,2344739.11,1.5,2017-02-07,2018-04-05,2018.0,4.0,422.0,12708.613062330624
Amara,Altos Juriquilla,158.0,177.5,19.5,0.0,2.0,Horizontal,2244822.0,2244822.0,0.0,2017-10-26,2018-02-10,2018.0,2.0,107.0,14207.73417721519
Esencia,Zakia,143.2,168.9,25.7,0.0,2.0,Horizontal,2059895.07,1998098.22,3.0,2017-03-02,2018-02-20,2018.0,2.0,355.0,13953.199860335197
Esencia,Zakia,121.5,150.0,28.5,0.0,2.0,Horizontal,1843266.56,1843266.56,0.0,2017-03-02,2018-02-20,2018.0,2.0,355.0,15170.918189300412
Esencia,Zakia,180.6,213.6,33.0,0.0,2.0,Horizontal,2568488.92,2594988.92,0.0,2017-03-02,2018-02-24,2018.0,2.0,359.0,14368.709413067552
Paseo Monet,Zibatá,155.3,155.3,0.0,0.0,2.0,Horizontal,2042290.31,2042290.31,0.0,2017-06-02,2018-02-16,2018.0,2.0,259.0,13150.613715389569
Esencia,Zakia,121.5,151.5,30.0,0.0,2.0,Horizontal,1740355.97,1740355.97,0.0,2017-03-02,2018-02-17,2018.0,2.0,352.0,14323.91744855967
Amara,Altos Juriquilla,121.2,160.0,38.8,0.0,2.0,Horizontal,2239750.67,2150160.64,4.0,2017-10-26,2018-02-15,2018.0,2.0,112.0,17740.599339933993
Esencia,Zakia,121.5,150.0,28.5,0.0,2.0,Horizontal,1843266.56,1848466.56,0.0,2017-03-02,2018-02-19,2018.0,2.0,354.0,15213.716543209877
El Anhelo,El Refugio,188.9,209.0,20.1,0.0,2.0,Horizontal,2654764.23,2682864.23,0.0,2016-05-19,2018-02-14,2018.0,2.0,636.0,14202.563419798835
El Anhelo,El Refugio,181.7,205.3,23.6,0.0,2.0,Horizontal,2626071.37,2626071.37,0.0,2016-05-19,2018-02-18,2018.0,2.0,640.0,14452.786846450193
Amara,Altos Juriquilla,121.2,158.8,37.6,0.0,2.0,Horizontal,1918430.0,1860877.1,3.0,2017-10-26,2018-02-15,2018.0,2.0,112.0,15353.771452145214
Paseo Miró,Zibatá,142.5,158.1,15.6,0.0,2.0,Horizontal,2055994.38,2055994.38,0.0,2017-02-07,2018-03-06,2018.0,3.0,392.0,14428.030736842104
Paseo Miró,Zibatá,142.5,157.9,15.4,0.0,2.0,Horizontal,2061989.23,2010439.5,2.5,2017-02-07,2018-02-23,2018.0,2.0,381.0,14108.347368421053
Paseo Miró,Zibatá,134.0,161.63,14.5,13.13,2.0,Horizontal,1886357.0,1839198.08,2.5,2017-02-07,2018-03-03,2018.0,3.0,389.0,13725.35880597015
Paseo Miró,Zibatá,160.6,191.91,27.1,4.21,2.0,Horizontal,2218146.0,2233296.0,0.0,2017-02-07,2018-02-17,2018.0,2.0,375.0,13905.952677459527
"Tres Deseos ""B""",nan,158.3,205.8,0.0,47.5,0.0,Horizontal,1741779.0,1766179.0,0.0,2014-09-15,2018-02-17,2018.0,2.0,1251.0,11157.163613392293
Paseo Miró,Zibatá,165.7,207.13,28.3,13.13,2.0,Horizontal,2263991.3,2245181.43,1.5,2017-02-07,2018-03-05,2018.0,3.0,391.0,13549.676704888354
Amara,Altos Juriquilla,158.0,177.5,19.5,0.0,2.0,Horizontal,2244822.0,2230988.28,1.28,2017-10-26,2018-02-23,2018.0,2.0,120.0,14120.178987341771
Amara,Altos Juriquilla,165.3,193.0,27.7,0.0,2.0,Horizontal,2705073.3,2705073.3,0.0,2017-10-26,2018-02-20,2018.0,2.0,117.0,16364.629764065334
Paseo Dalí,Zibatá,219.3,247.5,28.2,0.0,2.0,Horizontal,2643900.0,2630680.5,0.5,2015-08-10,2018-02-17,2018.0,2.0,922.0,11995.807113543091
Paseo da Vinci,Zibatá,160.6,239.5,28.4,50.5,2.0,Horizontal,2114800.0,2083078.0,1.5,2015-04-15,2018-02-23,2018.0,2.0,1045.0,12970.597758405978
Amara,Altos Juriquilla,180.0,273.5,24.0,69.5,2.0,Horizontal,2966381.94,2966381.94,0.0,2017-10-26,2018-03-09,2018.0,3.0,134.0,16479.899666666668
Alegra Towers,Juriquilla Santa Fe,97.6,106.0,0.0,8.4,0.0,Vertical,3023927.0,3051704.83,1.05,2016-07-04,2018-03-02,2018.0,3.0,606.0,31267.467520491806
Amara,Altos Juriquilla,192.1,276.6,15.0,69.5,2.0,Horizontal,2771529.89,2714990.68,2.04,2017-10-26,2018-02-24,2018.0,2.0,121.0,14133.215408641334
Amara,Altos Juriquilla,121.2,154.6,33.4,0.0,2.0,Horizontal,2311422.69,2264269.67,2.04,2017-10-26,2018-03-01,2018.0,3.0,126.0,18682.092986798678
Amara,Altos Juriquilla,121.2,152.6,31.4,0.0,2.0,Horizontal,2243640.29,2243640.29,0.0,2017-10-26,2018-03-02,2018.0,3.0,127.0,18511.883580858084
Amara,Altos Juriquilla,121.2,154.6,33.4,0.0,2.0,Horizontal,2311422.69,2250863.42,2.62,2017-10-26,2018-03-02,2018.0,3.0,127.0,18571.480363036302
El Motivo,Zakia,110.5,188.2,77.7,0.0,2.0,Horizontal,1752074.12,1752074.12,0.0,2017-08-01,2018-02-24,2018.0,2.0,207.0,15855.874389140272
Paseo Miró,Zibatá,165.7,207.13,28.3,13.13,2.0,Horizontal,2158861.0,2158861.0,0.0,2017-02-07,2018-02-26,2018.0,2.0,384.0,13028.732649366326
El Anhelo,El Refugio,188.9,385.7,196.8,0.0,2.0,Horizontal,2926500.0,2926500.0,0.0,2016-05-19,2018-02-13,2018.0,2.0,635.0,15492.323980942298
Paseo Miró,Zibatá,184.5,243.48,39.8,19.18,2.0,Horizontal,2499194.98,2493407.06,1.5,2017-02-07,2018-03-20,2018.0,3.0,406.0,13514.401409214093
Paseo Monet,Zibatá,205.1,235.8,30.7,0.0,2.0,Horizontal,2611434.19,2616538.19,0.0,2017-06-02,2018-03-05,2018.0,3.0,276.0,12757.37781569966
Paseo Miró,Zibatá,142.5,157.9,15.4,0.0,2.0,Horizontal,2061989.23,2061989.23,0.0,2017-02-07,2018-03-30,2018.0,3.0,416.0,14470.099859649123
Paseo Monet,Zibatá,205.1,235.8,30.7,0.0,2.0,Horizontal,3034623.0,3034623.0,0.0,2017-06-02,2018-03-06,2018.0,3.0,277.0,14795.82155046319
Esencia,Zakia,143.2,174.2,31.0,0.0,2.0,Horizontal,2065567.3,2065567.3,0.0,2017-03-02,2018-03-17,2018.0,3.0,380.0,14424.352653631286
Amara,Altos Juriquilla,128.2,169.54,27.5,13.84,2.0,Horizontal,1970218.11,1976318.11,0.0,2017-10-26,2018-02-23,2018.0,2.0,120.0,15415.897893915759
Amara,Altos Juriquilla,158.0,177.5,19.5,0.0,2.0,Horizontal,2300942.55,2306392.55,0.0,2017-10-26,2018-02-23,2018.0,2.0,120.0,14597.421202531645
Amara,Altos Juriquilla,165.3,193.0,27.7,0.0,2.0,Horizontal,2485073.3,2513523.3,0.0,2017-10-26,2018-03-02,2018.0,3.0,127.0,15205.827586206895
Ambrosía,Lomas de Juriquilla,207.2,248.1,40.9,0.0,2.0,Horizontal,3218882.0,3218882.0,0.0,2017-01-09,2018-03-06,2018.0,3.0,421.0,15535.14478764479
El Anhelo,El Refugio,181.7,204.9,23.2,0.0,2.0,Horizontal,2585701.37,2521058.84,2.5,2016-05-19,2018-03-15,2018.0,3.0,665.0,13874.842267473858
El Motivo,Zakia,138.8,204.0,65.2,0.0,2.0,Horizontal,2210564.27,2210564.27,0.0,2017-08-01,2018-03-06,2018.0,3.0,217.0,15926.25554755043
Amara,Altos Juriquilla,141.9,166.6,24.7,0.0,2.0,Horizontal,2146497.45,2116446.49,1.4,2017-10-26,2018-03-02,2018.0,3.0,127.0,14915.056307258634
Amara,Altos Juriquilla,128.2,160.64,18.6,13.84,2.0,Horizontal,2030357.55,2030357.55,0.0,2017-10-26,2018-03-07,2018.0,3.0,132.0,15837.422386895478
Esencia,Zakia,143.2,168.2,25.0,0.0,2.0,Horizontal,2168000.0,2168000.0,0.0,2017-03-02,2018-03-12,2018.0,3.0,375.0,15139.664804469276
Amara,Altos Juriquilla,143.2,173.2,30.0,0.0,2.0,Horizontal,2363800.68,2363800.68,0.0,2017-10-26,2018-03-14,2018.0,3.0,139.0,16506.98798882682
Amara,Altos Juriquilla,121.2,152.5,31.3,0.0,2.0,Horizontal,2051350.95,2051350.95,0.0,2017-10-26,2018-03-10,2018.0,3.0,135.0,16925.337871287127
Amara,Altos Juriquilla,121.2,154.6,33.4,0.0,2.0,Horizontal,2273346.93,2277746.93,0.0,2017-10-26,2018-03-09,2018.0,3.0,134.0,18793.291501650165
Esencia,Zakia,143.2,168.9,25.7,0.0,2.0,Horizontal,2094116.54,2094116.54,0.0,2017-03-02,2018-03-10,2018.0,3.0,373.0,14623.718854748604
Esencia,Zakia,165.3,199.1,33.8,0.0,2.0,Horizontal,2266113.56,2274713.56,0.0,2017-03-02,2018-03-10,2018.0,3.0,373.0,13761.122565033273
Vista Esmeralda,Los Olvera,224.0,224.0,0.0,0.0,2.0,Horizontal,2978736.0,2978736.0,0.0,2016-02-16,2018-03-11,2018.0,3.0,754.0,13297.92857142857
Amara,Altos Juriquilla,121.2,154.6,33.4,0.0,2.0,Horizontal,2311422.69,2311422.69,0.0,2017-10-26,2018-03-09,2018.0,3.0,134.0,19071.14430693069
Amara,Altos Juriquilla,128.2,160.64,18.6,13.84,2.0,Horizontal,2030357.55,2030357.55,0.0,2017-10-26,2018-03-24,2018.0,3.0,149.0,15837.422386895478
Amara,Altos Juriquilla,158.0,177.5,19.5,0.0,2.0,Horizontal,2300942.55,2298868.99,2.5,2017-10-26,2018-03-22,2018.0,3.0,147.0,14549.803734177216
Amara,Altos Juriquilla,130.4,163.8,33.4,0.0,2.0,Horizontal,2204156.93,2239356.93,0.0,2017-10-26,2018-03-16,2018.0,3.0,141.0,17172.982592024542
Amara,Altos Juriquilla,145.6,188.07,23.3,19.17,2.0,Horizontal,2610521.0,2610521.0,0.0,2017-10-26,2018-03-12,2018.0,3.0,137.0,17929.402472527472
Paseo Dalí,Zibatá,206.5,248.9,42.4,0.0,2.0,Horizontal,2910850.0,2867187.25,1.5,2015-08-10,2018-03-19,2018.0,3.0,952.0,13884.68401937046
Amara,Altos Juriquilla,130.4,166.2,35.8,0.0,2.0,Horizontal,2350976.36,2292137.31,4.0,2017-10-26,2018-03-17,2018.0,3.0,142.0,17577.740107361962
Amara,Altos Juriquilla,143.2,173.2,30.0,0.0,2.0,Horizontal,2363800.68,2363800.68,0.0,2017-10-26,2018-03-17,2018.0,3.0,142.0,16506.98798882682
Paseo Picasso - Inspira,Zibatá,157.1,246.0,88.9,0.0,2.0,Horizontal,2395589.83,2347678.03,2.0,2013-04-30,2018-03-21,2018.0,3.0,1786.0,14943.844875875238
Paseo Miró,Zibatá,160.6,191.91,27.1,4.21,2.0,Horizontal,2251780.0,2251780.0,0.0,2017-02-07,2018-03-17,2018.0,3.0,403.0,14021.046077210462
El Anhelo,El Refugio,155.2,177.7,22.5,0.0,2.0,Horizontal,2334708.54,2286140.83,2.5,2016-05-19,2018-03-23,2018.0,3.0,673.0,14730.288853092785
El Motivo,Zakia,156.8,232.9,76.1,0.0,2.0,Horizontal,2100593.69,2002565.98,4.66,2017-08-01,2018-04-11,2018.0,4.0,253.0,12771.466709183673
Paseo Dalí,Zibatá,195.1,222.4,27.3,0.0,2.0,Horizontal,2555800.0,2555800.0,0.0,2015-08-10,2018-03-24,2018.0,3.0,957.0,13099.948744233727
Alegra Towers,Juriquilla Santa Fe,173.6,190.55,0.0,16.95,2.0,Vertical,4724505.81,4724505.81,0.0,2017-04-27,2018-03-30,2018.0,3.0,337.0,27214.89521889401
Esencia,Zakia,121.5,158.5,37.0,0.0,2.0,Horizontal,2012287.47,2012287.47,0.0,2017-03-02,2018-03-23,2018.0,3.0,386.0,16562.036790123457
Amara,Altos Juriquilla,160.6,188.1,23.3,4.2,2.0,Horizontal,2378451.54,2378451.54,0.0,2017-10-26,2018-03-23,2018.0,3.0,148.0,14809.785429638856
Alegra Towers,Juriquilla Santa Fe,97.6,106.06,0.0,8.46,0.0,Vertical,2843926.97,2910726.97,0.0,2017-04-27,2018-06-15,2018.0,6.0,414.0,29823.02223360656
Paseo Miró,Zibatá,184.5,243.48,39.8,19.18,2.0,Horizontal,2499194.98,2504394.98,0.0,2017-02-07,2018-03-22,2018.0,3.0,408.0,13573.956531165311
El Asombro,Punta Esmeralda,126.2,239.1,112.9,0.0,2.0,Horizontal,1984237.0,1924709.89,3.0,2014-02-25,2018-03-28,2018.0,3.0,1492.0,15251.266957210775
Esencia,Zakia,165.3,188.3,23.0,0.0,2.0,Horizontal,2348534.61,2376984.61,0.0,2017-03-02,2018-03-27,2018.0,3.0,390.0,14379.822202056865
Esencia,Zakia,165.3,199.2,33.9,0.0,2.0,Horizontal,2379419.24,2415119.24,0.0,2017-03-02,2018-03-27,2018.0,3.0,390.0,14610.521718088325
Paseo Monet,Zibatá,179.5,245.7,66.2,0.0,2.0,Horizontal,2856022.68,2783942.0,3.0,2017-06-02,2018-05-22,2018.0,5.0,354.0,15509.42618384401
Alegra Towers,Juriquilla Santa Fe,172.4,189.3,0.0,16.9,0.0,Vertical,4097421.37,4097421.37,0.0,2016-06-29,2018-03-23,2018.0,3.0,632.0,23766.94530162413
El Motivo,Zakia,130.9,147.9,0.0,17.0,2.0,Horizontal,1848222.79,1848222.79,0.0,2017-08-01,2018-03-28,2018.0,3.0,239.0,14119.349045072575
Alegra Towers,Juriquilla Santa Fe,97.6,106.06,0.0,8.46,0.0,Vertical,2973926.97,2973926.97,0.0,2017-04-27,2018-05-20,2018.0,5.0,388.0,30470.56321721312
Paseo Picasso - Inspira,Zibatá,155.3,162.3,0.0,7.0,2.0,Horizontal,2102290.0,2102290.0,0.0,2013-04-30,2018-03-22,2018.0,3.0,1787.0,13536.960721184803
Esencia,Zakia,121.5,158.5,37.0,0.0,2.0,Horizontal,1972830.85,1972830.85,0.0,2017-03-02,2018-03-23,2018.0,3.0,386.0,16237.290946502058
Esencia,Zakia,143.2,183.8,40.6,0.0,2.0,Horizontal,2082722.81,2097622.81,0.0,2017-03-02,2018-03-31,2018.0,3.0,394.0,14648.20398044693
Esencia,Zakia,165.3,195.3,30.0,0.0,2.0,Horizontal,2370909.84,2393599.84,0.0,2017-03-02,2018-03-27,2018.0,3.0,390.0,14480.337810042345
Esencia,Zakia,165.3,195.3,30.0,0.0,2.0,Horizontal,2370909.84,2370909.84,0.0,2017-03-02,2018-03-27,2018.0,3.0,390.0,14343.072232304898
Amara,Altos Juriquilla,143.2,170.5,27.3,0.0,2.0,Horizontal,2705780.71,2705780.71,0.0,2017-10-26,2018-03-31,2018.0,3.0,156.0,18895.116689944134
Paseo Miró,Zibatá,165.7,207.13,28.3,13.13,2.0,Horizontal,2212811.0,2212811.0,0.0,2017-02-07,2018-04-14,2018.0,4.0,431.0,13354.321062160532
Paseo Miró,Zibatá,184.5,243.48,39.8,19.18,2.0,Horizontal,2539194.98,2555794.98,0.0,2017-02-07,2018-04-14,2018.0,4.0,431.0,13852.547317073171
Paseo Miró,Zibatá,142.5,158.1,15.6,0.0,2.0,Horizontal,2055994.38,2055994.38,0.0,2017-02-07,2018-03-30,2018.0,3.0,416.0,14428.030736842104
Esencia,Zakia,121.5,150.0,28.5,0.0,2.0,Horizontal,1843266.56,1794643.18,2.92,2017-03-02,2018-04-05,2018.0,4.0,399.0,14770.725761316871
Alegra Towers,Juriquilla Santa Fe,97.6,106.0,0.0,8.4,0.0,Vertical,3048927.0,2927884.62,3.0,2016-07-04,2018-03-31,2018.0,3.0,635.0,29998.817827868854
Esencia,Zakia,121.5,150.0,28.5,0.0,2.0,Horizontal,1843258.21,1843258.21,0.0,2017-03-02,2018-04-02,2018.0,4.0,396.0,15170.849465020576
Alegra Towers,Juriquilla Santa Fe,306.9,320.16,0.0,13.26,0.0,Vertical,8895879.0,8895879.0,0.0,2017-04-27,2018-05-25,2018.0,5.0,393.0,28986.246334310854
Amara,Altos Juriquilla,141.9,169.4,27.5,0.0,2.0,Horizontal,2200512.94,2200512.94,0.0,2017-10-26,2018-04-06,2018.0,4.0,162.0,15507.490768146581
Paseo Miró,Zibatá,165.7,207.13,28.3,13.13,2.0,Horizontal,2334690.69,2338167.24,0.5,2017-02-07,2018-04-02,2018.0,4.0,419.0,14110.846348823177
Paseo Miró,Zibatá,165.7,207.13,28.3,13.13,2.0,Horizontal,2279366.3,2261825.81,1.5,2017-02-07,2018-04-09,2018.0,4.0,426.0,13650.125588412795
Amara,Altos Juriquilla,160.6,188.1,23.3,4.2,2.0,Horizontal,2613825.71,2613825.71,0.0,2017-10-26,2018-04-09,2018.0,4.0,165.0,16275.37801992528
Amara,Altos Juriquilla,158.0,195.6,37.6,0.0,2.0,Horizontal,2888125.0,2758159.38,4.5,2017-10-26,2018-05-24,2018.0,5.0,210.0,17456.70493670886
Amara,Altos Juriquilla,160.6,188.1,23.3,4.2,2.0,Horizontal,2413258.46,2413258.46,0.0,2017-10-26,2018-04-09,2018.0,4.0,165.0,15026.515940224159
Paseo Miró,Zibatá,142.5,158.1,15.6,0.0,2.0,Horizontal,2015120.69,2015120.69,0.0,2017-02-07,2018-03-31,2018.0,3.0,417.0,14141.197824561403
Amara,Altos Juriquilla,143.2,170.4,27.2,0.0,2.0,Horizontal,2540531.95,2540531.95,0.0,2017-10-26,2018-04-04,2018.0,4.0,160.0,17741.14490223464
Paseo Miró,Zibatá,165.7,207.13,28.3,13.13,2.0,Horizontal,2287866.3,2303016.3,0.0,2017-02-07,2018-04-23,2018.0,4.0,440.0,13898.71031985516
Amara,Altos Juriquilla,121.2,152.5,31.3,0.0,2.0,Horizontal,2162121.21,2162121.21,0.0,2017-10-26,2018-04-16,2018.0,4.0,172.0,17839.28391089109
Esencia,Zakia,143.2,183.8,40.6,0.0,2.0,Horizontal,2082722.81,2097622.81,0.0,2017-03-02,2018-04-06,2018.0,4.0,400.0,14648.20398044693
El Motivo,Zakia,155.3,162.3,0.0,7.0,2.0,Horizontal,1919806.68,1951056.68,0.0,2017-08-01,2018-04-23,2018.0,4.0,265.0,12563.146683837733
Esencia,Zakia,121.5,150.0,28.5,0.0,2.0,Horizontal,1843266.56,1861666.56,0.0,2017-03-02,2018-04-16,2018.0,4.0,410.0,15322.358518518518
Esencia,Zakia,194.0,332.3,138.3,0.0,2.0,Horizontal,2799000.0,2799000.0,0.0,2017-03-02,2018-04-17,2018.0,4.0,411.0,14427.835051546392
Alegra Towers,Juriquilla Santa Fe,97.6,106.06,0.0,8.46,1.0,Vertical,2866125.51,2866125.51,0.0,2017-04-27,2018-05-24,2018.0,5.0,392.0,29366.04006147541
Esencia,Zakia,143.2,168.9,25.7,0.0,2.0,Horizontal,2059895.07,2087745.07,0.0,2017-03-02,2018-04-21,2018.0,4.0,415.0,14579.225349162012
Paseo Miró,Zibatá,142.5,158.1,15.6,0.0,2.0,Horizontal,2055994.38,2055994.38,0.0,2017-02-07,2018-04-24,2018.0,4.0,441.0,14428.030736842104
El Anhelo,El Refugio,181.7,200.1,18.4,0.0,2.0,Horizontal,2486049.39,2486049.39,0.0,2016-05-19,2018-05-12,2018.0,5.0,723.0,13682.165052283986
Alegra Towers,Juriquilla Santa Fe,97.6,106.06,0.0,8.46,0.0,Vertical,2966927.0,2952092.37,0.5,2017-04-27,2018-05-15,2018.0,5.0,383.0,30246.848053278693
Paseo Picasso - Inspira,Zibatá,130.9,143.9,0.0,13.0,2.0,Horizontal,2013178.7,2013178.7,0.0,2013-04-30,2018-05-02,2018.0,5.0,1828.0,15379.516424751719
Paseo Miró,Zibatá,142.5,158.1,15.6,0.0,2.0,Horizontal,2055994.38,2000000.0,2.72,2017-02-07,2018-04-30,2018.0,4.0,447.0,14035.087719298246
El Milagro,El Refugio,158.0,179.1,21.1,0.0,2.0,Horizontal,2272328.0,2204158.16,3.0,2015-08-06,2018-04-26,2018.0,4.0,994.0,13950.368101265823
Paseo Miró,Zibatá,160.6,191.91,27.1,4.21,2.0,Horizontal,2251780.0,2218003.3,1.5,2017-02-07,2018-04-30,2018.0,4.0,447.0,13810.730386052302
Paseo Miró,Zibatá,142.5,158.1,15.6,0.0,2.0,Horizontal,2055994.38,2048798.4,0.35,2017-02-07,2018-04-26,2018.0,4.0,443.0,14377.532631578946
Paseo Dalí,Zibatá,192.8,226.7,33.9,0.0,2.0,Horizontal,2659600.0,2619706.0,1.5,2015-08-10,2018-05-07,2018.0,5.0,1001.0,13587.6867219917
Paseo Miró,Zibatá,184.5,298.88,95.2,19.18,2.0,Horizontal,2826521.0,2755857.98,2.5,2017-02-07,2018-05-04,2018.0,5.0,451.0,14936.899620596207
Paseo Miró,Zibatá,184.5,243.48,39.8,19.18,2.0,Horizontal,2499194.98,2504394.98,0.0,2017-02-07,2018-04-30,2018.0,4.0,447.0,13573.956531165311
Alegra Towers,Juriquilla Santa Fe,132.2,144.1,0.0,11.9,0.0,Vertical,3877780.3,3819613.6,1.5,2016-06-29,2018-05-02,2018.0,5.0,672.0,28892.689863842665
Alegra Towers,Juriquilla Santa Fe,172.4,189.3,0.0,16.9,0.0,Vertical,4151689.0,4117047.11,1.0,2016-07-04,2018-05-11,2018.0,5.0,676.0,23880.783700696054
El Anhelo,El Refugio,181.7,205.3,23.6,0.0,2.0,Horizontal,2626071.37,2547289.23,3.0,2016-05-19,2018-05-02,2018.0,5.0,713.0,14019.203247110623
Paseo Miró,Zibatá,184.5,243.48,39.8,19.18,2.0,Horizontal,2499194.98,2468415.11,2.5,2017-02-07,2018-05-21,2018.0,5.0,468.0,13378.943685636856
Esencia,Zakia,143.2,168.4,25.2,0.0,2.0,Horizontal,1989570.33,1989570.33,0.0,2017-03-02,2018-04-30,2018.0,4.0,424.0,13893.647555865924
Paseo Miró,Zibatá,184.5,243.48,39.8,19.18,2.0,Horizontal,2499194.98,2504394.98,0.0,2017-02-07,2018-04-30,2018.0,4.0,447.0,13573.956531165311
Paseo Miró C,Zibatá,184.5,286.7,102.2,0.0,2.0,Horizontal,2814369.0,2833625.0,0.0,2018-04-24,2018-05-19,2018.0,5.0,25.0,15358.40108401084
Amara,Altos Juriquilla,143.2,170.4,27.2,0.0,2.0,Horizontal,2527386.81,2527386.81,0.0,2017-10-26,2018-05-07,2018.0,5.0,193.0,17649.34923184358
Paseo Miró C,Zibatá,165.7,236.8,71.1,0.0,2.0,Horizontal,2483560.0,2483560.0,0.0,2018-04-24,2018-06-01,2018.0,6.0,38.0,14988.292094146049
Paseo Miró,Zibatá,134.0,176.73,29.6,13.13,2.0,Horizontal,1883682.0,1883682.0,0.0,2017-02-07,2018-04-30,2018.0,4.0,447.0,14057.328358208955
Paseo Miró C,Zibatá,184.5,224.3,39.8,0.0,2.0,Horizontal,2499194.98,2514494.98,0.0,2018-04-24,2018-05-21,2018.0,5.0,27.0,13628.699078590786
Esencia,Zakia,121.5,149.7,28.2,0.0,2.0,Horizontal,1864133.09,1864133.09,0.0,2017-03-02,2018-05-26,2018.0,5.0,450.0,15342.659176954734
Esencia,Zakia,180.6,213.6,33.0,0.0,2.0,Horizontal,2568488.92,2568488.92,0.0,2017-03-02,2018-05-19,2018.0,5.0,443.0,14221.976301218161
El Anhelo,El Refugio,181.7,200.1,18.4,0.0,2.0,Horizontal,2486049.39,2423898.16,2.5,2016-05-19,2018-05-15,2018.0,5.0,726.0,13340.11095211888
Paseo Miró C,Zibatá,145.6,172.7,27.1,0.0,2.0,Horizontal,2406357.17,2406357.17,0.0,2018-04-24,2018-05-19,2018.0,5.0,25.0,16527.178365384614
Paseo Miró,Zibatá,142.5,173.6,31.1,0.0,2.0,Horizontal,2082377.59,2030318.15,2.5,2017-02-07,2018-05-09,2018.0,5.0,456.0,14247.846666666666
Ambrosía,Lomas de Juriquilla,176.9,218.5,41.6,0.0,2.0,Horizontal,2891069.09,2891069.09,0.0,2017-01-09,2018-05-11,2018.0,5.0,487.0,16342.95698134539
Paseo Miró,Zibatá,142.5,157.9,15.4,0.0,2.0,Horizontal,2061989.23,2061989.23,0.0,2017-02-07,2018-05-11,2018.0,5.0,458.0,14470.099859649123
Esencia,Zakia,180.6,202.8,22.2,0.0,2.0,Horizontal,2559262.46,2563662.46,0.0,2017-03-02,2018-05-26,2018.0,5.0,450.0,14195.251716500554
Alegra Towers,Juriquilla Santa Fe,271.0,375.38,82.6,21.78,0.0,Vertical,6394614.49,6138829.91,4.0,2017-04-27,2018-05-15,2018.0,5.0,383.0,22652.50889298893
Paseo Dalí,Zibatá,151.1,226.1,75.0,0.0,2.0,Horizontal,1780000.0,1780000.0,0.0,2015-08-10,2018-04-23,2018.0,4.0,987.0,11780.277961614825
Amara,Altos Juriquilla,158.0,214.2,56.2,0.0,2.0,Horizontal,2288130.0,2276689.35,0.5,2017-10-26,2018-05-23,2018.0,5.0,209.0,14409.426265822785
Paseo Miró C,Zibatá,184.5,224.3,39.8,0.0,2.0,Horizontal,2499194.98,2531294.98,0.0,2018-04-24,2018-06-04,2018.0,6.0,41.0,13719.755989159892
Esencia,Zakia,178.7,213.5,34.8,0.0,2.0,Horizontal,2385155.53,2413605.53,0.0,2017-03-02,2018-05-26,2018.0,5.0,450.0,13506.466312255176
Esencia,Zakia,165.3,187.5,22.2,0.0,2.0,Horizontal,2193090.0,2208240.0,0.0,2017-03-02,2018-05-27,2018.0,5.0,451.0,13358.983666061706
Alegra Towers,Juriquilla Santa Fe,133.4,145.29,0.0,11.89,0.0,Vertical,4150000.0,4075204.09,3.0,2018-08-29,2019-09-01,2019.0,9.0,368.0,30548.75629685157
Alegra Towers,Juriquilla Santa Fe,133.3,145.19,0.0,11.89,2.0,Vertical,4327838.23,4241281.47,2.0,2018-08-29,2018-09-06,2018.0,9.0,8.0,31817.565416354082
Alegra Towers,Juriquilla Santa Fe,97.7,105.6,0.0,7.9,2.0,Vertical,3323136.4,3256673.67,2.0,2018-08-29,2018-09-07,2018.0,9.0,9.0,33333.40501535312
Alegra Towers,Juriquilla Santa Fe,173.7,190.34,0.0,16.64,2.0,Vertical,4741485.67,4786555.96,2.0,2018-08-29,2018-10-03,2018.0,10.0,35.0,27556.453425446172
Esencia,Zakia,143.2,174.3,31.1,0.0,2.0,Horizontal,2066109.47,2066109.47,0.0,2017-03-02,2018-05-25,2018.0,5.0,449.0,14428.13875698324
Alegra Towers,Juriquilla Santa Fe,173.6,190.24,0.0,16.64,2.0,Vertical,4855958.0,4758838.84,2.0,2018-08-29,2018-08-30,2018.0,8.0,1.0,27412.66612903226
Paseo Miró,Zibatá,160.6,191.91,27.1,4.21,2.0,Horizontal,2251780.0,2251780.0,0.0,2017-02-07,2018-06-02,2018.0,6.0,480.0,14021.046077210462
Alegra Towers,Juriquilla Santa Fe,97.7,105.6,0.0,7.9,2.0,Vertical,3140234.06,3046027.04,3.0,2018-08-29,2018-09-29,2018.0,9.0,31.0,31177.3494370522
Alegra Towers,Juriquilla Santa Fe,133.3,145.19,0.0,11.89,2.0,Vertical,4150000.0,4025500.0,3.0,2018-08-29,2020-11-05,2020.0,11.0,799.0,30198.799699924977
Amara,Altos Juriquilla,205.1,247.4,42.3,0.0,2.0,Horizontal,3372855.29,3427255.29,0.0,2017-10-26,2018-05-26,2018.0,5.0,212.0,16710.167186738177
Amara,Altos Juriquilla,143.2,182.2,39.0,0.0,2.0,Horizontal,2587386.81,2566170.24,0.82,2017-10-26,2018-05-19,2018.0,5.0,205.0,17920.183240223465
Alegra Towers,Juriquilla Santa Fe,172.4,189.3,0.0,16.9,2.0,Vertical,4519750.0,4474552.5,1.0,2016-07-04,2018-05-30,2018.0,5.0,695.0,25954.480858468676
Alegra Towers,Juriquilla Santa Fe,97.6,106.06,0.0,8.46,0.0,Vertical,2903926.0,2903926.0,0.0,2017-04-27,2018-05-18,2018.0,5.0,386.0,29753.340163934427
Amara,Altos Juriquilla,145.6,188.07,23.3,19.17,2.0,Horizontal,2511915.96,2482777.73,1.16,2017-10-26,2018-05-28,2018.0,5.0,214.0,17052.0448489011
Alegra Towers,Juriquilla Santa Fe,132.2,144.1,0.0,11.9,0.0,Vertical,3805780.3,3760780.3,0.0,2016-07-04,2018-05-26,2018.0,5.0,691.0,28447.657337367626
Amara,Altos Juriquilla,192.1,276.6,15.0,69.5,2.0,Horizontal,3154131.39,3138360.73,0.5,2017-10-26,2018-05-22,2018.0,5.0,208.0,16337.119885476315
Amara,Altos Juriquilla,192.1,393.1,131.5,69.5,2.0,Horizontal,3228743.42,3293643.42,0.0,2017-10-26,2018-05-26,2018.0,5.0,212.0,17145.462883914628
Amara,Altos Juriquilla,121.2,154.6,33.4,0.0,2.0,Horizontal,2309750.67,2309750.67,0.0,2017-10-26,2018-05-26,2018.0,5.0,212.0,19057.348762376238
Esencia,Zakia,178.7,220.6,41.9,0.0,2.0,Horizontal,2381369.23,2399719.23,0.0,2017-03-02,2018-05-02,2018.0,5.0,426.0,13428.758981533298
Paseo Monet,Zibatá,164.0,183.8,19.8,0.0,2.0,Horizontal,2427203.36,2427203.36,0.0,2017-06-02,2018-04-19,2018.0,4.0,321.0,14800.020487804877
Esencia,Zakia,143.2,184.1,40.9,0.0,2.0,Horizontal,2059895.07,2059895.07,0.0,2017-03-02,2018-06-09,2018.0,6.0,464.0,14384.74210893855
Alegra Towers,Juriquilla Santa Fe,173.6,190.55,0.0,16.95,2.0,Vertical,4351689.0,4246972.08,0.0,2017-04-27,2018-05-22,2018.0,5.0,390.0,24464.12488479263
Esencia,Zakia,143.2,174.3,31.1,0.0,2.0,Horizontal,2066109.47,2066109.47,0.0,2017-03-02,2018-05-22,2018.0,5.0,446.0,14428.13875698324
Paseo Monet,Zibatá,179.5,215.7,36.2,0.0,2.0,Horizontal,2610797.51,2625847.51,0.0,2017-06-02,2018-06-15,2018.0,6.0,378.0,14628.676935933147
Esencia,Zakia,121.5,150.0,28.5,0.0,2.0,Horizontal,1843266.56,1815617.56,1.5,2017-03-02,2018-06-02,2018.0,6.0,457.0,14943.354403292182
Paseo Monet,Zibatá,130.9,130.9,0.0,0.0,2.0,Horizontal,2050000.0,2050000.0,0.0,2017-06-02,2018-05-31,2018.0,5.0,363.0,15660.809778456836
El Motivo,Zakia,110.5,183.2,72.7,0.0,2.0,Horizontal,1752102.53,1765152.53,0.0,2017-08-01,2018-06-04,2018.0,6.0,307.0,15974.231040723982
Esencia,Zakia,143.2,168.9,25.7,0.0,2.0,Horizontal,2154108.19,2154108.19,0.0,2017-03-02,2018-06-04,2018.0,6.0,459.0,15042.65495810056
Amara,Altos Juriquilla,158.0,214.2,56.2,0.0,2.0,Horizontal,2327624.0,2327624.0,0.0,2017-10-26,2018-05-29,2018.0,5.0,215.0,14731.79746835443
Alegra Towers,Juriquilla Santa Fe,97.7,105.6,0.0,7.9,2.0,Vertical,3222136.4,3214113.67,2.0,2018-08-29,2018-08-24,2018.0,8.0,-5.0,32897.785772773794
Alegra Towers,Juriquilla Santa Fe,132.2,144.1,0.0,11.9,0.0,Vertical,3850000.0,3670590.0,4.66,2016-07-04,2018-05-30,2018.0,5.0,695.0,27765.431164901667
El Motivo,Zakia,156.8,225.3,68.5,0.0,2.0,Horizontal,2389111.96,2291636.19,4.08,2017-08-01,2018-06-09,2018.0,6.0,312.0,14615.026721938773
Paseo Monet,Zibatá,205.1,254.3,49.2,0.0,2.0,Horizontal,3118276.0,3102684.62,0.5,2017-06-02,2018-06-08,2018.0,6.0,371.0,15127.66757679181
Esencia,Zakia,165.3,199.2,33.9,0.0,2.0,Horizontal,2296113.56,2328963.56,0.0,2017-03-02,2018-06-09,2018.0,6.0,464.0,14089.31373260738
Amara,Altos Juriquilla,160.6,188.1,23.3,4.2,2.0,Horizontal,2613825.71,2613825.71,0.0,2017-10-26,2018-06-14,2018.0,6.0,231.0,16275.37801992528
Paseo Miró,Zibatá,134.0,176.73,29.6,13.13,2.0,Horizontal,1972000.0,1972000.0,0.0,2017-02-07,2018-05-27,2018.0,5.0,474.0,14716.41791044776
Alegra Towers,Juriquilla Santa Fe,97.5,105.9,0.0,8.4,0.0,Vertical,3027893.97,2982475.56,1.5,2016-07-04,2018-06-02,2018.0,6.0,698.0,30589.492923076923
El Anhelo,El Refugio,181.7,200.1,18.4,0.0,2.0,Horizontal,2486049.39,2436328.4,2.0,2016-05-19,2018-06-11,2018.0,6.0,753.0,13408.521739130436
Paseo Miró,Zibatá,142.5,157.9,15.4,0.0,2.0,Horizontal,2061989.23,2061989.23,0.0,2017-02-07,2018-05-29,2018.0,5.0,476.0,14470.099859649123
Paseo Miró,Zibatá,165.7,207.13,28.3,13.13,2.0,Horizontal,2298772.0,2298772.0,0.0,2017-02-07,2018-06-02,2018.0,6.0,480.0,13873.095956547979
Paseo Monet,Zibatá,192.5,246.0,53.5,0.0,2.0,Horizontal,2832495.17,2753100.9,4.66,2017-06-02,2018-10-09,2018.0,10.0,494.0,14301.822857142857
El Motivo,Zakia,138.8,208.5,69.7,0.0,2.0,Horizontal,2070270.21,2018513.45,2.5,2017-08-01,2018-06-16,2018.0,6.0,319.0,14542.604106628241
El Motivo,Zakia,146.7,214.7,0.0,68.0,2.0,Horizontal,1983855.58,1988955.58,0.0,2017-08-01,2018-06-16,2018.0,6.0,319.0,13557.979413769599
Paseo Miró C,Zibatá,165.7,194.0,28.3,0.0,2.0,Horizontal,2281439.18,2270031.98,0.5,2018-04-24,2018-06-15,2018.0,6.0,52.0,13699.649849124926
Esencia,Zakia,143.2,168.9,25.7,0.0,2.0,Horizontal,2059895.07,2087745.07,0.0,2017-03-02,2018-06-05,2018.0,6.0,460.0,14579.225349162012
Paseo Miró C,Zibatá,160.6,187.7,27.1,0.0,2.0,Horizontal,2419063.91,2419063.91,0.0,2018-04-24,2018-06-03,2018.0,6.0,40.0,15062.664445828146
Alegra Towers,Juriquilla Santa Fe,343.9,356.9,0.0,13.0,0.0,Vertical,8657442.26,8557015.93,1.16,2016-06-29,2018-06-02,2018.0,6.0,703.0,24882.27952893283
Esencia,Zakia,121.5,150.0,28.5,0.0,2.0,Horizontal,1843266.56,1843266.56,0.0,2017-03-02,2018-06-06,2018.0,6.0,461.0,15170.918189300412
Esencia,Zakia,180.6,213.5,32.9,0.0,2.0,Horizontal,2645358.7,2650558.7,0.0,2017-03-02,2018-06-08,2018.0,6.0,463.0,14676.404761904763
El Milagro,El Refugio,158.0,179.1,21.1,0.0,2.0,Horizontal,2272328.0,2215519.8,2.5,2015-08-06,2018-06-09,2018.0,6.0,1038.0,14022.277215189872
Paseo Miró C,Zibatá,165.7,194.0,28.3,0.0,2.0,Horizontal,2281439.18,2270031.98,0.5,2018-04-24,2018-06-16,2018.0,6.0,53.0,13699.649849124926
Esencia,Zakia,165.3,199.2,33.9,0.0,2.0,Horizontal,2296113.56,2272004.37,1.05,2017-03-02,2018-06-07,2018.0,6.0,462.0,13744.733030852994
Paseo Miró,Zibatá,184.5,243.48,39.8,19.18,2.0,Horizontal,2513239.0,2513239.0,0.0,2017-02-07,2018-06-18,2018.0,6.0,496.0,13621.891598915989
Paseo Monet,Zibatá,179.5,229.7,50.2,0.0,2.0,Horizontal,2799675.45,2828925.45,0.0,2017-06-02,2018-06-09,2018.0,6.0,372.0,15760.030362116993
Paseo Miró C,Zibatá,165.7,194.0,28.3,0.0,2.0,Horizontal,2281439.18,2270031.98,0.5,2018-04-24,2018-06-14,2018.0,6.0,51.0,13699.649849124926
Esencia,Zakia,178.7,213.5,34.8,0.0,2.0,Horizontal,2385155.53,2364948.36,2.04,2017-03-02,2018-06-18,2018.0,6.0,473.0,13234.182204812536
Esencia,Zakia,121.5,159.6,38.1,0.0,2.0,Horizontal,2012287.47,2012287.47,0.0,2017-03-02,2018-06-05,2018.0,6.0,460.0,16562.036790123457
Paseo Monet,Zibatá,151.2,183.8,32.6,0.0,2.0,Horizontal,2319656.24,2352856.24,0.0,2017-06-02,2018-06-13,2018.0,6.0,376.0,15561.21851851852
Amara,Altos Juriquilla,160.6,188.1,23.3,4.2,2.0,Horizontal,2443258.46,2443258.46,0.0,2017-10-26,2018-06-27,2018.0,6.0,244.0,15213.315442092155
El Motivo,Zakia,148.7,196.7,0.0,48.0,2.0,Horizontal,1977425.65,2109975.65,0.0,2017-08-01,2018-06-13,2018.0,6.0,316.0,14189.479825151311
Esencia,Zakia,121.5,155.1,33.6,0.0,2.0,Horizontal,1864133.09,1864133.09,0.0,2017-03-02,2018-06-17,2018.0,6.0,472.0,15342.659176954734
Amara,Altos Juriquilla,141.9,176.6,34.7,0.0,2.0,Horizontal,2256839.04,2256839.04,0.0,2017-10-26,2018-06-13,2018.0,6.0,230.0,15904.432980972515
El Milagro,El Refugio,158.0,179.1,21.1,0.0,2.0,Horizontal,2272328.0,2272328.0,0.0,2015-08-06,2018-06-18,2018.0,6.0,1047.0,14381.822784810127
Amara,Altos Juriquilla,130.4,168.4,38.0,0.0,2.0,Horizontal,2295872.08,2244892.7,0.5,2017-10-26,2018-06-17,2018.0,6.0,234.0,17215.43481595092
Esencia,Zakia,165.3,219.4,54.1,0.0,2.0,Horizontal,2197454.95,2136731.3,3.0,2017-03-02,2018-07-05,2018.0,7.0,490.0,12926.384150030246
Paseo Miró C,Zibatá,165.7,194.0,28.3,0.0,2.0,Horizontal,2321439.18,2321439.18,0.0,2018-04-24,2018-06-30,2018.0,6.0,67.0,14009.89245624623
Esencia,Zakia,121.5,149.7,28.2,0.0,2.0,Horizontal,1864133.09,1817529.76,2.5,2017-03-02,2018-06-21,2018.0,6.0,476.0,14959.09267489712
Paseo Miró C,Zibatá,184.5,224.3,39.8,0.0,2.0,Horizontal,2835292.96,2867392.96,0.0,2018-04-24,2018-06-23,2018.0,6.0,60.0,15541.425257452574
Esencia,Zakia,121.5,156.3,34.8,0.0,2.0,Horizontal,1926015.12,1926015.12,0.0,2017-03-02,2018-06-25,2018.0,6.0,480.0,15851.976296296298
Paseo Monet,Zibatá,164.0,183.8,19.8,0.0,2.0,Horizontal,2427203.36,2390795.31,1.5,2017-06-02,2018-06-22,2018.0,6.0,385.0,14578.02018292683
El Anhelo,El Refugio,177.3,197.8,20.5,0.0,2.0,Horizontal,2498830.68,2498830.68,0.0,2016-05-19,2018-06-23,2018.0,6.0,765.0,14093.799661590525
Alegra Towers,Juriquilla Santa Fe,132.2,144.1,0.0,11.9,0.0,Vertical,3800780.3,3762772.5,1.0,2016-07-04,2018-06-30,2018.0,6.0,726.0,28462.726928895616
Paseo Miró,Zibatá,165.7,207.13,28.3,13.13,2.0,Horizontal,2287866.3,2303016.3,0.0,2017-02-07,2018-07-10,2018.0,7.0,518.0,13898.71031985516
Alegra Towers,Juriquilla Santa Fe,133.3,145.19,0.0,11.89,2.0,Vertical,2912529.0,2854278.42,2.0,2018-08-29,2018-08-30,2018.0,8.0,1.0,21412.441260315078
El Motivo,Zakia,115.2,200.4,85.2,0.0,2.0,Horizontal,2023102.8,2023102.8,0.0,2017-08-01,2018-06-30,2018.0,6.0,333.0,17561.65625
Esencia,Zakia,180.6,209.7,29.1,0.0,2.0,Horizontal,2640912.97,2640912.97,0.0,2017-03-02,2018-06-30,2018.0,6.0,485.0,14622.995404208197
Paseo Miró,Zibatá,184.5,243.48,39.8,19.18,2.0,Horizontal,2614319.98,2565561.98,2.5,2017-02-07,2018-07-20,2018.0,7.0,528.0,13905.484986449865
Amara,Altos Juriquilla,141.9,166.6,24.7,0.0,2.0,Horizontal,2288694.91,2246811.79,1.83,2017-10-26,2018-07-11,2018.0,7.0,258.0,15833.768780831571
Alegra Towers,Juriquilla Santa Fe,133.4,145.29,0.0,11.89,0.0,Vertical,4250000.0,4165000.0,2.0,2018-08-29,2019-09-17,2019.0,9.0,384.0,31221.889055472264
Alegra Towers,Juriquilla Santa Fe,133.3,145.19,0.0,11.89,0.0,Vertical,4250000.0,4165000.0,2.0,2018-08-29,2019-09-17,2019.0,9.0,384.0,31245.311327831954
Paseo Miró,Zibatá,184.5,243.48,39.8,19.18,2.0,Horizontal,2539194.98,2492315.11,2.5,2017-02-07,2018-07-24,2018.0,7.0,532.0,13508.482981029809
Paseo Monet,Zibatá,222.0,301.5,79.5,0.0,2.0,Horizontal,3162380.9,3162380.9,0.0,2017-06-02,2018-07-14,2018.0,7.0,407.0,14244.959009009008
Esencia,Zakia,121.5,149.7,28.2,0.0,2.0,Horizontal,1913340.35,1865506.84,2.5,2017-03-02,2018-10-09,2018.0,10.0,586.0,15353.965761316873
Paseo Miró C,Zibatá,165.7,194.0,28.3,0.0,2.0,Horizontal,2339690.69,2189716.52,6.41,2018-04-24,2018-07-19,2018.0,7.0,86.0,13214.945805672904
Paseo Miró C,Zibatá,165.7,194.0,28.3,0.0,2.0,Horizontal,2339690.69,2339690.69,0.0,2018-04-24,2018-07-30,2018.0,7.0,97.0,14120.040374170188
Paseo Miró C,Zibatá,165.7,194.0,28.3,0.0,2.0,Horizontal,2321439.18,2321439.18,0.0,2018-04-24,2018-07-20,2018.0,7.0,87.0,14009.89245624623
Esencia,Zakia,121.5,150.0,28.5,0.0,2.0,Horizontal,1913340.35,1884640.24,1.5,2017-03-02,2018-07-24,2018.0,7.0,509.0,15511.442304526749
Paseo Miró,Zibatá,184.5,298.88,95.2,19.18,2.0,Horizontal,2826521.0,2826521.0,0.0,2017-02-07,2018-07-19,2018.0,7.0,527.0,15319.89701897019
Esencia,Zakia,121.5,156.3,34.8,0.0,2.0,Horizontal,1997471.4,1997471.4,0.0,2017-03-02,2018-07-16,2018.0,7.0,501.0,16440.093827160494
Ambrosía,Lomas de Juriquilla,176.9,218.5,41.6,0.0,2.0,Horizontal,2931069.09,2969969.09,0.0,2017-01-09,2018-07-13,2018.0,7.0,550.0,16788.97167891464
Paseo Miró C,Zibatá,145.6,172.7,27.1,0.0,2.0,Horizontal,2222927.08,2222927.08,0.0,2018-04-24,2018-07-21,2018.0,7.0,88.0,15267.356318681319
El Motivo,Zakia,156.8,287.8,131.0,0.0,2.0,Horizontal,2414900.0,2345123.2,3.2,2017-08-01,2018-07-18,2018.0,7.0,351.0,14956.142857142857
El Motivo,Zakia,146.7,214.7,0.0,68.0,2.0,Horizontal,2023855.0,1993497.18,1.5,2017-08-01,2018-07-23,2018.0,7.0,356.0,13588.93783231084
Paseo Monet,Zibatá,243.0,300.2,57.2,0.0,2.0,Horizontal,3271119.56,3238952.77,1.5,2017-06-02,2018-07-25,2018.0,7.0,418.0,13329.023744855967
Alegra Towers,Juriquilla Santa Fe,133.3,145.19,0.0,11.89,2.0,Vertical,4427445.0,4427445.0,0.0,2018-08-29,2018-05-18,2018.0,5.0,-103.0,33214.141035258814
Alegra Towers,Juriquilla Santa Fe,173.7,190.34,0.0,16.64,2.0,Vertical,4657368.0,4625020.64,2.0,2018-08-29,2020-05-06,2020.0,5.0,616.0,26626.486125503743
Alegra Towers,Juriquilla Santa Fe,133.4,145.29,0.0,11.89,2.0,Vertical,4468880.8,4468880.8,0.0,2018-08-29,2018-05-18,2018.0,5.0,-103.0,33499.856071964015
Alegra Towers,Juriquilla Santa Fe,133.4,145.29,0.0,11.89,2.0,Vertical,4707492.22,4707492.22,0.0,2018-08-29,2018-05-18,2018.0,5.0,-103.0,35288.54737631184
Alegra Towers,Juriquilla Santa Fe,133.3,145.19,0.0,11.89,2.0,Vertical,4602947.22,4602947.22,0.0,2018-08-29,2018-05-18,2018.0,5.0,-103.0,34530.73683420855
Alegra Towers,Juriquilla Santa Fe,133.3,145.19,0.0,11.89,2.0,Vertical,4802036.0,4802036.0,0.0,2018-08-29,2018-05-18,2018.0,5.0,-103.0,36024.27606901725
Alegra Towers,Juriquilla Santa Fe,133.4,145.29,0.0,11.89,2.0,Vertical,4427445.0,4427445.0,0.0,2018-08-29,2018-05-18,2018.0,5.0,-103.0,33189.24287856072
Paseo Monet,Zibatá,179.5,225.5,46.0,0.0,2.0,Horizontal,2745797.51,2761447.51,0.0,2017-06-02,2018-07-18,2018.0,7.0,411.0,15384.108690807798
Esencia,Zakia,143.2,178.3,35.1,0.0,2.0,Horizontal,2162591.53,2124746.18,1.75,2017-03-02,2018-07-23,2018.0,7.0,508.0,14837.612988826819
Paseo Monet,Zibatá,179.5,235.7,56.2,0.0,2.0,Horizontal,2702871.02,2702871.02,0.0,2017-06-02,2018-07-26,2018.0,7.0,419.0,15057.777270194987
Esencia,Zakia,121.5,150.0,28.5,0.0,2.0,Horizontal,1843266.56,1861666.56,0.0,2017-03-02,2018-07-21,2018.0,7.0,506.0,15322.358518518518
Alegra Towers,Juriquilla Santa Fe,133.5,145.46,0.0,11.96,0.0,Vertical,3835780.3,3797422.5,1.0,2017-04-27,2018-08-16,2018.0,8.0,476.0,28445.112359550563
Amara,Altos Juriquilla,121.2,152.6,31.4,0.0,2.0,Horizontal,2243640.29,2165112.88,3.5,2017-10-26,2018-08-11,2018.0,8.0,289.0,17863.967656765675
El Motivo,Zakia,136.1,194.1,0.0,58.0,2.0,Horizontal,2000637.54,2016037.54,0.0,2017-08-01,2018-07-27,2018.0,7.0,360.0,14812.913592946365
Paseo Monet,Zibatá,205.8,242.1,36.3,0.0,2.0,Horizontal,2911959.97,2883930.57,1.5,2017-06-02,2018-07-23,2018.0,7.0,416.0,14013.268075801747
Paseo Miró,Zibatá,134.0,176.73,29.6,13.13,2.0,Horizontal,1972000.0,1972000.0,0.0,2017-02-07,2018-08-09,2018.0,8.0,548.0,14716.41791044776
Paseo Miró C,Zibatá,165.7,194.0,28.3,0.0,2.0,Horizontal,2339690.69,2339690.69,0.0,2018-04-24,2018-08-01,2018.0,8.0,99.0,14120.040374170188
Ambrosía,Lomas de Juriquilla,207.2,248.1,40.9,0.0,2.0,Horizontal,3285746.0,3320246.0,0.0,2017-01-09,2018-08-05,2018.0,8.0,573.0,16024.353281853282
Paseo Monet,Zibatá,151.2,183.8,32.6,0.0,2.0,Horizontal,2163779.0,2163779.0,0.0,2017-06-02,2018-07-26,2018.0,7.0,419.0,14310.707671957673
Paseo Miró C,Zibatá,184.5,224.3,39.8,0.0,2.0,Horizontal,2835292.96,2867392.96,0.0,2018-04-24,2018-09-11,2018.0,9.0,140.0,15541.425257452574
Alegra Towers,Juriquilla Santa Fe,97.5,105.9,0.0,8.4,0.0,Vertical,2922926.97,2849853.8,2.5,2016-07-04,2018-07-31,2018.0,7.0,757.0,29229.269743589743
Paseo Miró C,Zibatá,165.7,238.0,72.3,0.0,2.0,Horizontal,2540800.0,2556100.0,0.0,2018-04-24,2018-08-03,2018.0,8.0,101.0,15426.071213035608
Esencia,Zakia,143.2,167.8,24.6,0.0,2.0,Horizontal,2143792.01,1972288.65,8.0,2017-03-02,2018-08-06,2018.0,8.0,522.0,13772.965432960895
Amara,Altos Juriquilla,205.1,247.4,42.3,0.0,2.0,Horizontal,3372855.29,3427255.29,0.0,2017-10-26,2018-08-03,2018.0,8.0,281.0,16710.167186738177
Amara,Altos Juriquilla,160.6,188.1,23.3,4.2,2.0,Horizontal,2483258.46,2393773.51,4.08,2017-10-26,2018-08-12,2018.0,8.0,290.0,14905.189975093399
Paseo Monet,Zibatá,155.3,155.3,0.0,0.0,2.0,Horizontal,2097499.07,2106099.07,0.0,2017-06-02,2018-08-08,2018.0,8.0,432.0,13561.487894397937
Amara,Altos Juriquilla,192.1,276.6,15.0,69.5,2.0,Horizontal,3056498.42,3056498.42,0.0,2017-10-26,2018-08-16,2018.0,8.0,294.0,15910.975637688704
Paseo Miró C,Zibatá,165.7,194.0,28.3,0.0,2.0,Horizontal,2321439.18,2321439.18,0.0,2018-04-24,2018-08-18,2018.0,8.0,116.0,14009.89245624623
Ambrosía,Lomas de Juriquilla,190.1,219.5,29.4,0.0,2.0,Horizontal,2942967.1,2839963.25,3.5,2017-01-09,2018-08-15,2018.0,8.0,583.0,14939.312204103104
Paseo Miró C,Zibatá,165.7,194.0,28.3,0.0,2.0,Horizontal,2359690.69,2359690.69,0.0,2018-04-24,2018-09-09,2018.0,9.0,138.0,14240.740434520218
Paseo Miró C,Zibatá,184.5,224.3,39.8,0.0,2.0,Horizontal,2539194.98,2547294.98,0.0,2018-04-24,2018-08-23,2018.0,8.0,121.0,13806.476856368563
Paseo Miró,Zibatá,165.7,207.13,28.3,13.13,2.0,Horizontal,2290000.0,2232750.0,2.5,2017-02-07,2018-08-24,2018.0,8.0,563.0,13474.652987326495
Paseo Monet,Zibatá,151.2,183.8,32.6,0.0,2.0,Horizontal,2382213.76,2396463.76,0.0,2017-06-02,2018-08-31,2018.0,8.0,455.0,15849.628042328042
Paseo Miró C,Zibatá,184.5,224.3,39.8,0.0,2.0,Horizontal,2539194.98,2555394.98,0.0,2018-04-24,2018-08-22,2018.0,8.0,120.0,13850.379295392953
Alegra Towers,Juriquilla Santa Fe,173.6,190.55,0.0,16.95,0.0,Vertical,4088740.11,4088740.11,0.0,2017-04-27,2018-08-23,2018.0,8.0,483.0,23552.650403225805
Paseo Miró,Zibatá,134.0,174.53,27.4,13.13,2.0,Horizontal,1972000.0,1942420.0,1.5,2017-02-07,2018-08-24,2018.0,8.0,563.0,14495.671641791045
Paseo Monet,Zibatá,243.0,300.2,57.2,0.0,2.0,Horizontal,3283569.85,3152227.06,4.0,2017-06-02,2018-08-21,2018.0,8.0,445.0,12972.127818930041
Amara Grand,Altos Juriquilla,223.1,263.5,40.4,0.0,2.0,Horizontal,3843180.57,3843180.57,0.0,2018-07-09,2018-08-22,2018.0,8.0,44.0,17226.268803227253
Amara Grand,Altos Juriquilla,190.7,227.8,37.1,0.0,2.0,Horizontal,4309796.39,4137404.53,4.0,2018-07-09,2018-08-23,2018.0,8.0,45.0,21695.881122181436
Amara,Altos Juriquilla,158.0,177.5,19.5,0.0,2.0,Horizontal,2300942.0,2300942.0,0.0,2017-10-26,2018-08-25,2018.0,8.0,303.0,14562.924050632912
Paseo Miró C,Zibatá,145.6,172.7,27.1,0.0,2.0,Horizontal,2222927.08,2222927.08,0.0,2018-04-24,2018-08-30,2018.0,8.0,128.0,15267.356318681319
El Motivo,Zakia,138.8,201.6,62.8,0.0,2.0,Horizontal,2179873.27,2179873.27,0.0,2017-08-01,2018-08-23,2018.0,8.0,387.0,15705.138832853025
Paseo Monet,Zibatá,222.0,301.5,79.5,0.0,2.0,Horizontal,3182947.49,3151118.02,0.0,2017-06-02,2018-09-05,2018.0,9.0,460.0,14194.225315315316
Paseo Miró,Zibatá,142.5,158.1,15.6,0.0,2.0,Horizontal,2075000.0,2075000.0,0.0,2017-02-07,2018-09-01,2018.0,9.0,571.0,14561.40350877193
Amara Grand,Altos Juriquilla,222.0,283.0,61.0,0.0,2.0,Horizontal,3506968.0,3428411.92,2.24,2018-07-09,2018-08-31,2018.0,8.0,53.0,15443.296936936937
Paseo Monet,Zibatá,205.1,235.8,30.7,0.0,2.0,Horizontal,3059360.16,2982876.16,2.5,2017-06-02,2018-08-31,2018.0,8.0,455.0,14543.521014139445
Esencia,Zakia,143.2,168.9,25.7,0.0,2.0,Horizontal,2119895.07,2109266.54,0.0,2017-03-02,2018-08-24,2018.0,8.0,540.0,14729.51494413408
Paseo Miró C,Zibatá,165.7,194.0,28.3,0.0,2.0,Horizontal,2321439.18,2309831.98,0.5,2018-04-24,2018-08-29,2018.0,8.0,127.0,13939.842969221485
El Motivo,Zakia,138.8,208.3,69.5,0.0,2.0,Horizontal,2130270.21,2045059.4,4.0,2017-08-01,2018-09-04,2018.0,9.0,399.0,14733.857348703168
Amara,Altos Juriquilla,130.4,166.2,35.8,0.0,2.0,Horizontal,2350976.36,2303892.19,3.5,2017-10-26,2018-09-13,2018.0,9.0,322.0,17667.884892638034
Paseo Miró C,Zibatá,184.5,224.3,39.8,0.0,2.0,Horizontal,2624178.88,2563115.27,2.91,2018-04-24,2018-10-02,2018.0,10.0,161.0,13892.223685636856
El Motivo,Zakia,146.7,214.7,0.0,68.0,2.0,Horizontal,2023855.58,1983378.47,2.0,2017-08-01,2018-09-04,2018.0,9.0,399.0,13519.962304021814
Paseo Monet,Zibatá,155.3,155.3,0.0,0.0,2.0,Horizontal,2096717.97,2096717.97,0.0,2017-06-02,2018-08-31,2018.0,8.0,455.0,13501.081584030906
Alegra Towers,Juriquilla Santa Fe,173.6,190.55,0.0,16.95,2.0,Vertical,4519505.81,4519505.81,0.0,2017-04-27,2018-09-25,2018.0,9.0,516.0,26034.01964285714
Amara,Altos Juriquilla,121.2,154.6,33.4,0.0,2.0,Horizontal,2357651.14,2357651.14,0.0,2017-10-26,2018-08-31,2018.0,8.0,309.0,19452.56716171617
El Motivo,Zakia,115.2,200.5,85.3,0.0,2.0,Horizontal,2018147.8,1987875.58,1.5,2017-08-01,2018-09-09,2018.0,9.0,404.0,17255.864409722224
Paseo Monet,Zibatá,243.0,300.2,57.2,0.0,2.0,Horizontal,3283569.85,3193312.75,3.0,2017-06-02,2018-08-31,2018.0,8.0,455.0,13141.204732510289
El Motivo,Zakia,146.7,214.7,0.0,68.0,2.0,Horizontal,2046811.86,1995641.56,2.5,2017-08-01,2018-09-10,2018.0,9.0,405.0,13603.555282890253
El Motivo,Zakia,138.8,208.1,69.3,0.0,2.0,Horizontal,2325000.0,2295937.5,1.25,2017-08-01,2018-09-13,2018.0,9.0,408.0,16541.33645533141
Paseo Miró,Zibatá,184.5,243.48,39.8,19.18,2.0,Horizontal,2539194.98,2492315.11,2.5,2017-02-07,2018-09-21,2018.0,9.0,591.0,13508.482981029809
Paseo Monet,Zibatá,151.2,183.8,32.6,0.0,2.0,Horizontal,2434222.34,2463022.34,0.0,2017-06-02,2018-09-12,2018.0,9.0,467.0,16289.830291005292
Alegra Towers,Juriquilla Santa Fe,224.9,240.9,0.0,16.0,3.0,Vertical,6000000.0,5760000.0,4.0,2018-08-29,2019-11-07,2019.0,11.0,435.0,25611.382836816363
Alegra Towers,Juriquilla Santa Fe,233.9,251.84,0.0,17.94,3.0,Vertical,6150000.0,5904000.0,4.0,2018-08-29,2019-11-07,2019.0,11.0,435.0,25241.556220607097
El Milagro,El Refugio,158.0,179.1,21.1,0.0,2.0,Horizontal,2272328.0,2272328.0,0.0,2015-08-06,2018-09-24,2018.0,9.0,1145.0,14381.822784810127
El Motivo,Zakia,146.7,214.7,0.0,68.0,2.0,Horizontal,2122974.82,2122974.82,0.0,2017-08-01,2018-09-20,2018.0,9.0,415.0,14471.539331970007
El Recuerdo,Ampliación El Refugio 3,181.2,380.0,198.8,0.0,0.0,Horizontal,2808554.54,2700000.0,3.86,2014-04-11,2018-09-08,2018.0,9.0,1611.0,14900.66225165563
Paseo Monet,Zibatá,155.3,155.3,0.0,0.0,2.0,Horizontal,2042290.31,2103190.31,0.0,2017-06-02,2018-09-07,2018.0,9.0,462.0,13542.75795235029
Vista Esmeralda,Los Olvera,272.0,272.0,0.0,0.0,2.0,Horizontal,2891397.15,2891397.15,0.0,2013-01-16,2018-09-24,2018.0,9.0,2077.0,10630.136580882352
Paseo Miró,Zibatá,134.0,174.53,27.4,13.13,2.0,Horizontal,1972000.0,1972000.0,0.0,2017-02-07,2018-10-06,2018.0,10.0,606.0,14716.41791044776
El Motivo,Zakia,115.2,193.0,77.8,0.0,2.0,Horizontal,2199946.82,2199946.82,0.0,2017-08-01,2018-11-01,2018.0,11.0,457.0,19096.760590277776
Alegra Towers,Juriquilla Santa Fe,97.5,105.9,0.0,8.4,0.0,Vertical,2868926.97,2797203.8,2.5,2016-07-04,2018-09-24,2018.0,9.0,812.0,28689.269743589743
Esencia,Zakia,180.6,213.6,33.0,0.0,2.0,Horizontal,2568488.92,2555646.48,0.5,2017-03-02,2018-09-12,2018.0,9.0,559.0,14150.866445182724
Alegra Towers,Juriquilla Santa Fe,97.6,106.06,0.0,8.46,0.0,Vertical,2891927.0,2851440.02,1.4,2017-04-27,2018-09-22,2018.0,9.0,513.0,29215.57397540984
Alegra Towers,Juriquilla Santa Fe,132.2,144.1,0.0,11.9,0.0,Vertical,3905780.3,3788606.89,3.0,2016-07-04,2018-09-21,2018.0,9.0,809.0,28658.14591527988
Ambrosía,Lomas de Juriquilla,176.9,218.5,41.6,0.0,2.0,Horizontal,2931069.09,2887103.05,1.5,2017-01-09,2018-09-24,2018.0,9.0,623.0,16320.537309214244
Amara,Altos Juriquilla,130.4,170.7,40.3,0.0,2.0,Horizontal,2414976.36,2414976.36,0.0,2017-10-26,2018-09-17,2018.0,9.0,326.0,18519.757361963188
Paseo Monet,Zibatá,240.2,290.0,49.8,0.0,2.0,Horizontal,3428234.74,3460784.74,0.0,2017-06-02,2018-09-25,2018.0,9.0,480.0,14407.929808492925
Paseo Miró,Zibatá,142.5,158.1,15.6,0.0,2.0,Horizontal,2075000.0,2023125.0,2.5,2017-02-07,2018-09-28,2018.0,9.0,598.0,14197.368421052632
Paseo Monet,Zibatá,151.2,183.8,32.6,0.0,2.0,Horizontal,2366213.76,2366213.76,0.0,2017-06-02,2018-09-24,2018.0,9.0,479.0,15649.561904761904
El Motivo,Zakia,136.1,194.1,0.0,58.0,2.0,Horizontal,2000836.89,2030736.89,0.0,2017-08-01,2018-10-01,2018.0,10.0,426.0,14920.917634092579
El Motivo,Zakia,138.8,208.1,69.3,0.0,2.0,Horizontal,2325000.0,2325000.0,0.0,2017-08-01,2018-09-18,2018.0,9.0,413.0,16750.7204610951
Amara,Altos Juriquilla,160.6,188.1,23.3,4.2,2.0,Horizontal,2541268.62,2533762.28,0.5,2017-10-26,2018-10-03,2018.0,10.0,342.0,15776.85105853051
Amara,Altos Juriquilla,160.6,188.1,23.3,4.2,2.0,Horizontal,2541268.62,2533762.28,0.5,2017-10-26,2018-10-05,2018.0,10.0,344.0,15776.85105853051
Paseo Miró C,Zibatá,184.5,224.3,39.8,0.0,2.0,Horizontal,2870292.96,2886892.96,0.0,2018-04-24,2018-10-06,2018.0,10.0,165.0,15647.116314363144
El Motivo,Zakia,148.7,196.7,0.0,48.0,2.0,Horizontal,1969672.24,1969672.24,0.0,2017-08-01,2018-09-27,2018.0,9.0,422.0,13245.94646940148
Esencia,Zakia,143.2,181.6,38.4,0.0,2.0,Horizontal,2169752.65,2184652.65,0.0,2017-03-02,2018-09-28,2018.0,9.0,575.0,15255.954259776538
Paseo Monet,Zibatá,192.5,244.8,52.3,0.0,2.0,Horizontal,2731575.0,2731575.0,0.0,2017-06-02,2018-09-25,2018.0,9.0,480.0,14190.0
Esencia,Zakia,165.3,194.2,28.9,0.0,2.0,Horizontal,2443609.5,2443609.5,0.0,2017-03-02,2018-09-24,2018.0,9.0,571.0,14782.876588021778
Paseo Miró C,Zibatá,184.5,224.3,39.8,0.0,2.0,Horizontal,2624178.88,2624178.88,0.0,2018-04-24,2018-09-27,2018.0,9.0,156.0,14223.191761517615
Paseo Miró C,Zibatá,128.7,173.4,44.7,0.0,2.0,Horizontal,2285000.0,2285000.0,0.0,2018-04-24,2018-10-06,2018.0,10.0,165.0,17754.467754467754
Vista Esmeralda,Los Olvera,272.0,272.0,0.0,0.0,2.0,Horizontal,3015820.18,3015820.18,0.0,2013-01-16,2018-10-05,2018.0,10.0,2088.0,11087.57419117647
El Motivo,Zakia,138.8,208.3,69.5,0.0,2.0,Horizontal,2184814.27,2184814.27,0.0,2017-08-01,2018-09-28,2018.0,9.0,423.0,15740.736815561959
El Motivo,Zakia,110.5,188.0,77.5,0.0,2.0,Horizontal,1867695.03,1867695.03,0.0,2017-08-01,2018-10-22,2018.0,10.0,447.0,16902.21746606335
Paseo Monet,Zibatá,192.5,246.4,53.9,0.0,2.0,Horizontal,2878153.83,2878153.83,0.0,2017-06-02,2018-09-30,2018.0,9.0,485.0,14951.448467532467
Alegra Towers,Juriquilla Santa Fe,173.6,190.55,0.0,16.95,0.0,Vertical,4165990.11,4020180.46,3.5,2017-04-27,2018-09-29,2018.0,9.0,520.0,23157.721543778804
Paseo Miró C,Zibatá,165.7,194.0,28.3,0.0,2.0,Horizontal,2747472.0,2747472.0,0.0,2018-04-24,2018-09-14,2018.0,9.0,143.0,16581.001810500908
Ambrosía,Lomas de Juriquilla,207.2,248.1,40.9,0.0,2.0,Horizontal,3285746.0,3203602.35,2.5,2017-01-09,2018-10-08,2018.0,10.0,637.0,15461.401303088804
Amara,Altos Juriquilla,192.1,276.6,15.0,69.5,2.0,Horizontal,3056498.42,3056498.42,0.0,2017-10-26,2018-10-20,2018.0,10.0,359.0,15910.975637688704
Paseo Miró,Zibatá,165.7,207.13,28.3,13.13,2.0,Horizontal,2334690.69,2349840.69,0.0,2017-02-07,2018-10-15,2018.0,10.0,615.0,14181.295654797828
El Motivo,Zakia,138.8,204.0,65.2,0.0,2.0,Horizontal,2210564.27,2210564.27,0.0,2017-08-01,2018-10-09,2018.0,10.0,434.0,15926.25554755043
El Motivo,Zakia,138.8,228.0,89.2,0.0,2.0,Horizontal,2273638.27,2273638.27,0.0,2017-08-01,2018-10-12,2018.0,10.0,437.0,16380.67917867435
Paseo Miró C,Zibatá,165.7,194.0,28.3,0.0,2.0,Horizontal,2359690.69,2359690.69,0.0,2018-04-24,2018-10-06,2018.0,10.0,165.0,14240.740434520218
Paseo Miró C,Zibatá,142.5,158.3,15.8,0.0,2.0,Horizontal,2193250.0,2193250.0,0.0,2018-04-24,2018-10-17,2018.0,10.0,176.0,15391.228070175439
Esencia,Zakia,143.2,168.9,25.7,0.0,2.0,Horizontal,2154108.19,2154108.19,0.0,2017-03-02,,,,,15042.65495810056
Esencia,Zakia,143.2,168.9,25.7,0.0,2.0,Horizontal,2119878.43,2066881.47,2.5,2017-03-02,2018-10-11,2018.0,10.0,588.0,14433.529818435754
Ambrosía,Lomas de Juriquilla,207.2,248.1,40.9,0.0,2.0,Horizontal,3351460.92,3334703.62,0.5,2017-01-09,2018-10-26,2018.0,10.0,655.0,16094.129440154442
Paseo Miró,Zibatá,134.0,174.53,27.4,13.13,2.0,Horizontal,1972000.0,1972000.0,0.0,2017-02-07,2018-10-13,2018.0,10.0,613.0,14716.41791044776
Ambrosía,Lomas de Juriquilla,190.1,219.5,29.4,0.0,2.0,Horizontal,2999721.1,2929128.07,2.5,2017-01-09,2018-10-10,2018.0,10.0,639.0,15408.353866386113
Esencia,Zakia,180.6,213.6,33.0,0.0,2.0,Horizontal,2568488.92,2594988.92,0.0,2017-03-02,2018-10-18,2018.0,10.0,595.0,14368.709413067552
Ambrosía,Lomas de Juriquilla,207.2,248.1,40.9,0.0,2.0,Horizontal,3285746.51,3203602.85,2.5,2017-01-09,2018-11-30,2018.0,11.0,690.0,15461.403716216217
Esencia,Zakia,121.5,161.6,40.1,0.0,2.0,Horizontal,2012287.47,2012287.47,0.0,2017-03-02,2018-10-19,2018.0,10.0,596.0,16562.036790123457
Paseo Monet,Zibatá,205.1,262.8,57.7,0.0,2.0,Horizontal,3118276.69,3071502.54,1.5,2017-06-02,2018-10-22,2018.0,10.0,507.0,14975.634032179425
Amara,Altos Juriquilla,121.2,160.0,38.8,0.0,2.0,Horizontal,2239750.67,2172558.15,3.0,2017-10-26,2018-11-28,2018.0,11.0,398.0,17925.397277227723
El Motivo,Zakia,115.2,194.4,79.2,0.0,2.0,Horizontal,2186033.33,2186033.33,0.0,2017-08-01,2018-10-27,2018.0,10.0,452.0,18975.98376736111
Amara,Altos Juriquilla,121.2,166.5,45.3,0.0,2.0,Horizontal,2274572.37,2274572.37,0.0,2017-10-26,2018-10-19,2018.0,10.0,358.0,18767.098762376238
Alegra Towers,Juriquilla Santa Fe,173.6,190.55,0.0,16.95,0.0,Vertical,4217490.11,4070510.58,0.0,2017-04-27,2018-10-21,2018.0,10.0,542.0,23447.641589861752
Alegra Towers,Juriquilla Santa Fe,173.6,190.55,0.0,16.95,0.0,Vertical,4088740.11,4096252.71,1.0,2017-04-27,2018-10-23,2018.0,10.0,544.0,23595.925748847927
Alegra Towers,Juriquilla Santa Fe,173.6,190.55,0.0,16.95,0.0,Vertical,4389167.01,4389167.01,0.0,2017-04-27,2018-10-25,2018.0,10.0,546.0,25283.220103686635
Amara Grand,Altos Juriquilla,223.1,257.9,34.8,0.0,2.0,Horizontal,3780000.0,3780000.0,0.0,2018-07-09,2018-10-16,2018.0,10.0,99.0,16943.074854325416
Esencia,Zakia,143.2,168.2,25.0,0.0,2.0,Horizontal,2168000.0,2168000.0,0.0,2017-03-02,2018-11-24,2018.0,11.0,632.0,15139.664804469276
El Motivo,Zakia,110.5,193.7,83.2,0.0,2.0,Horizontal,1926230.03,1926230.03,0.0,2017-08-01,2018-10-27,2018.0,10.0,452.0,17431.945972850677
Ambrosía,Lomas de Juriquilla,190.1,219.5,29.4,0.0,2.0,Horizontal,3106475.1,3028813.22,2.5,2017-01-09,2018-10-26,2018.0,10.0,655.0,15932.73655970542
Amara Grand,Altos Juriquilla,223.1,258.6,35.5,0.0,2.0,Horizontal,3836700.0,3836700.0,0.0,2018-07-09,2018-10-28,2018.0,10.0,111.0,17197.220977140296
Alegra Towers,Juriquilla Santa Fe,97.6,106.06,0.0,8.46,0.0,Vertical,2966927.0,2922423.1,1.5,2017-04-27,2018-11-26,2018.0,11.0,578.0,29942.859631147545
Amara,Altos Juriquilla,130.4,190.2,59.8,0.0,2.0,Horizontal,2466045.12,2470445.12,0.0,2017-10-26,2018-11-05,2018.0,11.0,375.0,18945.131288343557
Paseo Monet,Zibatá,192.5,246.9,54.4,0.0,2.0,Horizontal,3001226.88,3030676.88,0.0,2017-06-02,2018-11-20,2018.0,11.0,536.0,15743.776
Paseo Miró C,Zibatá,128.7,144.5,15.8,0.0,2.0,Horizontal,1992977.35,2008277.35,0.0,2018-04-24,2018-11-18,2018.0,11.0,208.0,15604.330613830616
Amara Grand,Altos Juriquilla,179.5,206.8,27.3,0.0,2.0,Horizontal,3014928.0,2999853.36,0.5,2018-07-09,2018-11-06,2018.0,11.0,120.0,16712.27498607242
Alegra Towers,Juriquilla Santa Fe,97.6,106.0,0.0,8.4,0.0,Vertical,3025000.0,2843500.0,6.0,2016-07-04,2018-10-30,2018.0,10.0,848.0,29134.221311475412
Paseo Miró,Zibatá,184.5,243.48,39.8,19.18,2.0,Horizontal,2538194.98,2512813.03,1.0,2017-02-07,2018-10-27,2018.0,10.0,627.0,13619.582818428184
Alegra Towers,Juriquilla Santa Fe,97.7,105.6,0.0,7.9,2.0,Vertical,3262334.13,3164464.11,3.0,2018-08-29,2018-10-31,2018.0,10.0,63.0,32389.601944728758
Amara,Altos Juriquilla,121.2,154.6,33.4,0.0,2.0,Horizontal,2239750.67,2216233.29,1.05,2017-10-26,2018-11-17,2018.0,11.0,387.0,18285.75321782178
Paseo Miró C,Zibatá,184.5,224.3,39.8,0.0,2.0,Horizontal,2680178.88,2680178.88,0.0,2018-04-24,2018-11-19,2018.0,11.0,209.0,14526.714796747967
Esencia,Zakia,143.2,179.3,36.1,0.0,2.0,Horizontal,2169752.65,2169752.65,0.0,2017-03-02,2018-11-15,2018.0,11.0,623.0,15151.903980446928
Esencia,Zakia,121.5,158.5,37.0,0.0,2.0,Horizontal,2012287.47,2012287.47,0.0,2017-03-02,2018-11-08,2018.0,11.0,616.0,16562.036790123457
Paseo Miró C,Zibatá,165.7,194.0,28.3,0.0,2.0,Horizontal,2359690.69,2359690.69,0.0,2018-04-24,2018-11-08,2018.0,11.0,198.0,14240.740434520218
Amara,Altos Juriquilla,143.2,182.2,39.0,0.0,2.0,Horizontal,2587386.81,2522702.14,2.5,2017-10-26,2018-11-15,2018.0,11.0,385.0,17616.635055865925
Paseo Monet,Zibatá,179.5,225.5,46.0,0.0,2.0,Horizontal,2745797.51,2692802.57,2.5,2017-06-02,2018-11-16,2018.0,11.0,532.0,15001.685626740946
Esencia,Zakia,143.2,181.5,38.3,0.0,2.0,Horizontal,2169752.65,2169752.65,0.0,2017-03-02,2018-11-08,2018.0,11.0,616.0,15151.903980446928
Paseo Miró C,Zibatá,184.5,224.3,39.8,0.0,2.0,Horizontal,2799178.85,2799178.85,0.0,2018-04-24,2018-11-27,2018.0,11.0,217.0,15171.701084010841
Paseo Monet,Zibatá,155.3,155.3,0.0,0.0,2.0,Horizontal,2102290.31,2091778.86,0.5,2017-06-02,2018-11-09,2018.0,11.0,525.0,13469.277913715388
Paseo Miró C,Zibatá,142.5,158.3,15.8,0.0,2.0,Horizontal,2193250.0,2193250.0,0.0,2018-04-24,2018-11-29,2018.0,11.0,219.0,15391.228070175439
Paseo Miró C,Zibatá,184.5,224.3,39.8,0.0,2.0,Horizontal,2750190.0,2750190.0,0.0,2018-04-24,2018-11-20,2018.0,11.0,210.0,14906.178861788618
Alegra Towers,Juriquilla Santa Fe,132.2,144.1,0.0,11.9,0.0,Vertical,4386000.0,4386000.0,0.0,2016-07-04,2018-12-07,2018.0,12.0,886.0,33177.004538577916
Paseo Miró,Zibatá,184.5,243.48,39.8,19.18,2.0,Horizontal,2539194.98,2492315.11,2.5,2017-02-07,2018-11-22,2018.0,11.0,653.0,13508.482981029809
Esencia,Zakia,156.6,183.1,26.5,0.0,2.0,Horizontal,2261821.2,2261821.2,0.0,2017-03-02,2018-11-18,2018.0,11.0,626.0,14443.30268199234
Paseo Miró C,Zibatá,165.7,194.0,28.3,0.0,2.0,Horizontal,2512502.52,2499940.01,0.5,2018-04-24,2018-11-18,2018.0,11.0,208.0,15087.145503922751
Esencia,Zakia,121.5,156.3,34.8,0.0,2.0,Horizontal,1926015.12,1829714.36,5.0,2017-03-02,2018-11-13,2018.0,11.0,621.0,15059.377448559671
Esencia,Zakia,180.6,202.8,22.2,0.0,2.0,Horizontal,2559262.46,2563662.46,0.0,2017-03-02,2018-11-13,2018.0,11.0,621.0,14195.251716500554
Paseo Miró C,Zibatá,184.5,224.3,39.8,0.0,2.0,Horizontal,2609178.88,2661778.88,0.0,2018-04-24,2018-11-24,2018.0,11.0,214.0,14426.985799457994
Amara Grand,Altos Juriquilla,190.7,227.8,37.1,0.0,2.0,Horizontal,3382117.74,3382117.74,0.0,2018-07-09,2018-11-14,2018.0,11.0,128.0,17735.2791819612
Paseo Monet,Zibatá,205.8,242.1,36.3,0.0,2.0,Horizontal,2911959.97,2906459.97,0.0,2017-06-02,2018-11-15,2018.0,11.0,531.0,14122.740379008746
Esencia,Zakia,121.5,159.0,37.5,0.0,2.0,Horizontal,1916015.12,1887274.89,1.5,2017-03-02,2018-11-20,2018.0,11.0,628.0,15533.126666666665
Paseo Miró C,Zibatá,142.5,158.3,15.8,0.0,2.0,Horizontal,2213250.0,2069388.75,6.5,2018-04-24,2018-11-15,2018.0,11.0,205.0,14522.026315789473
Esencia,Zakia,121.5,154.9,33.4,0.0,2.0,Horizontal,1943305.29,1943305.29,0.0,2017-03-02,2018-11-13,2018.0,11.0,621.0,15994.282222222222
Alegra Towers,Juriquilla Santa Fe,97.6,106.0,0.0,8.4,2.0,Vertical,3153361.4,3153361.4,0.0,2016-07-04,2018-11-15,2018.0,11.0,864.0,32309.030737704918
Alegra Towers,Juriquilla Santa Fe,172.4,189.3,0.0,16.9,0.0,Vertical,4264783.87,4008896.84,6.0,2016-06-29,2018-11-15,2018.0,11.0,869.0,23253.461948955915
Alegra Towers,Juriquilla Santa Fe,172.4,189.3,0.0,16.9,0.0,Vertical,4336740.11,4119903.1,5.0,2016-06-29,2018-11-15,2018.0,11.0,869.0,23897.34976798144
Amara,Altos Juriquilla,143.2,180.5,37.3,0.0,2.0,Horizontal,2586672.0,2573738.64,0.5,2017-10-26,2018-11-18,2018.0,11.0,388.0,17973.035195530727
Paseo Miró C,Zibatá,165.7,240.1,74.4,0.0,2.0,Horizontal,2574800.0,2574800.0,0.0,2018-04-24,2018-11-23,2018.0,11.0,213.0,15538.925769462885
Amara,Altos Juriquilla,156.0,166.06,0.0,10.06,2.0,Horizontal,2394738.37,2394738.37,0.0,2017-10-26,2018-11-24,2018.0,11.0,394.0,15350.886987179489
Paseo Monet,Zibatá,205.1,235.8,30.7,0.0,2.0,Horizontal,2517627.0,2513736.33,2.5,2017-06-02,2018-11-20,2018.0,11.0,536.0,12256.149829351536
Ambrosía,Lomas de Juriquilla,220.8,250.9,30.1,0.0,2.0,Horizontal,3358557.05,3358557.05,0.0,2017-01-09,2018-11-27,2018.0,11.0,687.0,15210.856204710144
Paseo Monet,Zibatá,179.5,215.8,36.3,0.0,2.0,Horizontal,2730797.51,2745847.51,0.0,2017-06-02,2018-12-07,2018.0,12.0,553.0,15297.200612813369
Paseo Miró C,Zibatá,165.7,194.0,28.3,0.0,2.0,Horizontal,2512502.52,2536690.01,0.5,2018-04-24,2018-11-25,2018.0,11.0,215.0,15308.931864815931
Amara,Altos Juriquilla,143.2,173.2,30.0,0.0,2.0,Horizontal,2630818.48,2577149.78,2.04,2017-10-26,2018-11-23,2018.0,11.0,393.0,17996.856005586593
Paseo Miró C,Zibatá,160.6,187.7,27.1,0.0,2.0,Horizontal,2310062.35,2310062.35,0.0,2018-04-24,2018-11-24,2018.0,11.0,214.0,14383.949875467
Paseo Dalí,Zibatá,179.5,210.0,30.5,0.0,2.0,Horizontal,2501200.0,2401152.0,4.0,2015-08-10,2018-11-21,2018.0,11.0,1199.0,13376.891364902507
Paseo Monet,Zibatá,179.5,215.7,36.2,0.0,2.0,Horizontal,2880991.37,2837776.5,1.5,2017-06-02,2018-11-29,2018.0,11.0,545.0,15809.33983286908
Paseo Miró C,Zibatá,184.5,224.3,39.8,0.0,2.0,Horizontal,2742041.85,2739043.71,1.28,2018-04-24,2018-11-30,2018.0,11.0,220.0,14845.765365853658
Esencia,Zakia,121.5,161.5,40.0,0.0,2.0,Horizontal,1972830.85,1943238.39,1.5,2017-03-02,2019-01-13,2019.0,1.0,682.0,15993.731604938272
Paseo Miró C,Zibatá,165.7,236.8,71.1,0.0,2.0,Horizontal,2483560.0,2483560.0,0.0,2018-04-24,2018-11-30,2018.0,11.0,220.0,14988.292094146049
Paseo Miró C,Zibatá,184.5,292.5,108.0,0.0,2.0,Horizontal,3019259.75,3024063.45,0.5,2018-04-24,2018-11-30,2018.0,11.0,220.0,16390.58780487805
Alegra Towers,Juriquilla Santa Fe,97.5,105.9,0.0,8.4,0.0,Vertical,2868926.97,2797203.8,2.5,2016-07-04,2018-12-18,2018.0,12.0,897.0,28689.269743589743
Esencia,Zakia,121.5,154.9,33.4,0.0,2.0,Horizontal,1958305.29,1919139.18,2.0,2017-03-02,2018-11-29,2018.0,11.0,637.0,15795.384197530864
Amara,Altos Juriquilla,143.2,166.7,23.5,0.0,2.0,Horizontal,2587386.81,2587386.81,0.0,2017-10-26,2018-11-23,2018.0,11.0,393.0,18068.3436452514
Paseo Monet,Zibatá,205.1,235.8,30.7,0.0,2.0,Horizontal,3034623.0,2958757.43,2.5,2017-06-02,2018-12-13,2018.0,12.0,559.0,14425.926036079962
Esencia,Zakia,143.2,168.9,25.7,0.0,2.0,Horizontal,2154108.19,2154108.19,0.0,2017-03-02,2018-11-29,2018.0,11.0,637.0,15042.65495810056
Amara,Altos Juriquilla,165.3,193.0,27.7,0.0,2.0,Horizontal,2705073.3,2705073.3,0.0,2017-10-26,2018-11-30,2018.0,11.0,400.0,16364.629764065334
El Motivo,Zakia,146.7,214.7,0.0,68.0,2.0,Horizontal,2122974.0,2145674.0,0.0,2017-08-01,2018-11-30,2018.0,11.0,486.0,14626.271301976825
Amara,Altos Juriquilla,192.2,286.3,24.6,69.5,2.0,Horizontal,2744447.0,2744447.0,0.0,2017-10-26,2018-11-29,2018.0,11.0,399.0,14279.120707596254
Esencia,Zakia,143.2,175.6,32.4,0.0,2.0,Horizontal,2158600.35,2158600.35,0.0,2017-03-02,2018-11-25,2018.0,11.0,633.0,15074.024790502795
Alegra Towers,Juriquilla Santa Fe,173.6,190.55,0.0,16.95,0.0,Vertical,4396689.0,4348862.67,0.0,2017-04-27,2018-11-30,2018.0,11.0,582.0,25051.05224654378
Amara,Altos Juriquilla,121.2,166.5,45.3,0.0,2.0,Horizontal,2274572.37,2274572.37,0.0,2017-10-26,2018-11-29,2018.0,11.0,399.0,18767.098762376238
Paseo Monet,Zibatá,192.5,247.2,54.7,0.0,2.0,Horizontal,2802501.45,2802501.45,0.0,2017-06-02,2018-12-08,2018.0,12.0,554.0,14558.449090909093
Ambrosía,Lomas de Juriquilla,190.1,219.5,29.4,0.0,2.0,Horizontal,3106475.1,3013280.85,3.0,2017-01-09,2018-12-19,2018.0,12.0,709.0,15851.030247238297
Ambrosía,Lomas de Juriquilla,220.8,250.9,30.1,0.0,2.0,Horizontal,3358557.05,3274593.12,2.5,2017-01-09,2018-12-12,2018.0,12.0,702.0,14830.584782608696
Alegra Towers,Juriquilla Santa Fe,173.6,190.55,0.0,16.95,0.0,Vertical,4140240.11,3855391.59,4.0,2017-04-27,2018-12-22,2018.0,12.0,604.0,22208.476900921658
Esencia,Zakia,143.2,168.9,25.7,0.0,2.0,Horizontal,2154108.19,2100255.49,2.5,2017-03-02,2018-12-12,2018.0,12.0,650.0,14666.588617318439
El Motivo,Zakia,148.7,196.7,0.0,48.0,2.0,Horizontal,1969672.24,1953580.43,2.5,2017-08-01,2018-12-13,2018.0,12.0,499.0,13137.72985877606
Esencia,Zakia,180.6,208.9,28.3,0.0,2.0,Horizontal,2677821.7,2677821.7,0.0,2017-03-02,2018-12-18,2018.0,12.0,656.0,14827.362679955704
Alegra Towers,Juriquilla Santa Fe,173.6,190.55,0.0,16.95,0.0,Vertical,4191740.11,4191740.11,0.0,2017-04-27,2018-12-11,2018.0,12.0,593.0,24145.968375576038
Ambrosía,Lomas de Juriquilla,200.8,200.8,0.0,0.0,2.0,Horizontal,2866995.02,2795320.14,2.5,2017-01-09,2018-12-12,2018.0,12.0,702.0,13920.91703187251
Ambrosía,Lomas de Juriquilla,141.9,272.9,131.0,0.0,2.0,Horizontal,3063824.02,2987228.42,2.5,2017-01-09,2018-12-12,2018.0,12.0,702.0,21051.64496124031
Esencia,Zakia,155.3,210.0,54.7,0.0,2.0,Horizontal,2342531.54,2342531.54,0.0,2017-03-02,2018-12-15,2018.0,12.0,653.0,15083.912041210559
Esencia,Zakia,143.2,175.6,32.4,0.0,2.0,Horizontal,2300000.0,2300000.0,0.0,2017-03-02,2018-12-21,2018.0,12.0,659.0,16061.452513966482
Esencia,Zakia,121.5,158.5,37.0,0.0,2.0,Horizontal,1972830.85,1972830.85,0.0,2017-03-02,2018-12-21,2018.0,12.0,659.0,16237.290946502058
Paseo Miró C,Zibatá,165.7,194.0,28.3,0.0,2.0,Horizontal,2425000.0,2408025.0,0.7,2018-04-24,2018-12-22,2018.0,12.0,242.0,14532.438141219072
Paseo Miró C,Zibatá,128.7,144.5,15.8,0.0,2.0,Horizontal,2070327.97,2070327.97,0.0,2018-04-24,2018-12-21,2018.0,12.0,241.0,16086.464413364414
Paseo Monet,Zibatá,240.2,290.0,49.8,0.0,2.0,Horizontal,3286014.45,3236724.23,1.5,2017-06-02,2018-12-22,2018.0,12.0,568.0,13475.121690258118
Esencia,Zakia,180.6,214.4,33.8,0.0,2.0,Horizontal,2683215.63,2683215.63,0.0,2017-03-02,2018-12-15,2018.0,12.0,653.0,14857.229401993356
Amara Grand,Altos Juriquilla,223.1,258.6,35.5,0.0,2.0,Horizontal,3836700.0,3836700.0,0.0,2018-07-09,2018-12-28,2018.0,12.0,172.0,17197.220977140296
Alegra Towers,Juriquilla Santa Fe,132.2,144.1,0.0,11.9,0.0,Vertical,3850000.0,3670590.0,4.66,2016-07-04,2018-12-14,2018.0,12.0,893.0,27765.431164901667
Alegra Towers,Juriquilla Santa Fe,172.4,189.3,0.0,16.9,0.0,Vertical,4320200.0,4212195.0,2.5,2016-07-04,2019-01-11,2019.0,1.0,921.0,24432.685614849186
El Motivo,Zakia,156.8,222.3,65.5,0.0,2.0,Horizontal,2336543.42,2352193.42,0.0,2017-08-01,2018-12-31,2018.0,12.0,517.0,15001.233545918365
Amara Grand,Altos Juriquilla,223.1,258.6,35.5,0.0,2.0,Horizontal,3836700.0,3836700.0,0.0,2018-07-09,2019-02-04,2019.0,2.0,210.0,17197.220977140296
Armonía,Zakia,180.0,200.4,20.4,0.0,0.0,Horizontal,2713512.46,2686377.34,1.0,2019-01-17,2019-01-30,2019.0,1.0,13.0,14924.318555555556
Amara Grand,Altos Juriquilla,179.5,206.5,27.0,0.0,2.0,Horizontal,2950860.78,2950860.78,0.0,2018-07-09,2019-01-29,2019.0,1.0,204.0,16439.335821727018
Amara Grand,Altos Juriquilla,222.0,283.0,61.0,0.0,2.0,Horizontal,3495870.0,3443431.95,1.5,2018-07-09,2019-01-25,2019.0,1.0,200.0,15510.95472972973
Alegra Towers,Juriquilla Santa Fe,172.4,189.3,0.0,16.9,0.0,Vertical,4264783.87,4136840.35,3.0,2016-07-04,2019-01-26,2019.0,1.0,936.0,23995.5936774942
Ambrosía,Lomas de Juriquilla,207.2,248.1,40.9,0.0,2.0,Horizontal,3285746.51,3285746.51,0.0,2017-01-09,2019-02-09,2019.0,2.0,761.0,15857.849951737451
Esencia,Zakia,180.6,216.6,36.0,0.0,2.0,Horizontal,2696079.94,2696079.94,0.0,2017-03-02,2019-01-31,2019.0,1.0,700.0,14928.460354374309
Paseo Miró C,Zibatá,160.6,187.7,27.1,0.0,2.0,Horizontal,2360062.35,2360062.35,0.0,2018-04-24,2019-02-08,2019.0,2.0,290.0,14695.282378580325
Amara,Altos Juriquilla,141.9,249.5,107.6,0.0,2.0,Horizontal,2622818.49,2622818.49,0.0,2017-10-26,2019-02-12,2019.0,2.0,474.0,18483.56934460888
Paseo Miró C,Zibatá,184.5,224.3,39.8,0.0,2.0,Horizontal,2680178.88,2631131.61,1.83,2018-04-24,2019-01-30,2019.0,1.0,281.0,14260.87593495935
Paseo Monet,Zibatá,205.1,254.3,49.2,0.0,2.0,Horizontal,3180642.22,3132932.59,1.5,2017-06-02,2019-01-30,2019.0,1.0,607.0,15275.146708922477
Amara,Altos Juriquilla,143.2,166.7,23.5,0.0,2.0,Horizontal,2626197.61,2560542.67,2.5,2017-10-26,2019-02-07,2019.0,2.0,469.0,17880.884567039106
Armonía,Zakia,165.3,185.2,19.9,0.0,0.0,Horizontal,2544662.2,2544662.2,0.0,2019-01-17,2019-01-29,2019.0,1.0,12.0,15394.205686630368
Ambrosía,Lomas de Juriquilla,175.4,175.4,0.0,0.0,2.0,Horizontal,2758857.83,2662297.81,3.5,2017-01-09,2019-02-14,2019.0,2.0,766.0,15178.43677309008
Paseo Monet,Zibatá,205.1,235.8,30.7,0.0,2.0,Horizontal,3180642.22,3148835.8,1.0,2017-06-02,2019-02-09,2019.0,2.0,617.0,15352.685519258897
Amara,Altos Juriquilla,158.0,199.0,41.0,0.0,2.0,Horizontal,2955750.25,2837520.24,4.0,2017-10-26,2019-02-07,2019.0,2.0,469.0,17958.988860759495
Amara,Altos Juriquilla,145.6,188.07,23.3,19.17,2.0,Horizontal,2416234.71,2416234.71,0.0,2017-10-26,2019-02-11,2019.0,2.0,473.0,16595.018612637363
Armonía,Zakia,165.3,225.3,60.0,0.0,2.0,Horizontal,2721597.86,2727781.88,1.0,2019-01-17,2019-02-16,2019.0,2.0,30.0,16502.00774349667
Armonía,Zakia,165.3,185.2,19.9,0.0,2.0,Horizontal,2599197.86,2573205.88,1.0,2019-01-17,2019-02-26,2019.0,2.0,40.0,15566.883726557771
Alegra Towers,Juriquilla Santa Fe,97.7,105.6,0.0,7.9,2.0,Vertical,3337334.13,3272283.25,0.0,2018-08-29,2019-01-28,2019.0,1.0,152.0,33493.17553735926
Amara,Altos Juriquilla,165.3,193.0,27.7,0.0,2.0,Horizontal,2850953.0,2853729.18,0.0,2017-10-26,2019-02-09,2019.0,2.0,471.0,17263.93938294011
Alegra Towers,Juriquilla Santa Fe,97.7,105.6,0.0,7.9,2.0,Vertical,3362334.13,3296773.25,0.0,2018-08-29,2019-01-28,2019.0,1.0,152.0,33743.84083930399
Amara,Altos Juriquilla,121.2,166.5,45.3,0.0,2.0,Horizontal,2274572.37,2229080.92,2.0,2017-10-26,2019-02-09,2019.0,2.0,471.0,18391.756765676568
Paseo Miró C,Zibatá,184.5,224.3,39.8,0.0,2.0,Horizontal,2747000.0,2779100.0,0.0,2018-04-24,2019-02-23,2019.0,2.0,305.0,15062.872628726287
Paseo Miró C,Zibatá,128.7,144.5,15.8,0.0,2.0,Horizontal,2084594.37,2084594.37,0.0,2018-04-24,2019-02-08,2019.0,2.0,290.0,16197.314452214454
El Motivo,Zakia,115.2,194.4,79.2,0.0,2.0,Horizontal,2186033.33,2164168.1,1.0,2017-08-01,2019-02-12,2019.0,2.0,560.0,18786.181423611113
Paseo Monet,Zibatá,240.2,290.0,49.8,0.0,2.0,Horizontal,3286014.45,3236724.23,1.5,2017-06-02,2018-12-22,2018.0,12.0,568.0,13475.121690258118
Amara,Altos Juriquilla,130.4,170.7,40.3,0.0,2.0,Horizontal,2414976.36,2414976.36,0.0,2017-10-26,2019-01-03,2019.0,1.0,434.0,18519.757361963188
Esencia,Zakia,143.2,174.3,31.1,0.0,2.0,Horizontal,2184792.9,2152021.01,1.5,2017-03-02,2018-12-28,2018.0,12.0,666.0,15028.07967877095
Amara Grand,Altos Juriquilla,222.0,283.0,61.0,0.0,2.0,Horizontal,3506968.0,3506968.0,0.0,2018-07-09,2019-01-31,2019.0,1.0,206.0,15797.153153153153
Paseo Miró C,Zibatá,160.6,187.7,27.1,0.0,2.0,Horizontal,2360062.35,2324661.41,1.5,2018-04-24,2018-12-31,2018.0,12.0,251.0,14474.853113325033
Amara,Altos Juriquilla,128.2,160.64,18.6,13.84,2.0,Horizontal,2248104.1,2271804.1,0.0,2017-10-26,2019-01-04,2019.0,1.0,435.0,17720.780811232453
Amara,Altos Juriquilla,145.6,188.07,23.3,19.17,2.0,Horizontal,2511915.96,2499356.38,0.5,2017-10-26,2019-01-18,2019.0,1.0,449.0,17165.909203296702
Alegra Towers,Juriquilla Santa Fe,97.6,106.0,0.0,8.4,0.0,Vertical,3152500.0,3152500.0,0.0,2016-07-04,2019-01-31,2019.0,1.0,941.0,32300.20491803279
Amara,Altos Juriquilla,121.2,154.6,33.4,0.0,2.0,Horizontal,2273346.93,2273346.93,0.0,2017-10-26,2019-01-15,2019.0,1.0,446.0,18756.98787128713
Amara Grand,Altos Juriquilla,222.0,283.0,61.0,0.0,2.0,Horizontal,3548308.05,3548308.05,0.0,2018-07-09,2019-01-12,2019.0,1.0,187.0,15983.369594594593
Amara,Altos Juriquilla,145.6,188.07,23.3,19.17,2.0,Horizontal,2511915.96,2511915.96,0.0,2017-10-26,,,,,17252.170054945054
Amara,Altos Juriquilla,145.6,188.07,23.3,19.17,2.0,Horizontal,2380526.81,2370806.12,0.4,2017-10-26,2019-01-10,2019.0,1.0,441.0,16283.009065934068
Paseo Miró C,Zibatá,145.6,172.7,27.1,0.0,2.0,Horizontal,2406357.17,2389512.67,0.7,2018-04-24,2019-01-05,2019.0,1.0,256.0,16411.488118131867
Paseo Monet,Zibatá,205.1,254.3,49.2,0.0,2.0,Horizontal,3118276.0,3118276.0,0.0,2017-06-02,2019-01-18,2019.0,1.0,595.0,15203.68600682594
Ambrosía,Lomas de Juriquilla,190.1,219.5,29.4,0.0,2.0,Horizontal,3106475.1,3106475.1,0.0,2017-01-09,2019-01-31,2019.0,1.0,752.0,16341.26827985271
Amara Grand,Altos Juriquilla,222.0,287.5,65.5,0.0,2.0,Horizontal,3795687.93,3795687.93,0.0,2018-07-09,2019-01-30,2019.0,1.0,205.0,17097.69337837838
Amara,Altos Juriquilla,192.1,276.6,15.0,69.5,2.0,Horizontal,3056498.42,3056498.42,0.0,2017-10-26,2019-02-13,2019.0,2.0,475.0,15910.975637688704
Armonía,Zakia,165.3,185.7,20.4,0.0,0.0,Horizontal,2547662.2,2584085.58,1.0,2019-01-17,2019-01-27,2019.0,1.0,10.0,15632.701633393828
Armonía,Zakia,151.1,188.2,37.1,0.0,0.0,Horizontal,2424585.3,2400339.45,1.0,2019-01-17,2019-01-26,2019.0,1.0,9.0,15885.767372600929
El Motivo,Zakia,155.3,162.3,0.0,7.0,2.0,Horizontal,2011154.75,1990675.88,2.5,2017-08-01,2019-02-28,2019.0,2.0,576.0,12818.260656793302
Ambrosía,Lomas de Juriquilla,190.1,219.5,29.4,0.0,2.0,Horizontal,3199669.36,3183671.01,0.5,2017-01-09,2019-02-21,2019.0,2.0,773.0,16747.348816412414
Amara,Altos Juriquilla,177.6,206.1,28.5,0.0,2.0,Horizontal,3051041.7,3079491.7,0.0,2019-02-12,2019-02-14,2019.0,2.0,2.0,17339.480292792796
Esencia,Zakia,180.6,213.6,33.0,0.0,2.0,Horizontal,2645358.7,2645358.7,0.0,2017-03-02,2019-02-23,2019.0,2.0,723.0,14647.61184939092
Amara Grand,Altos Juriquilla,179.5,207.8,28.3,0.0,2.0,Horizontal,3331837.68,3331837.68,0.0,2018-07-09,2019-02-18,2019.0,2.0,224.0,18561.76980501393
El Motivo,Zakia,156.8,225.3,68.5,0.0,2.0,Horizontal,2389111.96,2389111.96,0.0,2017-08-01,2019-03-01,2019.0,3.0,577.0,15236.683418367345
Paseo Monet,Zibatá,205.1,235.8,30.7,0.0,2.0,Horizontal,2517627.0,2576677.0,0.0,2017-06-02,2019-02-28,2019.0,2.0,636.0,12563.027791321307
Paseo Monet,Zibatá,192.5,246.9,54.4,0.0,2.0,Horizontal,3001226.88,2940640.07,3.0,2017-06-02,2019-02-23,2019.0,2.0,631.0,15276.05231168831
Paseo Miró C,Zibatá,160.6,187.7,27.1,0.0,2.0,Horizontal,2429063.91,2429063.91,0.0,2018-04-24,2019-02-23,2019.0,2.0,305.0,15124.930946450811
Amara Grand,Altos Juriquilla,222.0,283.0,61.0,0.0,2.0,Horizontal,3548308.05,3553108.05,0.0,2018-07-09,2019-02-21,2019.0,2.0,227.0,16004.991216216215
Esencia,Zakia,121.5,161.6,40.1,0.0,2.0,Horizontal,2012287.47,2012287.47,0.0,2017-03-02,2019-02-28,2019.0,2.0,728.0,16562.036790123457
Amara Grand,Altos Juriquilla,222.0,283.0,61.0,0.0,2.0,Horizontal,3548308.05,3548308.05,0.0,2018-07-09,2019-02-25,2019.0,2.0,231.0,15983.369594594593
Esencia,Zakia,180.6,213.5,32.9,0.0,2.0,Horizontal,2645358.7,2650558.7,0.0,2017-03-02,2019-03-06,2019.0,3.0,734.0,14676.404761904763
Paseo Miró C,Zibatá,160.6,187.7,27.1,0.0,2.0,Horizontal,2432634.91,2432634.91,0.0,2018-04-24,2019-02-28,2019.0,2.0,310.0,15147.166313823165
Esencia,Zakia,194.0,332.3,138.3,0.0,2.0,Horizontal,2799000.0,2729025.0,2.5,2017-03-02,2019-03-08,2019.0,3.0,736.0,14067.139175257733
Alegra Towers,Juriquilla Santa Fe,173.7,190.34,0.0,16.64,2.0,Vertical,5231333.0,5139382.73,0.0,2018-08-29,2019-02-11,2019.0,2.0,166.0,29587.69562464019
Paseo Monet,Zibatá,240.2,290.0,49.8,0.0,2.0,Horizontal,3428234.74,3340796.52,3.5,2017-06-02,2019-03-05,2019.0,3.0,641.0,13908.395170691092
Amara Grand,Altos Juriquilla,222.0,287.5,65.5,0.0,2.0,Horizontal,3795687.93,3795687.93,0.0,2018-07-09,2019-02-27,2019.0,2.0,233.0,17097.69337837838
Alegra Towers,Juriquilla Santa Fe,172.4,189.3,0.0,16.9,0.0,Vertical,4307431.71,3990000.08,7.3,2016-07-04,2019-03-11,2019.0,3.0,980.0,23143.851972157772
Alegra Towers,Juriquilla Santa Fe,173.6,190.24,0.0,16.64,2.0,Vertical,5461237.0,5461237.0,0.0,2018-08-29,2019-02-11,2019.0,2.0,166.0,31458.738479262673
Esencia,Zakia,180.6,209.7,29.1,0.0,2.0,Horizontal,2640912.97,2640912.97,0.0,2017-03-02,2019-03-02,2019.0,3.0,730.0,14622.995404208197
Paseo Miró C,Zibatá,142.5,158.3,15.8,0.0,2.0,Horizontal,2276645.0,2276645.0,0.0,2018-04-24,2019-03-13,2019.0,3.0,323.0,15976.456140350878
Paseo Miró C,Zibatá,165.7,194.0,28.3,0.0,2.0,Horizontal,2475992.63,2493740.63,0.0,2018-04-24,2019-03-07,2019.0,3.0,317.0,15049.732226916114
Paseo Miró C,Zibatá,160.6,187.7,27.1,0.0,2.0,Horizontal,2419063.91,2419063.91,0.0,2018-04-24,2019-03-30,2019.0,3.0,340.0,15062.664445828146
Esencia,Zakia,156.6,178.1,21.5,0.0,2.0,Horizontal,2347231.43,2380281.43,0.0,2017-03-02,2019-03-13,2019.0,3.0,741.0,15199.753703703705
Armonía,Zakia,165.3,188.6,23.3,0.0,2.0,Horizontal,2588486.7,2621886.7,0.0,2019-01-17,2019-03-23,2019.0,3.0,65.0,15861.38354506957
Armonía,Zakia,165.3,189.3,24.0,0.0,0.0,Horizontal,2546662.2,2546662.2,0.0,2019-01-17,2019-03-23,2019.0,3.0,65.0,15406.304900181489
Esencia,Zakia,180.6,209.7,29.1,0.0,2.0,Horizontal,2640912.97,2640912.97,0.0,2017-03-02,2019-03-26,2019.0,3.0,754.0,14622.995404208197
Amara,Altos Juriquilla,160.6,188.1,23.3,4.2,2.0,Horizontal,2613825.71,2613825.71,0.0,2017-10-26,2019-03-23,2019.0,3.0,513.0,16275.37801992528
Amara,Altos Juriquilla,143.2,199.6,56.4,0.0,2.0,Horizontal,2719875.94,2722925.94,0.0,2017-10-26,2019-03-12,2019.0,3.0,502.0,19014.84594972067
Ambrosía,Lomas de Juriquilla,176.9,218.5,41.6,0.0,2.0,Horizontal,3067741.08,3067741.08,0.0,2017-01-09,2019-03-07,2019.0,3.0,787.0,17341.66806105144
Amara,Altos Juriquilla,192.1,276.6,15.0,69.5,2.0,Horizontal,3102345.9,3102345.9,0.0,2017-10-26,2019-03-11,2019.0,3.0,501.0,16149.640291514836
Amara Grand,Altos Juriquilla,222.0,283.0,61.0,0.0,2.0,Horizontal,3548308.05,3494431.34,0.0,2018-07-09,2019-03-23,2019.0,3.0,257.0,15740.681711711712
El Motivo,Zakia,148.7,196.7,0.0,48.0,2.0,Horizontal,2057774.16,1996040.94,3.0,2017-08-01,2019-03-26,2019.0,3.0,602.0,13423.274646940148
Alegra Towers,Juriquilla Santa Fe,132.2,144.1,0.0,11.9,0.0,Vertical,4474954.5,4300000.0,0.0,2016-07-04,2019-03-13,2019.0,3.0,982.0,32526.475037821485
El Motivo,Zakia,146.7,214.7,0.0,68.0,2.0,Horizontal,2122974.82,2069900.45,2.5,2017-08-01,2019-03-21,2019.0,3.0,597.0,14109.750852079074
Armonía,Zakia,180.0,201.8,21.8,0.0,0.0,Horizontal,2780083.46,2780083.46,0.0,2019-01-17,2019-03-29,2019.0,3.0,71.0,15444.908111111112
Paseo Miró C,Zibatá,184.5,292.5,108.0,0.0,2.0,Horizontal,3019259.75,3039159.75,0.0,2018-04-24,2019-03-21,2019.0,3.0,331.0,16472.41056910569
Armonía,Zakia,165.3,225.3,60.0,0.0,2.0,Horizontal,2721597.86,2754997.86,0.0,2019-01-17,2019-03-28,2019.0,3.0,70.0,16666.653720508166
Amara,Altos Juriquilla,121.2,154.6,33.4,0.0,2.0,Horizontal,2273346.93,2273346.93,0.0,2017-10-26,2019-03-23,2019.0,3.0,513.0,18756.98787128713
Amara Grand,Altos Juriquilla,223.1,250.4,27.3,0.0,2.0,Horizontal,3797236.07,3797236.07,0.0,2018-07-09,2019-03-28,2019.0,3.0,262.0,17020.332003585834
Esencia,Zakia,143.2,174.3,31.1,0.0,2.0,Horizontal,2228488.76,2195061.43,1.5,2017-03-02,2019-03-31,2019.0,3.0,759.0,15328.641270949724
Armonía,Zakia,165.3,201.9,36.6,0.0,0.0,Horizontal,2624579.82,2624579.82,0.0,2019-01-17,2019-03-23,2019.0,3.0,65.0,15877.675862068963
Armonía,Zakia,165.3,196.2,30.9,0.0,2.0,Horizontal,2635528.52,2636456.52,0.0,2019-01-17,2019-03-23,2019.0,3.0,65.0,15949.525226860253
Armonía,Zakia,121.5,150.0,28.5,0.0,2.0,Horizontal,2107527.36,2107527.36,0.0,2019-01-17,2019-03-23,2019.0,3.0,65.0,17345.904197530865
El Motivo,Zakia,156.8,224.3,67.5,0.0,2.0,Horizontal,2389111.96,2389111.96,0.0,2017-08-01,2019-03-29,2019.0,3.0,605.0,15236.683418367345
Amara,Altos Juriquilla,121.2,154.6,33.4,0.0,2.0,Horizontal,2273346.93,2277746.93,0.0,2017-10-26,2019-03-30,2019.0,3.0,520.0,18793.291501650165
Esencia,Zakia,143.2,175.6,32.4,0.0,2.0,Horizontal,2300000.0,2300000.0,0.0,2017-03-02,2019-03-31,2019.0,3.0,759.0,16061.452513966482
Amara,Altos Juriquilla,121.2,154.6,33.4,0.0,2.0,Horizontal,2273346.93,2233563.36,1.75,2017-10-26,2019-03-31,2019.0,3.0,521.0,18428.740594059404
Amara,Altos Juriquilla,143.2,173.2,30.0,0.0,2.0,Horizontal,2705780.71,2644900.64,2.25,2017-10-26,2019-03-31,2019.0,3.0,521.0,18469.97653631285
Armonía,Zakia,151.1,178.8,27.7,0.0,0.0,Horizontal,2418231.15,2445181.15,0.0,2019-01-17,2019-03-30,2019.0,3.0,72.0,16182.535737921906
Armonía,Zakia,121.5,147.9,26.4,0.0,0.0,Horizontal,2042983.46,2042983.46,0.0,2019-01-17,2019-03-31,2019.0,3.0,73.0,16814.67868312757
Ambrosía,Lomas de Juriquilla,190.1,219.5,29.4,0.0,2.0,Horizontal,3168604.61,3168604.61,0.0,2017-01-09,2019-04-15,2019.0,4.0,826.0,16668.093687532877
Paseo Miró C,Zibatá,184.5,224.3,39.8,0.0,2.0,Horizontal,2742041.85,2774141.85,0.0,2018-04-24,2019-03-29,2019.0,3.0,339.0,15035.99918699187
Ambrosía,Lomas de Juriquilla,176.9,218.5,41.6,0.0,2.0,Horizontal,2992405.0,3020255.0,0.0,2017-01-09,2019-04-25,2019.0,4.0,836.0,17073.233465234596
Amara,Altos Juriquilla,146.0,152.91,0.0,6.91,2.0,Horizontal,2255242.26,2210137.41,2.0,2017-10-26,2019-04-25,2019.0,4.0,546.0,15137.927465753426
Esencia,Zakia,143.2,174.3,31.1,0.0,2.0,Horizontal,2228488.76,2228488.76,0.0,2017-03-02,2019-04-08,2019.0,4.0,767.0,15562.072346368715
Esencia,Zakia,121.5,156.3,34.8,0.0,2.0,Horizontal,1997471.4,1937547.26,3.0,2017-03-02,2019-03-31,2019.0,3.0,759.0,15946.891028806584
Esencia,Zakia,180.6,209.7,29.1,0.0,2.0,Horizontal,2640912.97,2640912.97,0.0,2017-03-02,2019-03-31,2019.0,3.0,759.0,14622.995404208197
Amara Grand,Altos Juriquilla,179.5,207.8,28.3,0.0,2.0,Horizontal,3157598.7,3000981.8,4.96,2018-07-09,2019-04-05,2019.0,4.0,270.0,16718.561559888578
Amara Grand,Altos Juriquilla,179.5,207.8,28.3,0.0,2.0,Horizontal,3157598.7,3000981.0,1.0,2018-07-09,2019-04-05,2019.0,4.0,270.0,16718.557103064068
Dos Caprichos,nan,205.0,297.0,92.0,0.0,0.0,nan,2164209.53,2164209.53,0.0,2013-01-16,2012-10-15,2012.0,10.0,-93.0,10557.119658536585
El Canto,nan,156.0,156.0,0.0,0.0,0.0,nan,1499944.0,1499944.0,0.0,2013-01-16,2012-10-04,2012.0,10.0,-104.0,9615.02564102564
El Canto,nan,146.0,146.0,0.0,0.0,0.0,nan,1347265.0,1347265.0,0.0,2013-01-16,2012-10-11,2012.0,10.0,-97.0,9227.842465753425
Dos Deseos,nan,108.0,196.0,88.0,0.0,0.0,nan,1145341.55,1145341.55,0.0,2013-01-16,2012-09-26,2012.0,9.0,-112.0,10605.014351851853
El Canto,nan,156.0,156.0,0.0,0.0,0.0,nan,1477444.84,1477444.84,0.0,2013-01-16,2012-10-03,2012.0,10.0,-105.0,9470.800256410257
Destino,nan,179.0,221.0,42.0,0.0,0.0,nan,1853774.42,1853774.42,0.0,2013-01-16,2012-10-10,2012.0,10.0,-98.0,10356.281675977652
El Canto,nan,156.0,156.0,0.0,0.0,0.0,nan,1456256.0,1456256.0,0.0,2013-01-16,2012-09-19,2012.0,9.0,-119.0,9334.97435897436
El Canto,nan,156.0,156.0,0.0,0.0,0.0,nan,1499944.0,1499944.0,0.0,2013-01-16,2012-10-11,2012.0,10.0,-97.0,9615.02564102564
Destino,nan,179.0,261.0,82.0,0.0,0.0,nan,1923644.09,1923644.09,0.0,2013-01-16,2012-11-01,2012.0,11.0,-76.0,10746.615027932961
El Canto,nan,207.0,242.7,35.7,0.0,0.0,nan,2236051.0,2236051.0,0.0,2013-01-16,2012-10-24,2012.0,10.0,-84.0,10802.178743961353
El Canto,nan,146.0,146.0,0.0,0.0,0.0,nan,1386336.0,1386336.0,0.0,2013-01-16,2012-10-11,2012.0,10.0,-97.0,9495.452054794521
El Canto,nan,131.0,177.1,46.1,0.0,0.0,nan,1499086.0,1499086.0,0.0,2013-01-16,2012-09-19,2012.0,9.0,-119.0,11443.404580152672
Dos Caprichos,nan,222.0,288.0,66.0,0.0,0.0,nan,2193811.2,2193811.2,0.0,2013-01-16,2012-08-22,2012.0,8.0,-147.0,9882.032432432434
Dos Caprichos,nan,205.0,282.0,77.0,0.0,0.0,nan,2292431.16,2292431.16,0.0,2013-01-16,2012-10-17,2012.0,10.0,-91.0,11182.591024390245
Dos Caprichos,nan,205.0,247.0,42.0,0.0,0.0,nan,2109777.07,2109777.07,0.0,2013-01-16,2012-09-26,2012.0,9.0,-112.0,10291.595463414633
Dos Deseos,nan,148.0,148.0,0.0,0.0,0.0,nan,1364021.98,1364021.98,0.0,2013-01-16,2012-11-07,2012.0,11.0,-70.0,9216.36472972973
Destino,nan,179.0,211.0,32.0,0.0,0.0,nan,1899505.87,1899505.87,0.0,2013-01-16,2012-11-07,2012.0,11.0,-70.0,10611.764636871509
Dos Caprichos,nan,170.0,203.0,33.0,0.0,0.0,nan,1939463.0,1939463.0,0.0,2013-01-16,2012-10-24,2012.0,10.0,-84.0,11408.605882352942
Destino,nan,179.0,238.0,59.0,0.0,0.0,nan,1961860.39,1961860.39,0.0,2013-01-16,2012-11-28,2012.0,11.0,-49.0,10960.113910614524
Capricho Qro.,nan,217.0,295.0,78.0,0.0,0.0,nan,2595000.0,2595000.0,0.0,2013-01-16,2012-12-06,2012.0,12.0,-41.0,11958.52534562212
Capricho Qro.,nan,205.0,236.0,31.0,0.0,0.0,nan,2286468.0,2286468.0,0.0,2013-01-16,2013-01-23,2013.0,1.0,7.0,11153.50243902439
Dos Deseos,nan,148.0,148.0,0.0,0.0,0.0,nan,1364021.98,1364021.98,0.0,2013-01-16,2012-11-28,2012.0,11.0,-49.0,9216.36472972973
Capricho Qro.,nan,205.0,236.0,31.0,0.0,0.0,nan,2286468.0,2286468.0,0.0,2013-01-16,2012-12-13,2012.0,12.0,-34.0,11153.50243902439
Dos Deseos,nan,116.0,209.0,93.0,0.0,0.0,nan,1291266.0,1291266.0,0.0,2013-01-16,2012-12-13,2012.0,12.0,-34.0,11131.603448275862
Capricho Qro.,nan,205.0,236.0,31.0,0.0,0.0,nan,2332645.0,2332645.0,0.0,2013-01-16,2012-12-19,2012.0,12.0,-28.0,11378.756097560976
Destino,nan,179.0,209.0,30.0,0.0,0.0,nan,1837911.92,1837911.92,0.0,2013-01-16,2012-08-30,2012.0,8.0,-139.0,10267.664357541898
Dos Deseos,nan,116.0,209.0,93.0,0.0,0.0,nan,1291266.0,1291266.0,0.0,2013-01-16,2012-12-20,2012.0,12.0,-27.0,11131.603448275862
Capricho Qro.,nan,170.0,204.52,34.52,0.0,0.0,nan,1936562.0,1936562.0,0.0,2013-01-16,2012-12-05,2012.0,12.0,-42.0,11391.541176470588
Capricho Qro.,nan,217.0,281.86,64.86,0.0,0.0,nan,2548103.76,2548103.76,0.0,2013-01-16,2013-01-28,2013.0,1.0,12.0,11742.413640552993
Capricho Qro.,nan,217.0,281.9,64.9,0.0,0.0,nan,2461936.0,2461936.0,0.0,2013-01-16,2012-12-13,2012.0,12.0,-34.0,11345.327188940093
Dos Caprichos,nan,205.0,282.0,77.0,0.0,0.0,nan,2357628.0,2357628.0,0.0,2013-01-16,2012-11-28,2012.0,11.0,-49.0,11500.624390243902
Capricho Qro.,nan,205.0,236.0,31.0,0.0,0.0,nan,2389856.76,2389856.76,0.0,2013-01-16,2013-01-21,2013.0,1.0,5.0,11657.837853658535
Capricho Qro.,nan,217.0,281.9,64.9,0.0,0.0,nan,2598736.0,2598736.0,0.0,2013-01-16,2013-05-11,2013.0,5.0,115.0,11975.741935483871
Destino,nan,179.0,238.0,59.0,0.0,0.0,nan,1978528.0,1978528.0,0.0,2013-01-16,2012-12-21,2012.0,12.0,-26.0,11053.22905027933
El Canto,nan,146.0,146.0,0.0,0.0,0.0,nan,1386336.0,1386336.0,0.0,2013-01-16,2012-12-07,2012.0,12.0,-40.0,9495.452054794521
Dos Caprichos,nan,170.0,203.0,33.0,0.0,0.0,nan,2005771.0,2005771.0,0.0,2013-01-16,2012-10-10,2012.0,10.0,-98.0,11798.652941176471
Destino,nan,179.0,209.0,30.0,0.0,0.0,nan,1674566.4,1674566.4,0.0,2013-01-16,2012-07-04,2012.0,7.0,-196.0,9355.119553072625
El Canto,nan,146.0,146.0,0.0,0.0,0.0,nan,1488128.0,1488128.0,0.0,2013-01-16,2012-07-26,2012.0,7.0,-174.0,10192.657534246575
Dos Deseos,nan,116.0,209.0,93.0,0.0,0.0,nan,1288856.91,1288856.91,0.0,2013-01-16,2012-08-01,2012.0,8.0,-168.0,11110.835431034482
Nvo Capricho,nan,205.0,236.0,31.0,0.0,0.0,nan,2192000.0,2192000.0,0.0,2013-01-16,2012-06-28,2012.0,6.0,-202.0,10692.682926829268
El Canto,nan,131.0,177.11,46.11,0.0,0.0,nan,1455423.0,1455423.0,0.0,2013-01-16,2012-07-19,2012.0,7.0,-181.0,11110.099236641221
Dos Caprichos,nan,205.0,247.0,42.0,0.0,0.0,nan,2109777.08,2109777.08,0.0,2013-01-16,2012-10-24,2012.0,10.0,-84.0,10291.595512195123
Dos Deseos,nan,108.0,195.0,87.0,0.0,0.0,nan,1135799.23,1135799.23,0.0,2013-01-16,2012-10-24,2012.0,10.0,-84.0,10516.659537037036
Dos Caprichos,nan,205.0,281.0,76.0,0.0,0.0,nan,2237402.0,2237402.0,0.0,2013-01-16,2012-05-24,2012.0,5.0,-237.0,10914.156097560975
Dos Caprichos,nan,222.0,279.0,57.0,0.0,0.0,nan,2109728.0,2109728.0,0.0,2013-01-16,2012-05-31,2012.0,5.0,-230.0,9503.279279279279
Dos Deseos,nan,108.0,196.0,88.0,0.0,0.0,nan,2348906.0,2348906.0,0.0,2013-01-16,2012-08-22,2012.0,8.0,-147.0,21749.12962962963
El Canto,nan,131.0,177.11,46.11,0.0,0.0,nan,1455423.0,1455423.0,0.0,2013-01-16,2012-07-18,2012.0,7.0,-182.0,11110.099236641221
Dos Caprichos,nan,205.0,247.0,42.0,0.0,0.0,nan,2067581.54,2067581.54,0.0,2013-01-16,2012-07-13,2012.0,7.0,-187.0,10085.763609756097
Dos Caprichos,nan,222.0,279.0,57.0,0.0,0.0,nan,2182457.2,2182457.2,0.0,2013-01-16,2012-06-29,2012.0,6.0,-201.0,9830.88828828829
El Canto,nan,146.0,146.0,0.0,0.0,0.0,nan,1386336.0,1386336.0,0.0,2013-01-16,2012-10-11,2012.0,10.0,-97.0,9495.452054794521
El Canto,nan,131.0,177.11,46.11,0.0,0.0,nan,1499077.36,1499077.36,0.0,2013-01-16,2012-09-26,2012.0,9.0,-112.0,11443.338625954199
Destino,nan,179.0,209.0,30.0,0.0,0.0,nan,1736005.68,1736005.68,0.0,2013-01-16,2012-09-26,2012.0,9.0,-112.0,9698.355754189944
Dos Caprichos,nan,222.0,288.0,66.0,0.0,0.0,nan,2194581.2,2194581.2,0.0,2013-01-16,2012-10-04,2012.0,10.0,-104.0,9885.5009009009
Destino,nan,179.0,212.0,33.0,0.0,0.0,nan,1805563.83,1805563.83,0.0,2013-01-16,2012-09-28,2012.0,9.0,-110.0,10086.94877094972
Dos Caprichos,nan,205.0,282.0,77.0,0.0,0.0,nan,2348159.48,2348159.48,0.0,2013-01-16,2012-09-13,2012.0,9.0,-125.0,11454.436487804878
El Canto,nan,146.0,146.0,0.0,0.0,0.0,nan,1347265.0,1347265.0,0.0,2013-01-16,2012-10-05,2012.0,10.0,-103.0,9227.842465753425
El Canto,nan,146.0,146.0,0.0,0.0,0.0,nan,1386336.0,1386336.0,0.0,2013-01-16,2012-10-04,2012.0,10.0,-104.0,9495.452054794521
Destino,nan,179.0,219.0,40.0,0.0,0.0,nan,1772290.27,1772290.27,0.0,2013-01-16,2012-10-11,2012.0,10.0,-97.0,9901.062960893854
Destino,nan,179.0,203.0,24.0,0.0,0.0,nan,1811889.18,1811889.18,0.0,2013-01-16,2012-11-07,2012.0,11.0,-70.0,10122.285921787709
El Respiro,nan,130.5,179.7,49.2,0.0,0.0,nan,1549625.0,1549625.0,0.0,2013-03-21,2013-02-28,2013.0,2.0,-21.0,11874.521072796935
Dos Deseos,nan,108.0,235.0,127.0,0.0,0.0,nan,1177894.36,1177894.36,0.0,2013-01-16,2012-08-01,2012.0,8.0,-168.0,10906.429259259261
Dos Deseos,nan,108.0,249.0,141.0,0.0,0.0,nan,1184378.75,1184378.75,0.0,2013-01-16,2012-08-23,2012.0,8.0,-146.0,10966.469907407407
Dos Caprichos,nan,205.0,247.0,42.0,0.0,0.0,nan,2067581.54,2067581.54,0.0,2013-01-16,2012-10-10,2012.0,10.0,-98.0,10085.763609756097
Dos Caprichos,nan,205.0,236.0,31.0,0.0,0.0,nan,2284613.48,2284613.48,0.0,2013-01-16,2012-10-03,2012.0,10.0,-105.0,11144.456
Capricho Qro.,nan,170.0,204.41,34.41,0.0,0.0,nan,1939563.0,1939563.0,0.0,2013-01-16,2012-12-06,2012.0,12.0,-41.0,11409.19411764706
Capricho Qro.,nan,210.0,259.0,49.0,0.0,0.0,nan,2126726.0,2126726.0,0.0,2013-01-16,2012-12-13,2012.0,12.0,-34.0,10127.266666666666
Capricho Qro.,nan,217.0,281.86,64.86,0.0,0.0,nan,2548103.76,2484401.17,2.5,2013-01-16,2012-12-19,2012.0,12.0,-28.0,11448.853317972349
Dos Deseos,nan,108.0,196.0,88.0,0.0,0.0,nan,1147448.45,1147448.45,0.0,2013-01-16,2013-01-02,2013.0,1.0,-14.0,10624.522685185184
Dos Deseos,nan,116.0,209.0,93.0,0.0,0.0,nan,1197489.63,1197489.63,0.0,2013-01-16,2012-05-09,2012.0,5.0,-252.0,10323.186465517241
Dos Deseos,nan,108.0,196.0,88.0,0.0,0.0,nan,1164922.29,1164922.29,0.0,2013-01-16,2012-11-12,2012.0,11.0,-65.0,10786.317500000001
El Canto,nan,131.0,177.1,46.1,0.0,0.0,nan,1455424.0,1455424.0,0.0,2013-01-16,2012-08-08,2012.0,8.0,-161.0,11110.106870229007
Dos Deseos,nan,140.0,209.0,69.0,0.0,0.0,nan,1421636.0,1421636.0,0.0,2013-01-16,2012-08-09,2012.0,8.0,-160.0,10154.542857142857
Destino,nan,179.0,236.0,57.0,0.0,0.0,nan,1912364.04,1912364.04,0.0,2013-01-16,2012-10-24,2012.0,10.0,-84.0,10683.597988826816
Destino,nan,179.0,209.0,30.0,0.0,0.0,nan,1780441.6,1780441.6,0.0,2013-01-16,2012-08-02,2012.0,8.0,-167.0,9946.601117318436
Destino,nan,179.0,209.0,30.0,0.0,0.0,nan,1852084.58,1852084.58,0.0,2013-01-16,2012-10-10,2012.0,10.0,-98.0,10346.84122905028
Dos Deseos,nan,140.0,209.0,69.0,0.0,0.0,nan,1280830.41,1280830.41,0.0,2013-01-16,2012-01-25,2012.0,1.0,-357.0,9148.788642857142
El Canto,nan,156.0,156.0,0.0,0.0,0.0,nan,1456256.0,1456256.0,0.0,2013-01-16,2012-07-18,2012.0,7.0,-182.0,9334.97435897436
Dos Caprichos,nan,222.0,288.0,66.0,0.0,0.0,nan,2194329.2,2194329.2,0.0,2013-01-16,2012-07-18,2012.0,7.0,-182.0,9884.365765765766
Dos Caprichos,nan,170.0,203.0,33.0,0.0,0.0,nan,1897863.0,1897863.0,0.0,2013-01-16,2012-07-11,2012.0,7.0,-189.0,11163.9
Dos Caprichos,nan,205.0,261.0,56.0,0.0,0.0,nan,2425628.0,2425628.0,0.0,2013-01-16,2012-06-14,2012.0,6.0,-216.0,11832.331707317073
Dos Caprichos,nan,205.0,247.0,42.0,0.0,0.0,nan,2109777.07,2109777.07,0.0,2013-01-16,2012-07-20,2012.0,7.0,-180.0,10291.595463414633
Dos Deseos,nan,140.0,209.0,69.0,0.0,0.0,nan,1323042.34,1323042.34,0.0,2013-01-16,2012-04-02,2012.0,4.0,-289.0,9450.30242857143
Capricho Qro.,nan,223.0,258.0,35.0,0.0,0.0,nan,2194329.0,2194329.0,0.0,2013-01-16,2012-12-13,2012.0,12.0,-34.0,9840.040358744394
Dos Caprichos,nan,222.0,285.0,63.0,0.0,0.0,nan,2197278.2,2197278.2,0.0,2013-01-16,2012-06-20,2012.0,6.0,-210.0,9897.649549549551
Dos Caprichos,nan,170.0,203.0,33.0,0.0,0.0,nan,1909563.0,1909563.0,0.0,2013-01-16,2012-05-02,2012.0,5.0,-259.0,11232.723529411765
Dos Caprichos,nan,222.0,279.0,57.0,0.0,0.0,nan,2109728.0,2109728.0,0.0,2013-01-16,2012-05-24,2012.0,5.0,-237.0,9503.279279279279
Dos Deseos,nan,108.0,196.0,88.0,0.0,0.0,nan,1063372.44,1063372.44,0.0,2013-01-16,2011-09-23,2011.0,9.0,-481.0,9846.04111111111
Dos Caprichos,nan,222.0,280.0,58.0,0.0,0.0,nan,2189458.2,2189458.2,0.0,2013-01-16,2012-06-20,2012.0,6.0,-210.0,9862.424324324325
Destino,nan,179.0,209.0,30.0,0.0,0.0,nan,1717504.0,1717504.0,0.0,2013-01-16,2012-07-04,2012.0,7.0,-196.0,9594.994413407821
Dos Caprichos,nan,205.0,236.0,31.0,0.0,0.0,nan,2174528.0,2174528.0,0.0,2013-01-16,2012-05-25,2012.0,5.0,-236.0,10607.453658536586
Capricho Qro.,nan,217.0,281.9,64.9,0.0,0.0,nan,2464367.0,2464367.0,0.0,2013-01-16,2012-12-06,2012.0,12.0,-41.0,11356.52995391705
Dos Caprichos,nan,222.0,279.0,57.0,0.0,0.0,nan,2109728.0,2109728.0,0.0,2013-01-16,2012-05-25,2012.0,5.0,-236.0,9503.279279279279
Destino,nan,179.0,210.0,31.0,0.0,0.0,nan,1817733.6,1817733.6,0.0,2013-01-16,2012-10-24,2012.0,10.0,-84.0,10154.936312849162
El Canto,nan,131.0,177.1,46.1,0.0,0.0,nan,1499086.0,1499086.0,0.0,2013-01-16,2012-09-26,2012.0,9.0,-112.0,11443.404580152672
Destino,nan,179.0,215.0,36.0,0.0,0.0,nan,1769956.9,1769956.9,0.0,2013-01-16,2012-09-26,2012.0,9.0,-112.0,9888.027374301675
El Canto,nan,146.0,146.0,0.0,0.0,0.0,nan,1340528.67,1340528.67,0.0,2013-01-16,2012-08-15,2012.0,8.0,-154.0,9181.703219178082
Dos Caprichos,nan,205.0,236.0,31.0,0.0,0.0,nan,2284613.48,2284613.48,0.0,2013-01-16,2012-08-09,2012.0,8.0,-160.0,11144.456
El Canto,nan,156.0,156.0,0.0,0.0,0.0,nan,1456256.0,1456256.0,0.0,2013-01-16,2012-08-02,2012.0,8.0,-167.0,9334.97435897436
Dos Caprichos,nan,205.0,282.0,77.0,0.0,0.0,nan,2292437.2,2292437.2,0.0,2013-01-16,2012-06-28,2012.0,6.0,-202.0,11182.62048780488
Nvo Capricho,nan,217.0,303.0,86.0,0.0,0.0,nan,2341743.11,2341743.11,0.0,2013-01-16,,,,,10791.442903225807
El Canto,nan,156.0,156.0,0.0,0.0,0.0,nan,1499944.0,1499944.0,0.0,2013-01-16,2012-10-11,2012.0,10.0,-97.0,9615.02564102564
Dos Caprichos,nan,170.0,203.0,33.0,0.0,0.0,nan,1880919.55,1880919.55,0.0,2013-01-16,2012-05-31,2012.0,5.0,-230.0,11064.232647058823
El Canto,nan,156.0,156.0,0.0,0.0,0.0,nan,1499943.72,1499943.72,0.0,2013-01-16,2012-10-04,2012.0,10.0,-104.0,9615.023846153847
Dos Deseos,nan,140.0,209.0,69.0,0.0,0.0,nan,1391636.0,1391636.0,0.0,2013-01-16,2012-05-30,2012.0,5.0,-231.0,9940.257142857143
El Canto,nan,156.0,156.0,0.0,0.0,0.0,nan,1434412.6,1434412.6,0.0,2013-01-16,2012-07-26,2012.0,7.0,-174.0,9194.952564102565
Dos Deseos,nan,140.0,208.0,68.0,0.0,0.0,nan,1289537.73,1289537.73,0.0,2013-01-16,2012-05-02,2012.0,5.0,-259.0,9210.983785714285
Destino,nan,179.0,206.0,27.0,0.0,0.0,nan,1923274.0,1923274.0,0.0,2013-01-16,2012-12-06,2012.0,12.0,-41.0,10744.54748603352
Nvo Capricho,nan,223.0,309.0,86.0,0.0,0.0,nan,2056984.8,2056984.8,0.0,2013-01-16,2012-02-27,2012.0,2.0,-324.0,9224.147085201794
Nvo Capricho,nan,223.0,309.0,86.0,0.0,0.0,nan,2046436.16,2046436.16,0.0,2013-01-16,2012-02-27,2012.0,2.0,-324.0,9176.843766816142
Dos Deseos,nan,108.0,196.0,88.0,0.0,0.0,nan,1096833.31,1096833.31,0.0,2013-01-16,2012-05-30,2012.0,5.0,-231.0,10155.863981481481
Nvo Capricho,nan,205.0,236.0,31.0,0.0,0.0,nan,2174528.0,2174528.0,0.0,2013-01-16,2012-08-02,2012.0,8.0,-167.0,10607.453658536586
Capricho Qro.,nan,223.0,258.0,35.0,0.0,0.0,nan,2194329.0,2194329.0,0.0,2013-01-16,2012-12-13,2012.0,12.0,-34.0,9840.040358744394
Dos Caprichos,nan,205.0,277.0,72.0,0.0,0.0,nan,2378323.0,2378323.0,0.0,2013-01-16,2012-09-20,2012.0,9.0,-118.0,11601.575609756097
Dos Caprichos,nan,205.0,282.0,77.0,0.0,0.0,nan,2479523.0,2479523.0,0.0,2013-01-16,2012-08-24,2012.0,8.0,-145.0,12095.234146341463
Destino,nan,179.0,206.0,27.0,0.0,0.0,nan,1841574.04,1841574.04,0.0,2013-01-16,2012-08-09,2012.0,8.0,-160.0,10288.123128491621
Dos Deseos,nan,108.0,209.0,101.0,0.0,0.0,nan,1175274.0,1175274.0,0.0,2013-01-16,2012-07-25,2012.0,7.0,-175.0,10882.166666666666
Capricho Qro.,nan,205.0,236.0,31.0,0.0,0.0,nan,2286468.0,2286468.0,0.0,2013-01-16,2013-01-18,2013.0,1.0,2.0,11153.50243902439
Destino,nan,179.0,206.0,27.0,0.0,0.0,nan,1680649.04,1680649.04,0.0,2013-01-16,2012-07-11,2012.0,7.0,-189.0,9389.100782122905
Dos Caprichos,nan,222.0,279.0,57.0,0.0,0.0,nan,2182457.2,2182457.2,0.0,2013-01-16,2012-06-29,2012.0,6.0,-201.0,9830.88828828829
Dos Caprichos,nan,222.0,279.0,57.0,0.0,0.0,nan,2182457.2,2182457.2,0.0,2013-01-16,2012-06-29,2012.0,6.0,-201.0,9830.88828828829
El Canto,nan,156.0,156.0,0.0,0.0,0.0,nan,1456426.0,1456426.0,0.0,2013-01-16,2012-07-18,2012.0,7.0,-182.0,9336.064102564103
Capricho Qro.,nan,217.0,281.9,64.9,0.0,0.0,nan,2551103.76,2551103.76,0.0,2013-01-16,2013-01-30,2013.0,1.0,14.0,11756.238525345621
Dos Caprichos,nan,216.0,283.0,67.0,0.0,0.0,nan,2464900.34,2464900.34,0.0,2013-01-16,2012-07-04,2012.0,7.0,-196.0,11411.575648148148
Dos Caprichos,nan,205.0,236.0,31.0,0.0,0.0,nan,2174528.0,2174528.0,0.0,2013-01-16,2012-05-30,2012.0,5.0,-231.0,10607.453658536586
Destino,nan,179.0,220.0,41.0,0.0,0.0,nan,1969522.76,1969522.76,0.0,2013-01-16,2013-04-01,2013.0,4.0,75.0,11002.920446927374
Dos Deseos,nan,116.0,208.0,92.0,0.0,0.0,nan,1124281.23,1124281.23,0.0,2013-01-16,2012-03-28,2012.0,3.0,-294.0,9692.079568965517
Dos Caprichos,nan,205.0,281.0,76.0,0.0,0.0,nan,2237402.0,2237402.0,0.0,2013-01-16,2012-05-24,2012.0,5.0,-237.0,10914.156097560975
Dos Caprichos,nan,205.0,281.0,76.0,0.0,0.0,nan,2237402.0,2237402.0,0.0,2013-01-16,2012-05-31,2012.0,5.0,-230.0,10914.156097560975
Dos Deseos,nan,108.0,196.0,88.0,0.0,0.0,nan,1150024.63,1150024.63,0.0,2013-01-16,2012-08-30,2012.0,8.0,-139.0,10648.376203703703
Dos Deseos,nan,108.0,196.0,88.0,0.0,0.0,nan,1096833.31,1096833.31,0.0,2013-01-16,2012-05-23,2012.0,5.0,-238.0,10155.863981481481
Dos Deseos,nan,116.0,209.0,93.0,0.0,0.0,nan,1224460.49,1224460.49,0.0,2013-01-16,2012-05-23,2012.0,5.0,-238.0,10555.693879310345
El Canto,nan,131.0,177.11,46.11,0.0,0.0,nan,1455423.0,1455423.0,0.0,2013-01-16,2012-08-08,2012.0,8.0,-161.0,11110.099236641221
Nvo Capricho,nan,223.0,309.0,86.0,0.0,0.0,nan,2197528.36,2197528.36,0.0,2013-01-16,2012-07-12,2012.0,7.0,-188.0,9854.38726457399
El Canto,nan,146.0,146.0,0.0,0.0,0.0,nan,1347265.0,1347265.0,0.0,2013-01-16,2012-07-26,2012.0,7.0,-174.0,9227.842465753425
Dos Deseos,nan,108.0,196.0,88.0,0.0,0.0,nan,1150024.63,1150024.63,0.0,2013-01-16,2012-08-01,2012.0,8.0,-168.0,10648.376203703703
Dos Deseos,nan,108.0,209.0,101.0,0.0,0.0,nan,1115523.9,1115523.9,0.0,2013-01-16,2012-06-06,2012.0,6.0,-224.0,10328.925
Destino,nan,179.0,209.0,30.0,0.0,0.0,nan,1801153.68,1801153.68,0.0,2013-01-16,2012-09-13,2012.0,9.0,-125.0,10062.311061452514
Dos Caprichos,nan,222.0,279.0,57.0,0.0,0.0,nan,2182457.2,2182457.2,0.0,2013-01-16,2012-11-28,2012.0,11.0,-49.0,9830.88828828829
Nvo Capricho,nan,205.0,236.0,31.0,0.0,0.0,nan,2174528.0,2174528.0,0.0,2013-01-16,2012-03-07,2012.0,3.0,-315.0,10607.453658536586
Nvo Capricho,nan,170.0,219.0,49.0,0.0,0.0,nan,1909563.0,1909563.0,0.0,2013-01-16,2012-05-23,2012.0,5.0,-238.0,11232.723529411765
Dos Deseos,nan,116.0,212.0,96.0,0.0,0.0,nan,1259310.0,1259310.0,0.0,2013-01-16,2012-07-04,2012.0,7.0,-196.0,10856.120689655172
El Canto,nan,178.0,213.65,35.65,0.0,0.0,nan,1915002.32,1915002.32,0.0,2013-01-16,2012-10-04,2012.0,10.0,-104.0,10758.44
Nvo Capricho,nan,170.0,226.0,56.0,0.0,0.0,nan,1919463.0,1919463.0,0.0,2013-01-16,2012-07-25,2012.0,7.0,-175.0,11290.958823529412
Dos Caprichos,nan,205.0,236.0,31.0,0.0,0.0,nan,2174528.0,2174528.0,0.0,2013-01-16,2012-07-26,2012.0,7.0,-174.0,10607.453658536586
Dos Caprichos,nan,205.0,247.0,42.0,0.0,0.0,nan,2109777.07,2109777.07,0.0,2013-01-16,2012-08-16,2012.0,8.0,-153.0,10291.595463414633
Destino,nan,179.0,206.0,27.0,0.0,0.0,nan,1701968.31,1701968.31,0.0,2013-01-16,2012-08-29,2012.0,8.0,-140.0,9508.202849162011
Destino,nan,179.0,217.0,38.0,0.0,0.0,nan,1893164.42,1893164.42,0.0,2013-01-16,2012-10-31,2012.0,10.0,-77.0,10576.33754189944
Nvo Capricho,nan,217.0,303.0,86.0,0.0,0.0,nan,2310391.2,2310391.2,0.0,2013-01-16,,,,,10646.96405529954
Capricho Qro.,nan,217.0,281.9,64.9,0.0,0.0,nan,2461936.0,2461936.0,0.0,2013-01-16,2012-12-05,2012.0,12.0,-42.0,11345.327188940093
El Respiro,nan,125.2,200.3,75.1,0.0,0.0,nan,1319853.0,1319853.0,0.0,2013-03-21,2013-02-22,2013.0,2.0,-27.0,10541.956869009584
Dos Caprichos,nan,223.0,281.0,58.0,0.0,0.0,nan,2330728.0,2330728.0,0.0,2013-01-16,2012-06-06,2012.0,6.0,-224.0,10451.695067264574
El Canto,nan,207.0,242.7,35.7,0.0,0.0,nan,2121898.28,2121898.28,0.0,2013-01-16,2013-02-06,2013.0,2.0,21.0,10250.716328502414
El Respiro,nan,142.8,200.3,57.5,0.0,0.0,nan,1499524.0,1499524.0,0.0,2013-03-21,2013-02-25,2013.0,2.0,-24.0,10500.868347338936
Dos Deseos,nan,108.0,196.0,88.0,0.0,0.0,nan,1113536.36,1113536.36,0.0,2013-01-16,2012-05-30,2012.0,5.0,-231.0,10310.521851851852
Dos Deseos,nan,116.0,209.0,93.0,0.0,0.0,nan,1130046.8,1130046.8,0.0,2013-01-16,2012-02-23,2012.0,2.0,-328.0,9741.78275862069
Dos Caprichos,nan,205.0,247.0,42.0,0.0,0.0,nan,2109777.07,2109777.07,0.0,2013-01-16,2012-09-13,2012.0,9.0,-125.0,10291.595463414633
El Canto,nan,131.0,177.11,46.11,0.0,0.0,nan,1455424.0,1455424.0,0.0,2013-01-16,2012-07-19,2012.0,7.0,-181.0,11110.106870229007
Dos Caprichos,nan,205.0,247.0,42.0,0.0,0.0,nan,2270565.0,2270565.0,0.0,2013-01-16,2012-06-28,2012.0,6.0,-202.0,11075.926829268292
Destino,nan,179.0,203.0,24.0,0.0,0.0,nan,1932548.0,1932548.0,0.0,2013-01-16,2013-03-21,2013.0,3.0,64.0,10796.35754189944
Destino,nan,179.0,211.0,32.0,0.0,0.0,nan,1852627.0,1852627.0,0.0,2013-01-16,2013-02-20,2013.0,2.0,35.0,10349.871508379889
Dos Caprichos,nan,205.0,236.0,31.0,0.0,0.0,nan,2426628.0,2426628.0,0.0,2013-01-16,2012-10-18,2012.0,10.0,-90.0,11837.209756097562
Dos Deseos,nan,136.0,136.0,0.0,0.0,0.0,nan,1290834.24,1290834.24,0.0,2013-01-16,2013-02-20,2013.0,2.0,35.0,9491.428235294117
Capricho Qro.,nan,205.0,236.0,31.0,0.0,0.0,nan,2252171.0,2218388.44,1.5,2013-01-16,2013-02-21,2013.0,2.0,36.0,10821.407024390244
Dos Caprichos,nan,222.0,288.0,66.0,0.0,0.0,nan,2194063.2,2194063.2,0.0,2013-01-16,2012-08-30,2012.0,8.0,-139.0,9883.167567567569
Destino,nan,179.0,203.0,24.0,0.0,0.0,nan,1919481.4,1919481.4,0.0,2013-01-16,2013-02-20,2013.0,2.0,35.0,10723.359776536312
Capricho Qro.,nan,223.0,302.78,79.78,0.0,0.0,nan,2278811.87,2278811.87,0.0,2013-01-16,2013-02-14,2013.0,2.0,29.0,10218.887309417041
Capricho Qro.,nan,223.0,284.1,61.1,0.0,0.0,nan,2290111.87,2290111.87,0.0,2013-01-16,2013-02-21,2013.0,2.0,36.0,10269.55995515695
Capricho Qro.,nan,170.0,204.3,34.3,0.0,0.0,nan,1985634.0,1985634.0,0.0,2013-01-16,2013-02-20,2013.0,2.0,35.0,11680.2
Capricho Qro.,nan,205.0,236.0,31.0,0.0,0.0,nan,2360059.76,2289257.97,3.0,2013-01-16,2013-02-28,2013.0,2.0,43.0,11167.11204878049
El Respiro,nan,130.46,179.9,49.44,0.0,0.0,nan,1574645.0,1574645.0,0.0,2013-03-21,2013-02-21,2013.0,2.0,-28.0,12069.944810669936
Capricho Qro.,nan,223.0,284.1,61.1,0.0,0.0,nan,2290111.87,2290111.87,0.0,2013-01-16,2013-02-27,2013.0,2.0,42.0,10269.55995515695
Dos Deseos,nan,136.0,136.0,0.0,0.0,0.0,nan,1290834.24,1290834.24,0.0,2013-01-16,2013-02-20,2013.0,2.0,35.0,9491.428235294117
El Canto,nan,131.0,177.1,46.1,0.0,0.0,nan,1426314.54,1426314.54,0.0,2013-01-16,2012-10-17,2012.0,10.0,-91.0,10887.897251908396
El Respiro,nan,125.2,208.7,83.5,0.0,0.0,nan,1319853.0,1300055.21,1.5,2013-03-21,2013-03-14,2013.0,3.0,-7.0,10383.827555910542
El Respiro,nan,156.9,204.3,47.4,0.0,0.0,nan,1576531.0,1576531.0,0.0,2013-03-21,2013-03-14,2013.0,3.0,-7.0,10047.99872530274
El Respiro,nan,141.6,201.8,60.2,0.0,0.0,nan,1567850.11,1567850.11,0.0,2013-03-21,2013-02-27,2013.0,2.0,-22.0,11072.387782485877
El Canto,nan,177.0,207.03,30.03,0.0,0.0,nan,2030467.0,2030467.0,0.0,2013-01-16,2013-03-20,2013.0,3.0,63.0,11471.564971751412
Destino,nan,179.0,203.0,24.0,0.0,0.0,nan,1839481.4,1839481.4,0.0,2013-01-16,2013-04-01,2013.0,4.0,75.0,10276.432402234635
Capricho Qro.,nan,210.0,258.2,48.2,0.0,0.0,nan,2417822.0,2417822.0,0.0,2013-01-16,2013-04-04,2013.0,4.0,78.0,11513.438095238096
El Respiro,nan,156.3,156.3,0.0,0.0,0.0,nan,1503212.0,1503212.0,0.0,2013-03-21,2013-02-27,2013.0,2.0,-22.0,9617.47920665387
El Respiro,nan,141.6,208.3,66.7,0.0,0.0,nan,1591726.0,1591726.0,0.0,2013-03-21,2013-02-27,2013.0,2.0,-22.0,11241.002824858757
Capricho Qro.,nan,223.0,258.0,35.0,0.0,0.0,nan,2167100.93,2167100.93,0.0,2013-01-16,2013-03-14,2013.0,3.0,57.0,9717.94139013453
Dos Deseos,nan,136.0,136.0,0.0,0.0,0.0,nan,1306528.0,1306528.0,0.0,2013-01-16,2013-03-20,2013.0,3.0,63.0,9606.823529411764
Capricho Qro.,nan,223.0,258.0,35.0,0.0,0.0,nan,2281158.87,2281158.87,0.0,2013-01-16,2013-04-11,2013.0,4.0,85.0,10229.411973094171
Dos Deseos,nan,108.0,195.0,87.0,0.0,0.0,nan,1135799.24,1107404.26,2.5,2013-01-16,2013-04-17,2013.0,4.0,91.0,10253.743148148149
El Respiro,nan,152.6,220.9,68.3,0.0,0.0,nan,1589753.0,1589753.0,0.0,2013-03-21,2013-04-25,2013.0,4.0,35.0,10417.778505897772
Destino,nan,179.0,203.0,24.0,0.0,0.0,nan,1793494.37,1793494.37,0.0,2013-01-16,2013-04-03,2013.0,4.0,77.0,10019.521620111733
El Respiro,nan,130.5,179.8,49.3,0.0,0.0,nan,1549625.0,1549625.0,0.0,2013-03-21,2013-05-17,2013.0,5.0,57.0,11874.521072796935
El Canto,nan,207.0,242.7,35.7,0.0,0.0,nan,2223201.0,2223201.0,0.0,2013-01-16,2013-05-01,2013.0,5.0,105.0,10740.101449275362
Destino,nan,179.0,216.0,37.0,0.0,0.0,nan,1859481.0,1859481.0,0.0,2013-01-16,2013-01-30,2013.0,1.0,14.0,10388.162011173185
Dos Deseos,nan,108.0,195.0,87.0,0.0,0.0,nan,1277414.0,1277414.0,0.0,2013-01-16,2013-05-04,2013.0,5.0,108.0,11827.907407407407
El Respiro,nan,145.7,145.7,0.0,0.0,0.0,nan,1417265.0,1417265.0,0.0,2013-03-21,2013-04-25,2013.0,4.0,35.0,9727.282086479066
El Respiro,nan,130.5,179.8,49.3,0.0,0.0,nan,1540190.32,1540190.32,0.0,2013-03-21,2013-03-06,2013.0,3.0,-15.0,11802.224674329502
El Canto,nan,177.0,207.0,30.0,0.0,0.0,nan,2030467.0,1979705.33,2.5,2013-01-16,2013-05-08,2013.0,5.0,112.0,11184.775875706215
El Respiro,nan,126.2,208.8,82.6,0.0,0.0,nan,1377557.96,1377557.96,0.0,2013-03-21,2013-02-27,2013.0,2.0,-22.0,10915.67321711569
El Respiro,nan,145.7,145.7,0.0,0.0,0.0,nan,1429847.0,1429847.0,0.0,2013-03-21,2013-05-03,2013.0,5.0,43.0,9813.637611530543
Dos Deseos,nan,116.0,209.0,93.0,0.0,0.0,nan,1291266.0,1291266.0,0.0,2013-01-16,2013-05-11,2013.0,5.0,115.0,11131.603448275862
El Canto,nan,177.0,207.0,30.0,0.0,0.0,nan,2030467.0,1939095.99,4.5,2013-01-16,2013-05-23,2013.0,5.0,127.0,10955.344576271187
Capricho Qro.,nan,223.0,258.0,35.0,0.0,0.0,nan,2344523.0,2344523.0,0.0,2013-01-16,2013-04-24,2013.0,4.0,98.0,10513.556053811659
Destino,nan,179.0,220.0,41.0,0.0,0.0,nan,1805036.0,1805036.0,0.0,2013-01-16,2012-10-04,2012.0,10.0,-104.0,10084.0
Dos Caprichos,nan,170.0,203.0,33.0,0.0,0.0,nan,2005771.0,2005771.0,0.0,2013-01-16,2013-05-16,2013.0,5.0,120.0,11798.652941176471
Dos Deseos,nan,108.0,195.0,87.0,0.0,0.0,nan,1147448.45,1147448.45,0.0,2013-01-16,2013-05-15,2013.0,5.0,119.0,10624.522685185184
El Canto,nan,177.0,208.0,31.0,0.0,0.0,nan,1951497.52,1912467.57,2.0,2013-01-16,2013-05-09,2013.0,5.0,113.0,10804.90152542373
Capricho Qro.,nan,205.0,359.5,154.5,0.0,0.0,nan,2307625.0,2307625.0,0.0,2013-01-16,2013-05-15,2013.0,5.0,119.0,11256.707317073171
Capricho Qro.,nan,223.0,258.0,35.0,0.0,0.0,nan,2344523.0,2321077.77,1.0,2013-01-16,2013-05-23,2013.0,5.0,127.0,10408.420493273543
El Respiro,nan,145.7,145.7,0.0,0.0,0.0,nan,1429847.0,1429847.0,0.0,2013-03-21,2013-05-02,2013.0,5.0,42.0,9813.637611530543
Paseo Picasso - Inspira,Zibatá,157.1,233.4,76.3,0.0,2.0,Horizontal,1712826.0,1712826.0,0.0,2013-04-30,2013-05-18,2013.0,5.0,18.0,10902.775302355189
Capricho Qro.,nan,205.0,236.0,31.0,0.0,0.0,nan,2420924.0,2384610.14,1.5,2013-01-16,2013-05-23,2013.0,5.0,127.0,11632.244585365854
El Respiro,nan,130.46,179.91,49.45,0.0,0.0,nan,1549625.0,1549625.0,0.0,2013-03-21,2013-02-28,2013.0,2.0,-21.0,11878.161888701517
Capricho Qro.,nan,205.0,236.0,31.0,0.0,0.0,nan,2360056.76,2360056.76,0.0,2013-01-16,2013-05-02,2013.0,5.0,106.0,11512.472
Dos Caprichos,nan,216.0,290.0,74.0,0.0,0.0,nan,2529302.0,2529302.0,0.0,2013-01-16,2013-02-28,2013.0,2.0,43.0,11709.731481481482
Capricho Qro.,nan,210.0,259.0,49.0,0.0,0.0,nan,2132726.0,2132726.0,0.0,2013-01-16,2012-12-19,2012.0,12.0,-28.0,10155.838095238096
El Respiro,nan,156.9,204.6,47.7,0.0,0.0,nan,1576531.0,1576531.0,0.0,2013-03-21,2013-04-11,2013.0,4.0,21.0,10047.99872530274
El Respiro,nan,126.2,207.9,81.7,0.0,0.0,nan,1398536.0,1398536.0,0.0,2013-03-21,2013-02-21,2013.0,2.0,-28.0,11081.90174326466
Paseo Picasso - Inspira,Zibatá,178.7,235.7,0.0,57.0,2.0,Horizontal,1862605.0,1864605.0,0.0,2013-04-30,,,,,10434.275321768328
Destino,nan,179.0,207.0,28.0,0.0,0.0,nan,1950952.76,1950952.76,0.0,2013-01-16,2013-04-11,2013.0,4.0,85.0,10899.177430167598
El Respiro,nan,152.6,220.9,68.3,0.0,0.0,nan,1589753.0,1589753.0,0.0,2013-03-21,2013-03-06,2013.0,3.0,-15.0,10417.778505897772
Dos Deseos,nan,140.0,208.0,68.0,0.0,0.0,nan,1289108.41,1289108.41,0.0,2013-01-16,,,,,9207.917214285713
Destino,nan,179.0,216.0,37.0,0.0,0.0,nan,1935470.8,1935470.8,0.0,2013-01-16,2012-10-31,2012.0,10.0,-77.0,10812.686033519552
Dos Deseos,nan,116.0,209.0,93.0,0.0,0.0,nan,1168735.98,1168735.98,0.0,2013-01-16,2011-11-03,2011.0,11.0,-440.0,10075.310172413792
Destino,nan,179.0,216.0,37.0,0.0,0.0,nan,1817532.0,1817532.0,0.0,2013-01-16,2012-06-06,2012.0,6.0,-224.0,10153.810055865923
Capricho Qro.,nan,223.0,258.0,35.0,0.0,0.0,nan,2344523.0,2344523.0,0.0,2013-01-16,2013-04-18,2013.0,4.0,92.0,10513.556053811659
El Canto,nan,207.0,239.1,32.1,0.0,0.0,nan,2232846.0,2232846.0,0.0,2013-01-16,2013-05-29,2013.0,5.0,133.0,10786.695652173914
Paseo Picasso - Inspira,Zibatá,122.1,191.1,69.0,0.0,2.0,Horizontal,1392396.0,1392396.0,0.0,2013-04-30,2013-07-16,2013.0,7.0,77.0,11403.734643734644
Capricho Qro.,nan,223.0,283.4,60.4,0.0,0.0,nan,2344523.0,2344523.0,0.0,2013-01-16,2013-05-02,2013.0,5.0,106.0,10513.556053811659
Capricho Qro.,nan,205.0,236.0,31.0,0.0,0.0,nan,2327361.48,2327361.48,0.0,2013-01-16,2013-01-30,2013.0,1.0,14.0,11352.982829268292
El Respiro,nan,156.3,156.3,0.0,0.0,0.0,nan,1548736.0,1525504.96,1.5,2013-03-21,2013-05-22,2013.0,5.0,62.0,9760.10850927703
Paseo Picasso - Inspira,Zibatá,177.3,255.0,77.7,0.0,2.0,Horizontal,1864624.0,1864624.0,0.0,2013-04-30,2013-07-24,2013.0,7.0,85.0,10516.77382966723
Paseo Picasso - Inspira,Zibatá,178.7,235.7,0.0,57.0,2.0,Horizontal,1751260.0,1751260.0,0.0,2013-04-30,,,,,9800.0
El Canto,nan,146.0,146.0,0.0,0.0,0.0,nan,1488128.0,1488128.0,0.0,2013-01-16,2013-06-07,2013.0,6.0,142.0,10192.657534246575
El Canto,nan,146.0,146.0,0.0,0.0,0.0,nan,1347265.0,1347265.0,0.0,2013-01-16,2012-07-19,2012.0,7.0,-181.0,9227.842465753425
Destino,nan,179.0,203.0,24.0,0.0,0.0,nan,1997627.0,1997627.0,0.0,2013-01-16,2013-06-20,2013.0,6.0,155.0,11159.927374301677
Dos Deseos,nan,108.0,196.0,88.0,0.0,0.0,nan,1164922.29,1164922.29,0.0,2013-01-16,2013-06-20,2013.0,6.0,155.0,10786.317500000001
El Respiro,nan,152.6,220.9,68.3,0.0,0.0,nan,1589753.0,1550009.18,2.5,2013-03-21,2013-04-17,2013.0,4.0,27.0,10157.334076015728
El Canto,nan,177.0,207.0,30.0,0.0,0.0,nan,2030467.0,2030467.0,0.0,2013-01-16,2013-05-30,2013.0,5.0,134.0,11471.564971751412
El Respiro,nan,141.6,208.4,66.8,0.0,0.0,nan,1551932.85,1551932.85,0.0,2013-03-21,2013-03-06,2013.0,3.0,-15.0,10959.977754237289
Capricho Qro.,nan,205.0,283.42,78.42,0.0,0.0,nan,2236044.15,2202503.49,1.5,2013-01-16,2013-05-23,2013.0,5.0,127.0,10743.919463414635
Capricho Qro.,nan,205.0,236.0,31.0,0.0,0.0,nan,2389856.76,2389856.76,0.0,2013-01-16,2013-04-18,2013.0,4.0,92.0,11657.837853658535
Capricho Qro.,nan,223.0,258.0,35.0,0.0,0.0,nan,2154806.36,2154806.36,0.0,2013-01-16,2012-12-19,2012.0,12.0,-28.0,9662.808789237668
Capricho Qro.,nan,205.0,236.0,31.0,0.0,0.0,nan,2339056.76,2210408.64,5.5,2013-01-16,2013-03-13,2013.0,3.0,56.0,10782.481170731708
Tres Deseos,nan,141.63,208.97,67.34,0.0,0.0,nan,1619627.0,1619627.0,0.0,2013-05-13,2013-06-19,2013.0,6.0,37.0,11435.620984254749
Paseo Picasso - Inspira,Zibatá,168.8,236.5,67.7,0.0,2.0,Horizontal,3175200.0,3175200.0,0.0,2013-04-30,2013-05-23,2013.0,5.0,23.0,18810.42654028436
Tres Deseos,nan,141.63,208.9,67.27,0.0,0.0,nan,1449801.0,1449801.0,0.0,2013-05-13,2013-06-07,2013.0,6.0,25.0,10236.538868883712
Destino,nan,179.0,206.0,27.0,0.0,0.0,nan,1843274.0,1843274.0,0.0,2013-01-16,2013-02-22,2013.0,2.0,37.0,10297.620111731843
Capricho Qro.,nan,205.0,236.0,31.0,0.0,0.0,nan,2360056.76,2360056.76,0.0,2013-01-16,2013-05-23,2013.0,5.0,127.0,11512.472
Capricho Qro.,nan,167.0,245.7,78.7,0.0,0.0,nan,2049634.0,2049634.0,0.0,2013-01-16,2013-08-08,2013.0,8.0,204.0,12273.25748502994
Capricho Qro.,nan,205.0,236.0,31.0,0.0,0.0,nan,2339056.76,2210408.64,5.5,2013-01-16,2013-03-13,2013.0,3.0,56.0,10782.481170731708
Capricho Qro.,nan,205.0,281.0,76.0,0.0,0.0,nan,2270564.88,2270564.88,0.0,2013-01-16,2013-05-24,2013.0,5.0,128.0,11075.926243902439
Dos Caprichos,nan,205.0,282.0,77.0,0.0,0.0,nan,2348159.48,2348159.48,0.0,2013-01-16,2012-08-10,2012.0,8.0,-159.0,11454.436487804878
Capricho Qro.,nan,223.0,258.0,35.0,0.0,0.0,nan,2344523.0,2344523.0,0.0,2013-01-16,2013-06-06,2013.0,6.0,141.0,10513.556053811659
Destino,nan,179.0,215.0,36.0,0.0,0.0,nan,1737328.0,1737328.0,0.0,2013-01-16,2012-01-18,2012.0,1.0,-364.0,9705.743016759776
Destino,nan,179.0,211.0,32.0,0.0,0.0,nan,1795963.2,1795963.2,0.0,2013-01-16,2012-07-11,2012.0,7.0,-189.0,10033.313966480448
Destino,nan,179.0,211.0,32.0,0.0,0.0,nan,1800492.0,1800492.0,0.0,2013-01-16,2012-07-18,2012.0,7.0,-182.0,10058.614525139665
Destino,nan,179.0,209.0,30.0,0.0,0.0,nan,1752566.4,1752566.4,0.0,2013-01-16,2012-07-25,2012.0,7.0,-175.0,9790.873743016758
Destino,nan,179.0,245.0,66.0,0.0,0.0,nan,1938391.94,1938391.94,0.0,2013-01-16,2013-03-08,2013.0,3.0,51.0,10829.005251396648
Destino,nan,179.0,203.0,24.0,0.0,0.0,nan,1823507.33,1823507.33,0.0,2013-01-16,2012-12-27,2012.0,12.0,-20.0,10187.191787709498
Destino,nan,179.0,214.0,35.0,0.0,0.0,nan,1939874.0,1939874.0,0.0,2013-01-16,2012-11-29,2012.0,11.0,-48.0,10837.284916201117
Dos Deseos,nan,116.0,209.0,93.0,0.0,0.0,nan,1079818.16,1079818.16,0.0,2013-01-16,2011-08-25,2011.0,8.0,-510.0,9308.77724137931
Dos Deseos,nan,116.0,209.0,93.0,0.0,0.0,nan,1107505.8,1107505.8,0.0,2013-01-16,2011-09-07,2011.0,9.0,-497.0,9547.463793103449
Dos Deseos,nan,116.0,209.0,93.0,0.0,0.0,nan,1207471.63,1207471.63,0.0,2013-01-16,2012-05-09,2012.0,5.0,-252.0,10409.23818965517
Dos Deseos,nan,140.0,209.0,69.0,0.0,0.0,nan,1289966.28,1289966.28,0.0,2013-01-16,2012-04-11,2012.0,4.0,-280.0,9214.044857142857
Dos Deseos,nan,116.0,209.0,93.0,0.0,0.0,nan,1256635.49,1256635.49,0.0,2013-01-16,2012-08-01,2012.0,8.0,-168.0,10833.064568965518
Dos Deseos,nan,116.0,209.0,93.0,0.0,0.0,nan,1243746.92,1243746.92,0.0,2013-01-16,2012-07-26,2012.0,7.0,-174.0,10721.956206896552
Dos Deseos,nan,136.0,136.0,0.0,0.0,0.0,nan,1290834.24,1290834.24,0.0,2013-01-16,2012-08-02,2012.0,8.0,-167.0,9491.428235294117
Dos Deseos,nan,140.0,209.0,69.0,0.0,0.0,nan,1305000.0,1305000.0,0.0,2013-01-16,2012-05-03,2012.0,5.0,-258.0,9321.42857142857
Dos Deseos,nan,116.0,208.0,92.0,0.0,0.0,nan,1153108.98,1153108.98,0.0,2013-01-16,2012-02-22,2012.0,2.0,-329.0,9940.594655172414
Dos Deseos,nan,136.0,136.0,0.0,0.0,0.0,nan,1262851.08,1262851.08,0.0,2013-01-16,2012-06-15,2012.0,6.0,-215.0,9285.669705882354
Dos Deseos,nan,140.0,209.0,69.0,0.0,0.0,nan,1280830.41,1280830.41,0.0,2013-01-16,2011-10-19,2011.0,10.0,-455.0,9148.788642857142
Dos Deseos,nan,140.0,209.0,69.0,0.0,0.0,nan,1280830.41,1280830.41,0.0,2013-01-16,2012-01-11,2012.0,1.0,-371.0,9148.788642857142
Dos Deseos,nan,116.0,209.0,93.0,0.0,0.0,nan,1107505.8,1107505.8,0.0,2013-01-16,2011-08-12,2011.0,8.0,-523.0,9547.463793103449
Dos Deseos,nan,108.0,196.0,88.0,0.0,0.0,nan,1063372.44,1063372.44,0.0,2013-01-16,2011-08-31,2011.0,8.0,-504.0,9846.04111111111
Dos Caprichos,nan,205.0,261.0,56.0,0.0,0.0,nan,2425628.0,2425628.0,0.0,2013-01-16,,,,,11832.331707317073
Dos Caprichos,nan,205.0,281.0,76.0,0.0,0.0,nan,2490000.0,2490000.0,0.0,2013-01-16,2013-06-10,2013.0,6.0,145.0,12146.341463414634
Dos Caprichos,nan,205.0,261.0,56.0,0.0,0.0,nan,2425628.0,2377115.44,2.0,2013-01-16,2013-05-30,2013.0,5.0,134.0,11595.68507317073
Capricho Qro.,nan,223.0,258.0,35.0,0.0,0.0,nan,2344523.0,2274187.31,3.0,2013-01-16,2013-06-12,2013.0,6.0,147.0,10198.14937219731
Capricho Qro.,nan,223.0,258.0,35.0,0.0,0.0,nan,2454046.0,2454046.0,0.0,2013-01-16,2013-03-14,2013.0,3.0,57.0,11004.690582959642
Tres Deseos,nan,143.33,201.25,0.0,57.92,0.0,nan,1344967.0,1347167.0,0.0,2013-05-13,2013-06-20,2013.0,6.0,38.0,9399.058117630642
Capricho Qro.,nan,205.0,283.52,78.52,0.0,0.0,nan,2270564.88,2270564.88,0.0,2013-01-16,2013-06-20,2013.0,6.0,155.0,11075.926243902439
Dos Deseos,nan,140.0,209.0,69.0,0.0,0.0,nan,1472717.0,1472717.0,0.0,2013-01-16,2013-06-19,2013.0,6.0,154.0,10519.407142857142
Vista Esmeralda,Los Olvera,224.0,224.0,0.0,0.0,2.0,Horizontal,2710316.0,2400001.08,11.45,2013-01-16,2013-06-20,2013.0,6.0,155.0,10714.290535714286
El Respiro,nan,126.2,244.2,118.0,0.0,0.0,nan,1572070.0,1532768.25,2.5,2013-05-10,2013-06-26,2013.0,6.0,47.0,12145.548732171157
El Respiro,nan,125.18,208.48,83.3,0.0,0.0,nan,1443772.0,1443772.0,0.0,2013-05-10,2013-07-03,2013.0,7.0,54.0,11533.567662565905
El Respiro,nan,130.5,180.2,49.7,0.0,0.0,nan,1793401.0,1793401.0,0.0,2013-05-10,2013-06-26,2013.0,6.0,47.0,13742.536398467433
Dos Caprichos,nan,205.0,247.0,42.0,0.0,0.0,nan,2270565.0,2202448.05,3.0,2013-01-16,2013-06-27,2013.0,6.0,162.0,10743.649024390243
Capricho Qro.,nan,217.0,279.3,62.3,0.0,0.0,nan,2561653.0,2429999.41,5.14,2013-01-16,2013-07-05,2013.0,7.0,170.0,11198.153963133642
Vista Esmeralda,Los Olvera,224.0,224.0,0.0,0.0,2.0,Horizontal,2631211.13,2631211.13,0.0,2013-01-16,2013-07-16,2013.0,7.0,181.0,11746.478258928571
Capricho Qro.,nan,167.0,245.0,78.0,0.0,0.0,nan,2055254.0,2055254.0,0.0,2013-01-16,2013-07-04,2013.0,7.0,169.0,12306.91017964072
El Respiro,nan,141.6,244.0,102.4,0.0,0.0,nan,1762645.0,1762645.0,0.0,2013-05-10,2013-06-26,2013.0,6.0,47.0,12448.05790960452
Dos Caprichos,nan,205.0,281.0,76.0,0.0,0.0,nan,2490000.0,2490000.0,0.0,2013-01-16,2013-07-25,2013.0,7.0,190.0,12146.341463414634
El Respiro,nan,156.3,156.3,0.0,0.0,0.0,nan,1702997.0,1724997.0,0.0,2013-05-10,2014-06-30,2014.0,6.0,416.0,11036.449136276391
El Respiro,nan,126.2,202.18,75.98,0.0,0.0,nan,1512393.0,1467021.21,3.0,2013-05-10,2013-07-04,2013.0,7.0,55.0,11624.573771790807
Dos Deseos,nan,108.0,196.0,88.0,0.0,0.0,nan,1164922.29,1141623.84,2.0,2013-01-16,2013-07-10,2013.0,7.0,175.0,10570.591111111113
Capricho Qro.,nan,167.0,245.7,78.7,0.0,0.0,nan,2049634.0,1998393.15,2.5,2013-01-16,2013-07-25,2013.0,7.0,190.0,11966.426047904191
Deseo,nan,136.0,136.0,0.0,0.0,0.0,nan,1237700.45,1237700.45,0.0,2013-05-09,2013-06-28,2013.0,6.0,50.0,9100.738602941175
El Respiro,nan,125.18,200.29,75.11,0.0,0.0,nan,1434350.0,1434350.0,0.0,2013-05-10,2013-07-24,2013.0,7.0,75.0,11458.30004793098
El Canto,nan,207.0,242.7,35.7,0.0,0.0,nan,2236051.0,2236051.0,0.0,2013-01-16,2013-07-11,2013.0,7.0,176.0,10802.178743961353
El Respiro,nan,130.5,180.1,49.6,0.0,0.0,nan,1675919.0,1675919.0,0.0,2013-05-10,2013-07-18,2013.0,7.0,69.0,12842.291187739464
Tres Deseos,nan,123.54,214.04,90.5,0.0,0.0,nan,1226435.0,1226435.0,0.0,2013-05-13,2013-07-18,2013.0,7.0,66.0,9927.432410555286
El Respiro,nan,130.46,180.2,49.74,0.0,0.0,nan,1675919.0,1675919.0,0.0,2013-05-10,2013-07-10,2013.0,7.0,61.0,12846.22872911237
Dos Deseos,nan,148.0,148.0,0.0,0.0,0.0,nan,1418623.0,1418623.0,0.0,2013-01-16,2013-07-17,2013.0,7.0,182.0,9585.29054054054
Tres Deseos,nan,141.63,209.51,67.88,0.0,0.0,nan,1449801.0,1452001.0,0.0,2013-05-13,2013-07-17,2013.0,7.0,65.0,10252.072301066159
El Respiro,nan,126.2,208.6,82.4,0.0,0.0,nan,1639855.0,1639855.0,0.0,2013-05-10,2013-07-25,2013.0,7.0,76.0,12994.096671949286
Paseo Picasso - Inspira,Zibatá,178.7,235.7,0.0,57.0,2.0,Horizontal,1751260.0,1751260.0,0.0,2013-04-30,2013-07-17,2013.0,7.0,78.0,9800.0
El Respiro,nan,156.9,203.9,0.0,47.0,0.0,nan,1808811.0,1808811.0,0.0,2013-05-10,2013-07-18,2013.0,7.0,69.0,11528.432122370936
Tres Deseos,nan,123.92,208.29,84.37,0.0,0.0,nan,1332982.0,1332982.0,0.0,2013-05-13,2013-07-12,2013.0,7.0,60.0,10756.794706262104
Tres Deseos,nan,141.63,208.9,67.27,0.0,0.0,nan,1449801.0,1428053.99,1.5,2013-05-13,2013-07-26,2013.0,7.0,74.0,10082.990821153711
Tres Deseos,nan,153.44,221.29,0.0,67.85,0.0,nan,1439949.0,1418349.77,1.5,2013-05-13,2013-07-26,2013.0,7.0,74.0,9243.676811783107
El Respiro,nan,126.2,289.1,162.9,0.0,0.0,nan,1556609.0,1556609.0,0.0,2013-05-10,2013-07-25,2013.0,7.0,76.0,12334.46117274168
El Canto,nan,177.0,207.0,30.0,0.0,0.0,nan,2068735.0,2017016.63,2.5,2013-01-16,2013-07-26,2013.0,7.0,191.0,11395.57418079096
Vista Esmeralda,Los Olvera,224.0,224.0,0.0,0.0,2.0,Horizontal,2586621.0,2560754.79,1.0,2013-01-16,2013-07-25,2013.0,7.0,190.0,11431.941026785715
Tres Deseos,nan,123.92,208.42,84.5,0.0,0.0,nan,1332982.0,1352032.0,0.0,2013-05-13,2013-07-24,2013.0,7.0,72.0,10910.52291801162
Capricho Qro.,nan,205.0,421.3,216.3,0.0,0.0,nan,2525723.0,2449951.31,3.0,2013-01-16,2013-07-30,2013.0,7.0,195.0,11950.982
El Respiro,nan,145.7,145.7,0.0,0.0,0.0,nan,1571091.0,1571091.0,0.0,2013-05-10,2013-08-01,2013.0,8.0,83.0,10783.05422100206
Paseo Picasso - Inspira,Zibatá,177.3,248.7,71.4,0.0,2.0,Horizontal,1965926.0,1965926.0,0.0,2013-04-30,2013-08-01,2013.0,8.0,93.0,11088.133107727015
Capricho Qro.,nan,223.0,258.0,35.0,0.0,0.0,nan,2199314.0,2199314.0,0.0,2013-01-16,2012-12-13,2012.0,12.0,-34.0,9862.394618834081
Dos Caprichos,nan,205.0,236.0,31.0,0.0,0.0,nan,2426628.0,2426628.0,0.0,2013-01-16,2013-07-24,2013.0,7.0,189.0,11837.209756097562
Capricho Qro.,nan,167.0,246.1,79.1,0.0,0.0,nan,2049634.0,2018889.49,1.5,2013-01-16,2013-08-29,2013.0,8.0,225.0,12089.15862275449
Vista Esmeralda,Los Olvera,272.0,272.0,0.0,0.0,2.0,Horizontal,2989523.0,2989523.0,0.0,2013-01-16,,,,,10990.89338235294
Capricho Qro.,nan,167.0,244.0,77.0,0.0,0.0,nan,2055254.0,2055254.0,0.0,2013-01-16,2013-08-07,2013.0,8.0,203.0,12306.91017964072
Capricho Qro.,nan,223.0,290.3,67.3,0.0,0.0,nan,2378523.0,2378523.0,0.0,2013-01-16,2013-08-22,2013.0,8.0,218.0,10666.022421524664
Capricho Qro.,nan,205.0,236.0,31.0,0.0,0.0,nan,2420924.0,2396714.76,1.0,2013-01-16,2013-08-08,2013.0,8.0,204.0,11691.291512195121
El Respiro,nan,145.7,145.7,0.0,0.0,0.0,nan,1577222.0,1537791.45,2.5,2013-03-21,2013-08-08,2013.0,8.0,140.0,10554.505490734386
El Respiro,nan,141.6,287.1,145.5,0.0,0.0,nan,1835777.0,1835777.0,0.0,2013-05-10,2013-08-14,2013.0,8.0,96.0,12964.526836158193
Paseo Picasso - Inspira,Zibatá,177.3,223.2,45.9,0.0,2.0,Horizontal,1864624.0,1878124.0,0.0,2013-04-30,2013-10-02,2013.0,10.0,155.0,10592.915961646926
El Respiro,nan,145.7,145.7,0.0,0.0,0.0,nan,1532772.0,1532772.0,0.0,2013-03-21,2013-08-22,2013.0,8.0,154.0,10520.054907343858
El Canto,nan,131.0,177.1,46.1,0.0,0.0,nan,2650000.0,2654000.0,0.0,2013-01-16,2013-08-02,2013.0,8.0,198.0,20259.541984732823
Capricho Qro.,nan,205.0,236.0,31.0,0.0,0.0,nan,2420924.0,2420924.0,0.0,2013-01-16,2013-08-22,2013.0,8.0,218.0,11809.38536585366
El Canto,nan,178.0,214.9,36.9,0.0,0.0,nan,1991396.0,1941611.1,2.5,2013-01-16,2013-08-29,2013.0,8.0,225.0,10907.927528089887
Tres Deseos,nan,143.33,201.25,0.0,57.92,0.0,nan,1344967.0,1344967.0,0.0,2013-05-13,2013-08-28,2013.0,8.0,107.0,9383.708923463335
El Canto,nan,178.0,213.7,35.7,0.0,0.0,nan,2029873.0,2029873.0,0.0,2013-01-16,2013-08-28,2013.0,8.0,224.0,11403.780898876405
El Canto,nan,178.0,214.6,36.6,0.0,0.0,nan,1991396.0,1941611.1,2.5,2013-01-16,2013-08-29,2013.0,8.0,225.0,10907.927528089887
El Respiro,nan,145.7,145.7,0.0,0.0,0.0,nan,1571091.0,1571091.0,0.0,2013-05-10,2013-09-20,2013.0,9.0,133.0,10783.05422100206
Capricho Qro.,nan,217.0,281.9,64.9,0.0,0.0,nan,2679777.0,2626181.46,2.0,2013-01-16,2013-08-29,2013.0,8.0,225.0,12102.21870967742
El Canto,nan,177.0,208.3,31.3,0.0,0.0,nan,2032546.0,2032546.0,0.0,2013-01-16,2013-09-04,2013.0,9.0,231.0,11483.310734463277
El Canto,nan,207.0,243.9,36.9,0.0,0.0,nan,2232846.0,2154696.39,3.5,2013-01-16,2013-09-05,2013.0,9.0,232.0,10409.161304347826
El Respiro,nan,130.5,180.1,49.6,0.0,0.0,nan,1675919.0,1675919.0,0.0,2013-05-10,2013-08-30,2013.0,8.0,112.0,12842.291187739464
Capricho Qro.,nan,217.0,289.1,72.1,0.0,0.0,nan,2689777.0,2595634.81,3.5,2013-01-16,2013-09-18,2013.0,9.0,245.0,11961.45073732719
El Canto,nan,178.0,210.1,32.1,0.0,0.0,nan,1991396.0,1991396.0,0.0,2013-01-16,2013-10-23,2013.0,10.0,280.0,11187.61797752809
El Canto,nan,177.0,208.3,31.3,0.0,0.0,nan,2032546.0,2032546.0,0.0,2013-01-16,2013-09-05,2013.0,9.0,232.0,11483.310734463277
El Canto,nan,177.0,208.0,31.0,0.0,0.0,nan,1685422.56,1685422.56,0.0,2013-01-16,2013-07-18,2013.0,7.0,183.0,9522.161355932203
El Canto,nan,177.0,203.5,26.5,0.0,0.0,nan,2068735.0,2068735.0,0.0,2013-01-16,,,,,11687.76836158192
El Canto,nan,178.0,214.6,36.6,0.0,0.0,nan,2029873.0,2029873.0,0.0,2013-01-16,2013-09-30,2013.0,9.0,257.0,11403.780898876405
El Canto,nan,207.0,239.1,32.1,0.0,0.0,nan,2182751.04,2182751.04,0.0,2013-01-16,2013-09-18,2013.0,9.0,245.0,10544.691014492753
El Canto,nan,177.0,208.0,31.0,0.0,0.0,nan,2068735.0,2068735.0,0.0,2013-01-16,2013-09-19,2013.0,9.0,246.0,11687.76836158192
El Canto,nan,207.0,239.1,32.1,0.0,0.0,nan,2254648.0,2198281.8,2.5,2013-01-16,2013-09-20,2013.0,9.0,247.0,10619.71884057971
El Canto,nan,177.0,203.5,26.5,0.0,0.0,nan,2068735.0,2068735.0,0.0,2013-01-16,2013-09-18,2013.0,9.0,245.0,11687.76836158192
Paseo Picasso - Inspira,Zibatá,122.1,191.1,69.0,0.0,2.0,Horizontal,1468978.0,1468978.0,0.0,2013-04-30,2013-10-09,2013.0,10.0,162.0,12030.941850941852
El Canto,nan,207.0,243.9,36.9,0.0,0.0,nan,2232846.0,2154696.39,3.5,2013-01-16,2013-10-04,2013.0,10.0,261.0,10409.161304347826
El Canto,nan,178.0,213.7,35.7,0.0,0.0,nan,2029873.0,2029873.0,0.0,2013-01-16,2013-10-05,2013.0,10.0,262.0,11403.780898876405
Capricho Qro.,nan,170.0,232.0,62.0,0.0,0.0,nan,2049634.0,1988144.98,3.0,2013-01-16,2013-10-11,2013.0,10.0,268.0,11694.970470588236
Tres Deseos,nan,123.92,208.44,84.52,0.0,0.0,nan,1332982.0,1332982.0,0.0,2013-05-13,2013-10-02,2013.0,10.0,142.0,10756.794706262104
El Respiro,nan,142.8,199.8,0.0,57.0,0.0,nan,1671777.0,1671777.0,0.0,2013-05-10,2013-10-09,2013.0,10.0,152.0,11707.121848739494
El Respiro,nan,152.6,220.6,0.0,68.0,0.0,nan,1764020.0,1764020.0,0.0,2013-05-10,2013-10-09,2013.0,10.0,152.0,11559.764089121887
El Canto,nan,207.0,242.7,35.7,0.0,0.0,nan,2254648.0,2254648.0,0.0,2013-01-16,2013-09-30,2013.0,9.0,257.0,10892.019323671497
Capricho Qro.,nan,217.0,281.9,64.9,0.0,0.0,nan,2689777.0,2622532.58,2.5,2013-01-16,2013-10-24,2013.0,10.0,281.0,12085.403594470046
Dos Caprichos,nan,205.0,277.0,72.0,0.0,0.0,nan,2378323.0,2378323.0,0.0,2013-01-16,2013-10-12,2013.0,10.0,269.0,11601.575609756097
Tres Deseos,nan,123.54,214.04,90.5,0.0,0.0,nan,1226435.0,1226435.0,0.0,2013-05-13,2013-10-10,2013.0,10.0,150.0,9927.432410555286
El Canto,nan,177.0,207.0,30.0,0.0,0.0,nan,2068735.0,2037703.98,1.5,2013-01-16,2013-10-23,2013.0,10.0,280.0,11512.45186440678
Capricho Qro.,nan,205.0,283.8,78.8,0.0,0.0,nan,2338518.0,2338518.0,0.0,2013-01-16,2013-10-23,2013.0,10.0,280.0,11407.404878048781
El Canto,nan,178.0,213.7,35.7,0.0,0.0,nan,2029873.0,2029873.0,0.0,2013-01-16,2013-10-25,2013.0,10.0,282.0,11403.780898876405
Paseo Picasso - Inspira,Zibatá,130.9,143.9,0.0,13.0,2.0,Horizontal,1359053.0,1359053.0,0.0,2013-04-30,2013-10-19,2013.0,10.0,172.0,10382.375859434682
Tres Deseos,nan,143.33,201.25,0.0,57.92,0.0,nan,1344967.0,1311342.83,2.5,2013-05-13,2013-10-31,2013.0,10.0,171.0,9149.116235261285
El Respiro,nan,156.9,251.6,47.7,47.0,0.0,nan,1757874.0,1757874.0,0.0,2013-03-21,2013-10-31,2013.0,10.0,224.0,11203.78585086042
Capricho Qro.,nan,167.0,245.6,78.6,0.0,0.0,nan,2020707.0,2020707.0,0.0,2013-01-16,2013-10-31,2013.0,10.0,288.0,12100.041916167665
Tres Deseos,nan,153.44,221.29,0.0,67.85,0.0,nan,1439949.0,1439949.0,0.0,2013-05-13,2013-10-30,2013.0,10.0,170.0,9384.443430656935
Tres Deseos,nan,141.63,208.9,67.27,0.0,0.0,nan,1449801.0,1449801.0,0.0,2013-05-13,2013-10-30,2013.0,10.0,170.0,10236.538868883712
Capricho Qro.,nan,167.0,244.5,77.5,0.0,0.0,nan,2072520.0,1999981.8,3.5,2013-01-16,2013-10-30,2013.0,10.0,287.0,11975.938922155688
Dos Deseos,nan,140.0,208.0,68.0,0.0,0.0,nan,1472717.0,1450626.25,1.5,2013-01-16,2013-11-22,2013.0,11.0,310.0,10361.61607142857
Tres Deseos,nan,153.44,221.29,0.0,67.85,0.0,nan,1439949.0,1416050.79,3.5,2013-05-13,2013-11-15,2013.0,11.0,186.0,9228.693886861314
Tres Deseos,nan,141.63,209.51,67.88,0.0,0.0,nan,1449801.0,1452001.0,0.0,2013-05-13,2013-10-08,2013.0,10.0,148.0,10252.072301066159
El Respiro,nan,145.7,145.7,0.0,0.0,0.0,nan,1532772.0,1509780.42,1.5,2013-03-21,2013-11-14,2013.0,11.0,238.0,10362.2540837337
Tres Deseos,nan,141.63,208.9,67.27,0.0,0.0,nan,1510693.0,1510693.0,0.0,2013-05-13,2013-11-15,2013.0,11.0,186.0,10666.476029089883
Tres Deseos,nan,141.63,208.9,67.27,0.0,0.0,nan,1449801.0,1428053.99,1.5,2013-05-13,2013-11-15,2013.0,11.0,186.0,10082.990821153711
El Canto,nan,177.0,208.3,31.3,0.0,0.0,nan,2032546.0,2032546.0,0.0,2013-01-16,2013-12-11,2013.0,12.0,329.0,11483.310734463277
Tres Deseos,nan,153.44,221.29,0.0,67.85,0.0,nan,1500427.0,1500427.0,0.0,2013-05-13,2013-11-18,2013.0,11.0,189.0,9778.590980187695
Vista Esmeralda,Los Olvera,224.0,224.0,0.0,0.0,2.0,Horizontal,2572628.0,2572628.0,0.0,2013-01-16,2013-06-21,2013.0,6.0,156.0,11484.94642857143
El Canto,nan,177.0,207.0,30.0,0.0,0.0,nan,2068735.0,1996329.28,3.5,2013-01-16,2013-11-20,2013.0,11.0,308.0,11278.696497175142
"Tres Deseos ""B""",nan,141.6,244.6,103.0,0.0,0.0,Horizontal,1964500.0,1925210.0,2.0,2014-09-17,,,,,13596.11581920904
Tres Deseos,nan,123.92,208.42,84.5,0.0,0.0,nan,1388301.0,1388301.0,0.0,2013-05-13,2013-11-27,2013.0,11.0,198.0,11203.203679793414
El Canto,nan,177.0,207.0,30.0,0.0,0.0,nan,1910465.44,1910465.44,0.0,2013-01-16,2013-12-05,2013.0,12.0,323.0,10793.590056497174
Tres Deseos,nan,143.33,201.25,0.0,57.92,0.0,nan,1399438.0,1379426.04,1.43,2013-05-13,2013-11-20,2013.0,11.0,191.0,9624.126421544686
El Canto,nan,146.0,146.0,0.0,0.0,0.0,nan,1596407.0,1556496.83,2.5,2013-01-16,2013-12-04,2013.0,12.0,322.0,10660.937191780822
Dos Caprichos,nan,205.0,261.0,56.0,0.0,0.0,nan,2425628.0,2425628.0,0.0,2013-01-16,2013-11-27,2013.0,11.0,315.0,11832.331707317073
El Respiro,nan,145.7,145.7,0.0,0.0,0.0,nan,1571091.0,1547524.64,1.5,2013-05-10,2013-12-12,2013.0,12.0,216.0,10621.308442004118
Vista Esmeralda,Los Olvera,224.0,224.0,0.0,0.0,2.0,Horizontal,2583586.13,2583586.13,0.0,2013-01-16,2014-03-01,2014.0,3.0,409.0,11533.866651785715
Capricho Qro.,nan,217.0,295.0,78.0,0.0,0.0,nan,2595000.0,2595000.0,0.0,2013-01-16,2013-11-29,2013.0,11.0,317.0,11958.52534562212
El Canto,nan,178.0,210.1,32.1,0.0,0.0,nan,2148526.0,2094812.85,2.5,2013-01-16,2013-11-28,2013.0,11.0,316.0,11768.611516853933
Dos Caprichos,nan,205.0,282.0,77.0,0.0,0.0,nan,2479523.0,2479523.0,0.0,2013-01-16,2013-12-14,2013.0,12.0,332.0,12095.234146341463
Gran Capricho,nan,151.14,231.14,80.0,0.0,2.0,nan,1909627.0,1909627.0,0.0,2013-11-22,2013-12-11,2013.0,12.0,19.0,12634.822019319838
El Canto,nan,207.0,242.7,35.7,0.0,0.0,nan,2169341.85,2115108.3,2.5,2013-01-16,2013-12-09,2013.0,12.0,327.0,10217.914492753622
El Canto,nan,156.0,156.0,0.0,0.0,0.0,nan,1748620.0,1748620.0,0.0,2013-01-16,2013-11-28,2013.0,11.0,316.0,11209.102564102564
Tres Deseos,nan,141.63,200.27,58.64,0.0,0.0,nan,1573624.0,1573624.0,0.0,2013-05-13,2013-12-12,2013.0,12.0,213.0,11110.809856668786
El Canto,nan,178.0,213.7,35.7,0.0,0.0,nan,2074673.77,2074673.77,0.0,2013-01-16,2013-12-04,2013.0,12.0,322.0,11655.470617977528
Gran Capricho,nan,220.58,311.25,90.67,0.0,2.0,nan,2338510.0,2338510.0,0.0,2013-11-22,2013-12-12,2013.0,12.0,20.0,10601.641127935442
El Canto,nan,177.0,207.0,30.0,0.0,0.0,nan,2068735.0,2068735.0,0.0,2013-01-16,2013-12-06,2013.0,12.0,324.0,11687.76836158192
Tres Deseos,nan,153.44,221.29,0.0,67.85,0.0,nan,1439949.0,1403950.28,2.5,2013-05-13,2013-12-04,2013.0,12.0,205.0,9149.832377476538
El Canto,nan,177.0,207.0,30.0,0.0,0.0,nan,2068735.0,2017016.63,2.5,2013-01-16,2013-12-11,2013.0,12.0,329.0,11395.57418079096
Capricho Qro.,nan,205.0,236.0,31.0,0.0,0.0,nan,2469503.0,2407765.43,2.5,2013-01-16,2013-12-10,2013.0,12.0,328.0,11745.197219512196
El Canto,nan,177.0,203.5,26.5,0.0,0.0,nan,2142523.0,2013971.62,6.0,2013-01-16,2013-12-06,2013.0,12.0,324.0,11378.370734463277
El Canto,nan,207.0,260.5,53.5,0.0,0.0,nan,2665873.0,2505920.62,6.0,2013-01-16,2013-12-06,2013.0,12.0,324.0,12105.896714975846
Capricho Qro.,nan,205.0,329.2,124.2,0.0,0.0,nan,2525177.2,2373666.57,6.0,2013-01-16,2013-12-06,2013.0,12.0,324.0,11578.86131707317
Capricho Qro.,nan,205.0,330.2,125.2,0.0,0.0,nan,2525177.2,2373666.57,6.0,2013-01-16,2013-12-06,2013.0,12.0,324.0,11578.86131707317
Capricho Qro.,nan,217.0,281.9,64.9,0.0,0.0,nan,2689777.0,2622532.58,2.5,2013-01-16,2013-12-04,2013.0,12.0,322.0,12085.403594470046
El Canto,nan,177.0,207.0,30.0,0.0,0.0,nan,2068735.0,2068735.0,0.0,2013-01-16,2013-12-11,2013.0,12.0,329.0,11687.76836158192
Dos Deseos,nan,106.0,188.0,82.0,0.0,0.0,nan,1226435.0,1226435.0,0.0,2013-01-16,2013-12-30,2013.0,12.0,348.0,11570.141509433963
Dos Caprichos,nan,216.0,283.0,67.0,0.0,0.0,nan,1980000.0,1980000.0,0.0,2013-01-16,2013-09-30,2013.0,9.0,257.0,9166.666666666666
Tres Deseos,nan,141.63,200.27,58.64,0.0,0.0,nan,1510693.0,1510693.0,0.0,2013-05-13,2013-12-20,2013.0,12.0,221.0,10666.476029089883
Gran Capricho,nan,180.05,243.72,63.67,0.0,2.0,nan,1858436.0,1858436.0,0.0,2013-11-22,2013-12-19,2013.0,12.0,27.0,10321.777284087753
Gran Capricho,nan,180.05,243.6,63.55,0.0,2.0,nan,1934674.0,1934674.0,0.0,2013-11-22,2014-01-08,2014.0,1.0,47.0,10745.204109969452
Gran Capricho,nan,194.47,239.75,45.28,0.0,2.0,nan,1991643.0,1991643.0,0.0,2013-11-22,2014-01-08,2014.0,1.0,47.0,10241.389417390857
Dos Deseos,nan,108.0,195.0,87.0,0.0,0.0,nan,1238528.0,1207564.8,2.5,2013-01-16,2014-01-08,2014.0,1.0,357.0,11181.155555555555
Gran Capricho,nan,151.14,231.14,80.0,0.0,2.0,nan,1753654.0,1753654.0,0.0,2013-11-22,2014-01-16,2014.0,1.0,55.0,11602.84504432976
Gran Capricho,nan,220.58,311.25,90.67,0.0,2.0,nan,2385280.0,2387780.0,0.0,2013-11-22,2014-02-06,2014.0,2.0,76.0,10825.006800253876
Tres Deseos,nan,141.63,208.9,67.27,0.0,0.0,nan,1510693.0,1510693.0,0.0,2013-05-13,2014-01-23,2014.0,1.0,255.0,10666.476029089883
El Respiro,nan,156.9,203.2,46.3,0.0,0.0,nan,1792486.0,1792486.0,0.0,2013-03-21,2014-01-15,2014.0,1.0,300.0,11424.384958572338
Gran Capricho,nan,220.58,311.25,90.67,0.0,2.0,nan,2717625.0,2717625.0,0.0,2013-11-22,2014-01-22,2014.0,1.0,61.0,12320.359960105177
El Canto,nan,156.0,156.0,0.0,0.0,0.0,nan,1748620.0,1722390.7,1.5,2013-01-16,2014-01-23,2014.0,1.0,372.0,11040.966025641026
El Respiro,nan,156.3,156.3,0.0,0.0,0.0,nan,1674958.0,1633084.05,2.5,2013-03-21,2014-01-23,2014.0,1.0,308.0,10448.39443378119
Gran Capricho,nan,220.6,311.3,90.7,0.0,2.0,Horizontal,2383479.68,2396532.0,0.0,2013-11-22,2014-02-13,2014.0,2.0,83.0,10863.699002719855
Tres Deseos,nan,158.34,205.84,0.0,47.5,0.0,nan,1471704.0,1449628.44,1.5,2013-05-13,2014-02-07,2014.0,2.0,270.0,9155.162561576353
Gran Capricho,nan,220.58,311.25,90.67,0.0,2.0,nan,2338510.0,2363010.0,0.0,2013-11-22,2014-01-22,2014.0,1.0,61.0,10712.711941245805
Dos Deseos,nan,152.0,152.0,0.0,0.0,0.0,nan,1406828.79,1406828.79,0.0,2013-01-16,2014-02-20,2014.0,2.0,400.0,9255.452565789474
El Respiro,nan,123.7,194.1,70.4,0.0,0.0,nan,1533759.0,1495415.03,2.5,2013-02-20,2014-01-30,2014.0,1.0,344.0,12089.04632174616
El Canto,nan,177.0,207.0,30.0,0.0,0.0,nan,2068735.0,2068735.0,0.0,2013-01-16,2014-02-13,2014.0,2.0,393.0,11687.76836158192
Dos Deseos,nan,108.0,195.0,87.0,0.0,0.0,nan,1277414.0,1239091.58,3.0,2013-01-16,2014-02-12,2014.0,2.0,392.0,11473.070185185186
Gran Capricho,nan,220.58,311.25,90.67,0.0,2.0,nan,2385280.0,2415280.0,0.0,2013-11-22,2014-02-06,2014.0,2.0,76.0,10949.678121316529
Tres Deseos,nan,123.92,208.42,84.5,0.0,0.0,nan,1412961.0,1412961.0,0.0,2013-05-13,2014-02-19,2014.0,2.0,282.0,11402.203034215623
Paseo Picasso - Inspira,Zibatá,177.3,255.0,77.7,0.0,2.0,Horizontal,1864624.0,1864624.0,0.0,2013-04-30,2014-02-03,2014.0,2.0,279.0,10516.77382966723
Dos Deseos,nan,148.0,148.0,0.0,0.0,0.0,nan,1429217.0,1429217.0,0.0,2013-01-16,2014-02-24,2014.0,2.0,404.0,9656.871621621622
Dos Deseos,nan,136.0,136.0,0.0,0.0,0.0,nan,1343124.99,1309546.87,2.5,2013-01-16,2014-02-12,2014.0,2.0,392.0,9629.021102941177
Tres Deseos,nan,153.44,221.29,0.0,67.85,0.0,nan,1439949.0,1439949.0,0.0,2013-05-13,2014-02-05,2014.0,2.0,268.0,9384.443430656935
Tres Deseos,nan,143.33,201.25,0.0,57.92,0.0,nan,1399438.0,1419438.0,0.0,2013-05-13,2014-02-05,2014.0,2.0,268.0,9903.28612293309
Vista Esmeralda,Los Olvera,224.0,224.0,0.0,0.0,2.0,Horizontal,2631211.13,2631211.13,0.0,2013-01-16,2014-02-21,2014.0,2.0,401.0,11746.478258928571
Paseo Picasso - Inspira,Zibatá,130.9,143.9,0.0,13.0,2.0,Horizontal,1359053.0,1359053.0,0.0,2013-04-30,2014-02-27,2014.0,2.0,303.0,10382.375859434682
Paseo Picasso - Inspira,Zibatá,122.1,189.0,66.9,0.0,2.0,Horizontal,1517627.0,1479686.33,2.5,2013-04-30,2014-02-21,2014.0,2.0,297.0,12118.643161343163
Capricho Qro.,nan,186.0,219.0,33.0,0.0,0.0,nan,2269829.0,2224432.42,2.0,2013-01-16,2014-02-21,2014.0,2.0,401.0,11959.314086021504
Tres Deseos,nan,143.33,201.25,0.0,57.92,0.0,nan,1399438.0,1399438.0,0.0,2013-05-13,2014-02-21,2014.0,2.0,284.0,9763.747994139398
Gran Capricho,nan,239.8,290.46,50.66,0.0,2.0,nan,2454056.0,2457823.68,0.0,2013-11-22,2014-02-21,2014.0,2.0,91.0,10249.473227689741
Gran Capricho,nan,239.8,290.36,50.56,0.0,2.0,nan,2418318.0,2418318.0,0.0,2013-11-22,2014-03-05,2014.0,3.0,103.0,10084.728940783985
El Canto,nan,207.0,239.1,32.1,0.0,0.0,nan,2325628.0,2267487.3,2.5,2013-01-16,2014-02-27,2014.0,2.0,407.0,10954.044927536232
Capricho Qro.,nan,223.0,258.0,35.0,0.0,0.0,nan,2454046.0,2392694.85,2.5,2013-01-16,2014-03-05,2014.0,3.0,413.0,10729.57331838565
El Canto,nan,207.0,242.7,35.7,0.0,0.0,nan,2269637.0,2246940.63,1.0,2013-01-16,2014-02-27,2014.0,2.0,407.0,10854.785652173912
Vista Esmeralda,Los Olvera,224.0,224.0,0.0,0.0,2.0,Horizontal,2589624.0,2589624.0,0.0,2013-01-16,2014-03-28,2014.0,3.0,436.0,11560.82142857143
Gran Capricho,nan,239.8,290.56,50.76,0.0,2.0,nan,2454056.0,2461156.0,0.0,2013-11-22,2014-02-27,2014.0,2.0,97.0,10263.369474562134
Destino,nan,179.0,210.0,31.0,0.0,0.0,nan,1992714.0,1962823.29,1.5,2013-01-16,2014-03-25,2014.0,3.0,433.0,10965.493240223464
Capricho Qro.,nan,223.0,258.0,35.0,0.0,0.0,nan,2454046.0,2392694.85,2.5,2013-01-16,2014-03-13,2014.0,3.0,421.0,10729.57331838565
El Canto,nan,177.0,207.0,30.0,0.0,0.0,nan,2068735.0,1996329.28,3.5,2013-01-16,2014-03-12,2014.0,3.0,420.0,11278.696497175142
Capricho Qro.,nan,170.0,204.6,34.6,0.0,0.0,nan,1871476.42,1871476.42,0.0,2013-01-16,2014-01-29,2014.0,1.0,378.0,11008.684823529411
El Canto,nan,207.0,243.6,36.6,0.0,0.0,nan,2254648.0,2254648.0,0.0,2013-01-16,2014-03-13,2014.0,3.0,421.0,10892.019323671497
Tres Deseos,nan,141.63,223.23,81.6,0.0,0.0,nan,1589800.0,1592062.0,0.0,2013-05-13,2014-03-13,2014.0,3.0,304.0,11240.994139659677
Destino,nan,179.0,203.0,24.0,0.0,0.0,nan,1897729.0,1831308.49,3.5,2013-01-16,2014-03-06,2014.0,3.0,414.0,10230.773687150839
El Respiro,nan,156.9,203.9,0.0,47.0,0.0,nan,1808811.0,1808811.0,0.0,2013-05-10,2014-03-13,2014.0,3.0,307.0,11528.432122370936
El Canto,nan,177.0,203.5,26.5,0.0,0.0,nan,1971732.35,1971732.35,0.0,2013-01-16,2014-03-21,2014.0,3.0,429.0,11139.730790960453
Tres Deseos,nan,123.54,191.16,67.62,0.0,0.0,nan,1264776.0,1245804.36,1.5,2013-05-13,2014-03-10,2014.0,3.0,301.0,10084.218552695484
Gran Capricho,nan,180.05,242.73,62.68,0.0,2.0,nan,1992714.0,1952859.72,2.0,2013-11-22,2014-03-13,2014.0,3.0,111.0,10846.207831158012
Tres Deseos,nan,123.92,208.42,84.5,0.0,0.0,nan,1412961.0,1370572.17,3.0,2013-05-13,2014-03-31,2014.0,3.0,322.0,11060.136943189154
Tres Deseos,nan,123.92,199.8,75.88,0.0,0.0,nan,1388967.0,1354242.83,2.5,2013-05-13,2014-03-12,2014.0,3.0,303.0,10928.363702388639
Tres Deseos,nan,153.44,221.29,0.0,67.85,0.0,nan,1500427.0,1500427.0,0.0,2013-05-13,2013-12-12,2013.0,12.0,213.0,9778.590980187695
El Respiro,nan,126.2,209.8,83.6,0.0,0.0,nan,1639855.0,1639855.0,0.0,2013-02-20,2014-03-19,2014.0,3.0,392.0,12994.096671949286
Gran Capricho,nan,205.14,339.44,134.3,0.0,2.0,nan,2684783.0,2604239.51,3.0,2013-11-22,2014-03-26,2014.0,3.0,124.0,12694.937652334991
Gran Capricho,nan,194.47,239.75,45.28,0.0,2.0,nan,2111142.0,2117389.24,3.5,2013-11-22,2014-05-23,2014.0,5.0,182.0,10887.999382938244
Gran Capricho,nan,151.14,231.14,80.0,0.0,2.0,nan,2052174.0,2052174.0,0.0,2013-11-22,2014-04-03,2014.0,4.0,132.0,13577.967447399764
Gran Capricho,nan,194.47,239.75,45.28,0.0,2.0,nan,2111142.0,2111142.0,0.0,2013-11-22,2014-04-10,2014.0,4.0,139.0,10855.87494215046
Tres Deseos,nan,158.34,205.84,0.0,47.5,0.0,nan,1497127.0,1452213.19,3.0,2013-05-13,2014-04-10,2014.0,4.0,332.0,9171.486611090058
Tres Deseos,nan,141.63,200.27,58.64,0.0,0.0,nan,1573624.0,1573624.0,0.0,2013-05-13,2014-04-09,2014.0,4.0,331.0,11110.809856668786
Dos Deseos,nan,108.0,195.0,87.0,0.0,0.0,nan,1281727.0,1281727.0,0.0,2013-01-16,2014-04-04,2014.0,4.0,443.0,11867.842592592593
Capricho Qro.,nan,223.0,258.0,35.0,0.0,0.0,nan,2454046.0,2392694.85,2.5,2013-01-16,2014-04-02,2014.0,4.0,441.0,10729.57331838565
El Respiro,nan,125.2,245.4,120.2,0.0,0.0,nan,1607030.0,1607030.0,0.0,2013-05-10,2014-04-04,2014.0,4.0,329.0,12835.70287539936
Dos Deseos,nan,108.0,196.0,88.0,0.0,0.0,nan,1079479.4,1079479.4,0.0,2013-01-16,2014-02-18,2014.0,2.0,398.0,9995.179629629629
El Respiro,nan,156.3,156.3,0.0,0.0,0.0,nan,1661461.0,1661461.0,0.0,2013-03-21,2014-04-05,2014.0,4.0,380.0,10629.948816378757
El Respiro,nan,142.8,257.3,57.5,57.0,0.0,nan,1671777.0,1629982.58,2.5,2013-03-21,2014-04-03,2014.0,4.0,378.0,11414.443837535013
Capricho Qro.,nan,210.0,246.5,36.5,0.0,0.0,nan,2369526.0,2322135.48,2.0,2013-01-16,2014-04-01,2014.0,4.0,440.0,11057.788
Tres Deseos,nan,123.92,199.8,75.88,0.0,0.0,nan,1432956.0,1432956.0,0.0,2013-05-13,2014-04-09,2014.0,4.0,331.0,11563.557133634602
Gran Capricho,nan,205.14,339.44,134.3,0.0,2.0,nan,2654682.0,2686366.0,0.0,2013-11-22,2014-04-30,2014.0,4.0,159.0,13095.2812713269
El Respiro,nan,125.2,201.2,76.0,0.0,0.0,nan,1572103.0,1532800.43,2.5,2013-02-20,2014-05-02,2014.0,5.0,436.0,12242.814936102235
Paseo Picasso - Inspira,Zibatá,168.8,213.5,44.7,0.0,2.0,Horizontal,2498240.0,2435784.0,2.5,2013-04-30,2014-05-30,2014.0,5.0,395.0,14429.999999999998
Gran Capricho,nan,151.14,231.14,80.0,0.0,2.0,nan,2052174.0,2052174.0,0.0,2013-11-22,2014-05-30,2014.0,5.0,189.0,13577.967447399764
Dos Deseos,nan,152.0,152.0,0.0,0.0,0.0,nan,1469827.0,1469827.0,0.0,2013-01-16,2014-05-23,2014.0,5.0,492.0,9669.91447368421
Vista Esmeralda,Los Olvera,224.0,224.0,0.0,0.0,2.0,Horizontal,2583586.13,2508587.21,2.9,2013-01-16,2014-05-19,2014.0,5.0,488.0,11199.050044642858
Gran Capricho,nan,274.68,337.52,62.84,0.0,2.0,nan,2963525.0,2963525.0,0.0,2013-11-22,2014-05-22,2014.0,5.0,181.0,10789.009028687928
Dos Deseos,nan,136.0,136.0,0.0,0.0,0.0,nan,1260796.86,1260796.86,0.0,2013-01-16,2013-12-19,2013.0,12.0,337.0,9270.565147058824
Tres Deseos,nan,141.63,317.08,175.45,0.0,0.0,nan,1651886.0,1651886.0,0.0,2013-05-13,2014-05-29,2014.0,5.0,381.0,11663.39052460637
Paseo Picasso - Inspira,Zibatá,187.4,214.4,0.0,27.0,2.0,Horizontal,1873348.0,1875348.0,0.0,2013-04-30,2014-05-22,2014.0,5.0,387.0,10007.193169690501
Gran Capricho,nan,220.58,315.01,94.43,0.0,2.0,nan,2920000.0,2920000.0,0.0,2013-11-22,2014-06-12,2014.0,6.0,202.0,13237.8275455617
Tres Deseos,nan,123.92,208.42,84.5,0.0,0.0,nan,1388967.0,1388967.0,0.0,2013-05-13,2014-04-16,2014.0,4.0,338.0,11208.578114912847
Gran Capricho,nan,194.47,239.91,45.44,0.0,2.0,nan,2038809.3,2038809.3,0.0,2013-11-22,2014-04-23,2014.0,4.0,152.0,10483.927083868977
Tres Deseos,nan,158.34,205.84,0.0,47.5,0.0,nan,1497127.0,1497127.0,0.0,2013-05-13,2014-04-30,2014.0,4.0,352.0,9455.140836175318
El Respiro,nan,156.3,156.3,0.0,0.0,0.0,nan,1661461.0,1636539.09,1.5,2013-03-21,2014-08-15,2014.0,8.0,512.0,10470.499616122841
Paseo Picasso - Inspira,Zibatá,130.9,143.9,0.0,13.0,2.0,Horizontal,1359053.0,1318281.41,3.0,2013-04-30,2014-05-09,2014.0,5.0,374.0,10070.904583651642
Tres Deseos,nan,141.63,223.23,81.6,0.0,0.0,nan,1589800.0,1589800.0,0.0,2013-05-13,2014-04-29,2014.0,4.0,351.0,11225.022947115724
El Respiro,nan,156.3,156.3,0.0,0.0,0.0,nan,1661461.0,1628231.78,2.0,2013-03-21,2014-04-30,2014.0,4.0,405.0,10417.349840051183
Gran Capricho,nan,220.58,311.25,90.67,0.0,2.0,nan,2837777.0,2837777.0,0.0,2013-11-22,2014-04-30,2014.0,4.0,159.0,12865.069362589536
El Respiro,nan,126.2,208.6,82.4,0.0,0.0,nan,1639855.0,1639855.0,0.0,2013-05-10,2014-05-15,2014.0,5.0,370.0,12994.096671949286
El Respiro,nan,142.8,199.8,0.0,57.0,0.0,nan,1720458.0,1668844.26,3.0,2013-05-10,2014-05-30,2014.0,5.0,385.0,11686.584453781512
El Canto,nan,207.0,414.4,207.4,0.0,0.0,nan,2781628.0,2712087.3,2.5,2013-01-16,2014-05-21,2014.0,5.0,490.0,13101.871014492754
Paseo Picasso - Inspira,Zibatá,130.9,143.9,0.0,13.0,2.0,Horizontal,1359053.0,1359053.0,0.0,2013-04-30,2014-05-30,2014.0,5.0,395.0,10382.375859434682
El Asombro,Punta Esmeralda,142.9,254.0,111.1,0.0,2.0,Horizontal,1616987.0,1616987.0,0.0,2014-02-25,2014-06-11,2014.0,6.0,106.0,11315.51434569629
El Respiro,nan,156.9,203.9,0.0,47.0,0.0,nan,1841998.0,1786738.06,3.0,2013-02-20,2014-05-29,2014.0,5.0,463.0,11387.750541746334
El Canto,nan,207.0,414.4,207.4,0.0,0.0,nan,2781628.0,2684271.02,3.5,2013-01-16,2014-05-26,2014.0,5.0,495.0,12967.492850241546
Tres Deseos,nan,141.63,208.97,67.34,0.0,0.0,nan,1619627.0,1579136.33,2.5,2013-05-13,2014-06-09,2014.0,6.0,392.0,11149.730494951635
Paseo Picasso - Inspira,Zibatá,177.3,223.2,45.9,0.0,2.0,Horizontal,1864624.0,1896289.6,0.0,2013-04-30,2014-06-26,2014.0,6.0,422.0,10695.372814438804
El Respiro,nan,156.9,203.9,0.0,47.0,0.0,nan,1764694.0,1711753.18,3.0,2013-05-10,2014-05-30,2014.0,5.0,385.0,10909.835436583811
Paseo Picasso - Inspira,Zibatá,130.9,143.9,0.0,13.0,2.0,Horizontal,1359053.0,1325076.68,2.5,2013-04-30,2014-06-11,2014.0,6.0,407.0,10122.816501145911
Gran Capricho,nan,239.8,290.46,50.66,0.0,2.0,nan,2525534.0,2437140.31,3.5,2013-11-22,2014-06-11,2014.0,6.0,201.0,10163.220642201835
Gran Capricho,nan,220.58,311.25,90.67,0.0,2.0,nan,2537283.35,2540647.35,0.0,2013-11-22,2014-06-12,2014.0,6.0,202.0,11518.031326502856
Gran Capricho,nan,151.14,231.14,80.0,0.0,2.0,nan,2052174.0,2052174.0,0.0,2013-11-22,2014-06-19,2014.0,6.0,209.0,13577.967447399764
Gran Capricho,nan,180.05,216.45,36.4,0.0,2.0,nan,2044288.0,2064788.0,0.0,2013-11-22,2014-06-26,2014.0,6.0,216.0,11467.858928075533
Paseo Picasso - Inspira,Zibatá,177.3,250.8,73.5,0.0,2.0,Horizontal,1997563.0,1978789.56,1.5,2013-04-30,2014-06-25,2014.0,6.0,421.0,11160.685617597292
Paseo Picasso - Inspira,Zibatá,168.8,212.7,43.9,0.0,2.0,Horizontal,1755416.0,1758241.76,0.0,2013-04-30,2014-05-29,2014.0,5.0,394.0,10416.124170616113
Gran Capricho,nan,220.58,311.25,90.67,0.0,2.0,nan,2766627.0,2711294.46,2.0,2013-11-22,2014-06-25,2014.0,6.0,215.0,12291.660440656451
Gran Capricho,nan,274.68,337.52,62.84,0.0,2.0,nan,2990861.37,3015861.37,0.0,2013-11-22,2014-06-26,2014.0,6.0,216.0,10979.54481578564
Gran Capricho,nan,194.47,239.77,45.3,0.0,2.0,nan,2225436.0,2272061.41,1.5,2013-11-22,2014-06-30,2014.0,6.0,220.0,11683.351725201832
Paseo Picasso - Inspira,Zibatá,178.7,235.7,0.0,57.0,2.0,Horizontal,1777529.0,1777529.0,0.0,2013-04-30,2014-07-23,2014.0,7.0,449.0,9947.00055959709
Paseo Picasso - Inspira,Zibatá,122.1,189.0,66.9,0.0,2.0,Horizontal,1420422.0,1384911.45,2.5,2013-04-02,2014-02-21,2014.0,2.0,325.0,11342.436117936119
Vista Esmeralda,Los Olvera,224.0,224.0,0.0,0.0,2.0,Horizontal,2593036.13,2567105.77,1.0,2013-01-16,2014-07-21,2014.0,7.0,551.0,11460.293616071429
Tres Deseos,nan,153.44,221.29,0.0,67.85,0.0,nan,1537699.0,1495578.74,3.9,2013-05-13,2014-07-18,2014.0,7.0,431.0,9746.993873826903
El Respiro,nan,130.5,180.2,49.7,0.0,0.0,nan,1793401.0,1681398.97,3.0,2013-05-10,2014-07-31,2014.0,7.0,447.0,12884.283295019157
El Respiro,nan,142.8,199.8,0.0,57.0,0.0,nan,1671777.0,1621623.69,3.0,2013-05-10,2014-08-20,2014.0,8.0,467.0,11355.90819327731
Gran Capricho,nan,151.14,231.14,80.0,0.0,2.0,nan,1909627.0,1909627.0,0.0,2013-11-22,2014-07-31,2014.0,7.0,251.0,12634.822019319838
El Asombro,Punta Esmeralda,126.2,225.9,99.7,0.0,2.0,Horizontal,1429196.13,1457534.13,0.0,2014-02-25,2014-08-08,2014.0,8.0,164.0,11549.398811410458
Paseo Picasso - Inspira,Zibatá,177.3,223.2,45.9,0.0,2.0,Horizontal,1890444.4,1892944.4,0.0,2013-04-30,2014-08-14,2014.0,8.0,471.0,10676.505358150027
Paseo Picasso - Inspira,Zibatá,178.7,236.17,0.0,57.47,2.0,Horizontal,1795041.5,1795041.5,0.0,2013-04-30,2014-08-06,2014.0,8.0,463.0,10045.0
Tres Deseos,nan,123.54,191.16,67.62,0.0,0.0,nan,1337726.0,1277726.0,0.0,2013-05-13,2014-08-15,2014.0,8.0,459.0,10342.609681074955
Tres Deseos,nan,123.54,296.71,173.17,0.0,0.0,nan,1401486.0,1321363.71,1.5,2013-05-13,2014-08-15,2014.0,8.0,459.0,10695.8370568237
Dos Cantos,nan,206.6,243.4,36.8,0.0,0.0,nan,2458715.55,2413741.24,2.0,2014-08-05,2014-08-22,2014.0,8.0,17.0,11683.161858664087
Dos Cantos,nan,249.6,282.6,33.0,0.0,0.0,nan,2891092.0,3110292.0,0.0,2014-08-05,2014-08-29,2014.0,8.0,24.0,12461.10576923077
Paseo Picasso - Inspira,Zibatá,155.3,213.8,58.5,0.0,2.0,Horizontal,1718604.0,1718604.0,0.0,2013-04-02,2014-08-15,2014.0,8.0,500.0,11066.349001931745
Dos Cantos,nan,251.56,284.54,32.98,0.0,0.0,nan,2597567.0,2624667.0,0.0,2014-08-05,2014-08-22,2014.0,8.0,17.0,10433.56256956591
Dos Cantos,nan,151.16,182.9,31.74,0.0,0.0,nan,1927987.0,1912927.26,2.0,2014-08-05,2014-08-19,2014.0,8.0,14.0,12654.98319661286
Dos Cantos,nan,249.56,282.54,32.98,0.0,0.0,nan,2597567.0,2616001.72,0.0,2014-08-05,2014-09-03,2014.0,9.0,29.0,10482.456002564515
Dos Cantos,nan,221.5,249.39,27.89,0.0,0.0,nan,2417553.0,2417553.0,0.0,2014-08-05,2014-08-28,2014.0,8.0,23.0,10914.460496613996
Dos Cantos,nan,192.08,220.38,28.3,0.0,0.0,nan,2261543.0,2258119.86,1.5,2014-08-05,2014-08-22,2014.0,8.0,17.0,11756.142544773009
Dos Cantos,nan,151.16,182.9,31.74,0.0,0.0,nan,1927987.0,1904827.26,2.0,2014-08-05,2014-08-19,2014.0,8.0,14.0,12601.397591955543
Gran Capricho,nan,220.58,311.25,90.67,0.0,2.0,nan,2598178.0,2483269.1,5.0,2013-11-22,2014-08-21,2014.0,8.0,272.0,11257.906881856923
Dos Cantos,nan,196.14,250.32,54.18,0.0,0.0,nan,2337936.0,2357656.0,0.0,2014-08-05,2014-08-22,2014.0,8.0,17.0,12020.271234832264
Dos Cantos,nan,205.14,235.83,30.69,0.0,0.0,nan,2567369.0,2567369.0,0.0,2014-08-05,2014-08-22,2014.0,8.0,17.0,12515.204250755582
Dos Cantos,nan,196.9,250.1,53.2,0.0,0.0,nan,2356136.0,2363736.0,0.0,2014-08-05,2014-08-17,2014.0,8.0,12.0,12004.753682072118
Dos Cantos,nan,205.1,235.8,30.7,0.0,0.0,nan,2567369.0,2591969.0,0.0,2014-08-05,2014-08-20,2014.0,8.0,15.0,12637.586543149684
Dos Cantos,nan,196.9,278.93,82.03,0.0,0.0,nan,2377536.0,2377536.0,0.0,2014-08-05,2014-08-25,2014.0,8.0,20.0,12074.84002031488
Paseo Picasso - Inspira,Zibatá,122.14,197.63,75.49,0.0,2.0,Horizontal,1482901.74,1482901.74,0.0,2013-04-30,2014-08-21,2014.0,8.0,478.0,12141.0
Paseo Picasso - Inspira,Zibatá,187.4,214.4,0.0,27.0,2.0,Horizontal,1938330.59,1938330.59,0.0,2013-04-30,2014-08-21,2014.0,8.0,478.0,10343.279562433298
Tres Deseos,nan,123.54,297.89,174.35,0.0,0.0,nan,1446728.0,1403326.16,3.0,2013-05-13,2014-08-21,2014.0,8.0,465.0,11359.285737412982
Paseo Dalí,Zibatá,192.85,283.35,90.5,0.0,2.0,Horizontal,2252590.0,2268442.34,0.0,2015-08-10,2015-10-19,2015.0,10.0,70.0,11762.729271454498
El Milagro,El Refugio,146.7,199.6,52.9,0.0,2.0,Horizontal,1845931.65,1772094.38,4.0,2015-08-06,2015-09-29,2015.0,9.0,54.0,12079.716291751874
Paseo Dalí,Zibatá,192.9,260.0,67.1,0.0,2.0,Horizontal,2254745.0,2293495.0,0.0,2015-08-10,2015-10-05,2015.0,10.0,56.0,11889.554173146707
Dos Cantos,nan,249.6,282.6,33.0,0.0,0.0,nan,2914577.0,2840839.69,3.0,2014-08-05,2015-08-20,2015.0,8.0,380.0,11381.569270833334
Paseo Dalí,Zibatá,234.8,254.05,19.25,0.0,2.0,Horizontal,2342269.0,2307134.97,1.5,2015-08-10,2015-10-06,2015.0,10.0,57.0,9825.958134582625
Paseo da Vinci,Zibatá,155.4,237.04,76.2,5.44,2.0,Horizontal,1904767.0,1907117.0,0.0,2015-04-15,2015-08-28,2015.0,8.0,135.0,12272.310167310166
El Milagro,El Refugio,147.3,169.8,22.5,0.0,2.0,Horizontal,1599571.0,1604371.0,0.0,2015-08-06,2016-05-31,2016.0,5.0,299.0,10891.860149355058
Vista Esmeralda,Los Olvera,221.0,221.0,0.0,0.0,2.0,Horizontal,2268668.88,2268668.88,0.0,2015-06-10,2015-08-28,2015.0,8.0,79.0,10265.470045248869
Capricho Qro.,nan,201.0,243.7,42.7,0.0,0.0,nan,2394928.0,2323080.16,3.0,2013-01-16,,,,,11557.61273631841
Paseo Picasso - Inspira,Zibatá,155.33,162.79,0.0,7.46,2.0,Horizontal,1506701.0,1469033.48,2.5,2013-04-30,2014-11-28,2014.0,11.0,577.0,9457.500032189531
"Gran Capricho ""B""",nan,200.4,260.0,59.6,0.0,0.0,nan,2434525.0,2434525.0,0.0,2015-03-18,2015-06-11,2015.0,6.0,85.0,12148.328343313373
Paseo da Vinci,Zibatá,133.75,166.65,19.77,13.13,2.0,Horizontal,1433265.0,1411766.03,1.5,2015-04-15,2015-06-08,2015.0,6.0,54.0,10555.260037383177
"Tres Deseos ""B""",nan,123.54,214.54,91.0,0.0,0.0,Horizontal,1415648.0,1415648.0,0.0,2014-09-17,2015-06-03,2015.0,6.0,259.0,11459.02541686903
El Asombro,Punta Esmeralda,142.9,227.2,84.3,0.0,2.0,Horizontal,1597635.0,1557694.13,2.5,2014-02-25,2015-06-15,2015.0,6.0,475.0,10900.588733379986
El Asombro,Punta Esmeralda,142.9,227.1,84.2,0.0,2.0,Horizontal,1546374.0,1546374.0,0.0,2014-02-25,2015-06-10,2015.0,6.0,470.0,10821.371588523443
El Asombro,Punta Esmeralda,142.9,228.5,85.6,0.0,2.0,Horizontal,1546374.0,1515446.52,2.0,2014-02-25,2015-05-27,2015.0,5.0,456.0,10604.944156752974
"Tres Deseos ""B""",nan,123.92,243.92,120.0,0.0,0.0,Horizontal,1595685.0,1579728.15,1.0,2014-09-15,2015-06-04,2015.0,6.0,262.0,12747.96764041317
Paseo da Vinci,Zibatá,133.8,166.93,20.0,13.13,2.0,Horizontal,1578699.0,1578699.0,0.0,2015-04-15,2015-06-15,2015.0,6.0,61.0,11798.946188340806
"Gran Capricho ""B""",nan,200.4,257.4,57.0,0.0,0.0,nan,2510879.0,2510879.0,0.0,2015-03-18,2015-05-29,2015.0,5.0,72.0,12529.336327345309
"Tres Deseos ""B""",nan,141.63,208.63,67.0,0.0,0.0,Horizontal,1663721.0,1638765.19,1.5,2014-09-15,2015-05-28,2015.0,5.0,255.0,11570.749064463744
Paseo da Vinci,Zibatá,162.06,241.42,36.03,43.33,2.0,Horizontal,1688342.0,1699142.0,0.0,2015-04-15,2015-06-12,2015.0,6.0,58.0,10484.64766135999
Paseo da Vinci,Zibatá,142.0,175.13,20.0,13.13,2.0,Horizontal,1504757.0,1504757.0,0.0,2015-04-15,2015-06-15,2015.0,6.0,61.0,10596.88028169014
Paseo da Vinci,Zibatá,162.06,234.12,28.73,43.33,2.0,Horizontal,1679582.0,1651492.45,2.5,2015-04-15,2015-06-04,2015.0,6.0,50.0,10190.623534493398
Paseo da Vinci,Zibatá,155.4,258.54,97.7,5.44,2.0,Horizontal,1801769.32,1776842.39,0.0,2015-04-15,2015-06-23,2015.0,6.0,69.0,11433.992213642212
Paseo da Vinci,Zibatá,133.75,166.65,19.77,13.13,2.0,Horizontal,1469097.0,1469097.0,0.0,2015-04-15,2015-06-13,2015.0,6.0,59.0,10983.902803738318
El Recuerdo,nan,121.3,161.11,39.81,0.0,0.0,Horizontal,1514511.0,1491793.34,1.5,2014-04-11,2015-06-02,2015.0,6.0,417.0,12298.378730420447
"Gran Capricho ""B""",nan,151.14,207.43,56.29,0.0,0.0,nan,2007673.0,2046378.0,0.0,2015-03-18,2015-06-29,2015.0,6.0,103.0,13539.618896387457
El Recuerdo,nan,121.3,161.11,39.81,0.0,0.0,Horizontal,1514511.0,1514511.0,0.0,2014-04-11,2015-06-10,2015.0,6.0,425.0,12485.663643858203
Paseo da Vinci,Zibatá,142.0,175.13,20.0,13.13,2.0,Horizontal,1708765.0,1708765.0,0.0,2015-04-15,2015-06-06,2015.0,6.0,52.0,12033.55633802817
Paseo da Vinci,Zibatá,180.35,305.31,44.42,80.54,2.0,Horizontal,1865721.0,1876321.0,0.0,2015-04-15,2015-06-08,2015.0,6.0,54.0,10403.775991128361
El Recuerdo,nan,143.7,181.73,38.03,0.0,0.0,Horizontal,1799714.0,1799714.0,0.0,2014-04-11,2015-06-08,2015.0,6.0,423.0,12524.10577592206
Paseo da Vinci,Zibatá,162.06,241.42,36.03,43.33,2.0,Horizontal,1688342.0,1702242.0,0.0,2015-04-15,2015-06-15,2015.0,6.0,61.0,10503.776379118844
El Recuerdo,nan,181.7,217.09,35.39,0.0,0.0,Horizontal,2230227.0,2226868.6,1.5,2014-04-11,2015-06-24,2015.0,6.0,439.0,12255.743533296643
El Recuerdo,nan,121.3,161.11,39.81,0.0,0.0,Horizontal,1565975.0,1565975.0,0.0,2014-04-11,2015-06-12,2015.0,6.0,427.0,12909.934047815334
Paseo da Vinci,Zibatá,162.06,241.67,36.28,43.33,2.0,Horizontal,1730850.0,1730850.0,0.0,2015-04-15,2015-06-22,2015.0,6.0,68.0,10680.303591262495
"Tres Deseos ""B""",nan,153.44,221.29,0.0,67.85,0.0,Horizontal,1596129.0,1609129.0,0.0,2014-09-17,2015-06-25,2015.0,6.0,281.0,10487.024244004171
Gran Capricho,nan,205.14,339.44,134.3,0.0,2.0,nan,2684783.0,2620439.51,3.0,2013-11-22,2015-06-15,2015.0,6.0,570.0,12773.908111533587
"Gran Capricho ""B""",nan,200.4,266.7,66.3,0.0,0.0,nan,2527565.0,2535265.0,0.0,2015-03-18,2015-06-15,2015.0,6.0,89.0,12651.022954091815
El Recuerdo,nan,207.1,253.54,0.0,46.44,0.0,Horizontal,1992728.0,1992728.0,0.0,2014-04-11,2015-06-08,2015.0,6.0,423.0,9622.05697730565
Paseo Picasso - Inspira,Zibatá,168.8,193.1,24.3,0.0,2.0,Horizontal,1834410.0,1788549.75,2.5,2013-04-30,2015-06-04,2015.0,6.0,765.0,10595.673874407583
Gran Capricho,nan,151.14,231.14,80.0,0.0,2.0,nan,2052174.0,1980347.91,3.5,2013-11-22,2015-06-19,2015.0,6.0,574.0,13102.73858674077
El Recuerdo,nan,207.1,253.54,0.0,46.44,0.0,Horizontal,1992728.0,1936332.52,3.5,2014-04-11,2015-06-09,2015.0,6.0,424.0,9349.746595847417
Gran Capricho,nan,151.14,231.14,80.0,0.0,2.0,nan,2052174.0,1980347.91,3.5,2013-11-22,2015-06-19,2015.0,6.0,574.0,13102.73858674077
Paseo da Vinci,Zibatá,152.1,231.0,28.4,50.5,2.0,Horizontal,1637949.0,1597000.28,2.5,2015-04-15,2015-07-20,2015.0,7.0,96.0,10499.673109796187
Gran Capricho,nan,239.8,290.4,50.6,0.0,2.0,nan,2958869.0,2730577.46,7.72,2013-11-22,2015-06-11,2015.0,6.0,566.0,11386.895162635528
El Asombro,Punta Esmeralda,142.9,227.0,84.1,0.0,2.0,Horizontal,1629588.0,1629588.0,0.0,2014-02-25,2015-06-30,2015.0,6.0,490.0,11403.69489153254
"Gran Capricho ""B""",nan,151.1,255.5,104.4,0.0,0.0,nan,2004629.0,1977613.28,2.5,2015-03-18,2015-06-25,2015.0,6.0,99.0,13088.109066843152
"Tres Deseos ""B""",nan,123.92,227.92,104.0,0.0,0.0,Horizontal,1601965.0,1604435.0,0.0,2014-09-15,2015-06-23,2015.0,6.0,281.0,12947.34506132989
"Gran Capricho ""B""",nan,180.1,270.6,90.5,0.0,0.0,nan,2479628.0,2479628.0,0.0,2015-03-18,2015-07-11,2015.0,7.0,115.0,13768.062187673515
Tres Deseos,nan,123.54,214.04,90.5,0.0,0.0,nan,1446228.0,1446228.0,0.0,2013-05-13,2015-07-06,2015.0,7.0,784.0,11706.556580864497
"Gran Capricho ""B""",nan,239.8,314.88,75.08,0.0,0.0,nan,2789798.0,2818469.58,0.0,2015-03-18,2015-06-22,2015.0,6.0,96.0,11753.417764804002
El Recuerdo,nan,143.7,181.73,38.03,0.0,0.0,Horizontal,1799714.0,1799714.0,0.0,2014-04-11,2015-06-22,2015.0,6.0,437.0,12524.10577592206
Paseo Picasso - Inspira,Zibatá,177.3,231.6,54.3,0.0,2.0,Horizontal,1945774.0,1938487.39,1.5,2013-04-30,2015-06-25,2015.0,6.0,786.0,10933.375014100393
Paseo Picasso - Inspira,Zibatá,122.1,189.0,66.9,0.0,2.0,Horizontal,1517627.0,1472098.19,3.0,2013-04-30,2015-06-22,2015.0,6.0,783.0,12056.496232596233
"Gran Capricho ""B""",nan,200.35,262.18,61.83,0.0,0.0,nan,2510879.0,2397889.45,4.5,2015-03-18,2015-06-26,2015.0,6.0,100.0,11968.502370851013
Dos Cantos,nan,151.16,182.9,31.74,0.0,0.0,nan,1927987.0,1964856.44,0.0,2014-08-05,2014-08-28,2014.0,8.0,23.0,12998.521037311459
Dos Cantos,nan,192.08,220.38,28.3,0.0,0.0,nan,2261543.0,2253512.14,2.0,2014-08-05,2014-08-22,2014.0,8.0,17.0,11732.153998334028
Dos Cantos,nan,192.08,220.38,28.3,0.0,0.0,nan,2261543.0,2261543.0,0.0,2014-08-05,2014-08-22,2014.0,8.0,17.0,11773.963973344438
Dos Cantos,nan,196.14,222.37,26.23,0.0,0.0,nan,2235645.0,2235645.0,0.0,2014-08-05,2014-08-28,2014.0,8.0,23.0,11398.21046191496
Tres Deseos,nan,158.34,205.84,0.0,47.5,0.0,nan,1517823.0,1479877.43,2.5,2013-05-13,2014-08-27,2014.0,8.0,471.0,9346.200770493873
Paseo Picasso - Inspira,Zibatá,178.7,235.7,0.0,57.0,2.0,Horizontal,1809627.0,1755338.19,3.0,2013-04-02,2014-09-11,2014.0,9.0,527.0,9822.821432568551
Dos Cantos,nan,177.6,208.2,30.6,0.0,0.0,nan,2306773.0,2249103.68,2.5,2014-08-05,2014-09-04,2014.0,9.0,30.0,12663.872072072074
Paseo Picasso - Inspira,Zibatá,155.3,162.3,0.0,7.0,2.0,Horizontal,1506701.0,1469033.48,2.5,2013-04-30,2014-09-09,2014.0,9.0,497.0,9459.326980038633
Dos Cantos,nan,197.73,227.77,30.04,0.0,0.0,nan,2239426.0,2267634.61,1.5,2014-08-05,2014-09-17,2014.0,9.0,43.0,11468.33869417893
Gran Capricho,nan,239.8,290.36,50.56,0.0,2.0,nan,2549360.0,2551860.0,0.0,2013-11-22,2014-08-22,2014.0,8.0,273.0,10641.61801501251
El Canto,nan,207.0,314.1,107.1,0.0,0.0,nan,2717625.0,2622508.13,3.5,2013-01-16,2014-09-29,2014.0,9.0,621.0,12669.121400966184
Tres Deseos,nan,123.92,199.8,75.88,0.0,0.0,nan,1432956.0,1389967.32,3.0,2013-05-13,2014-09-03,2014.0,9.0,478.0,11216.650419625565
El Respiro,nan,152.6,220.6,0.0,68.0,0.0,nan,1808121.0,1808121.0,0.0,2013-05-10,2014-09-05,2014.0,9.0,483.0,11848.761467889908
Tres Deseos,nan,123.92,222.84,98.92,0.0,0.0,nan,1488735.0,1407303.98,1.5,2013-05-13,2014-09-12,2014.0,9.0,487.0,11356.552453195609
Dos Cantos,nan,151.16,182.9,31.74,0.0,0.0,nan,1927987.0,1930287.0,0.0,2014-08-05,2014-09-05,2014.0,9.0,31.0,12769.826673723208
Dos Cantos,nan,196.1,312.0,115.9,0.0,0.0,nan,2491686.72,2443752.99,2.0,2014-08-05,2014-09-05,2014.0,9.0,31.0,12461.769454360023
Dos Cantos,nan,151.16,182.9,31.74,0.0,0.0,nan,1927987.0,1959762.44,0.0,2014-08-05,2014-09-19,2014.0,9.0,45.0,12964.821645938078
Gran Capricho,nan,205.14,236.34,31.2,0.0,2.0,nan,2437657.0,2315774.15,5.0,2013-11-22,2014-09-05,2014.0,9.0,287.0,11288.749878132008
Dos Cantos,nan,221.5,249.39,27.89,0.0,0.0,nan,2417553.0,2296675.35,5.0,2014-08-05,2014-09-05,2014.0,9.0,31.0,10368.737471783295
Dos Cantos,nan,151.16,182.9,31.74,0.0,0.0,nan,1927987.0,1895187.33,2.5,2014-08-05,2014-09-17,2014.0,9.0,43.0,12537.624569992062
El Asombro,Punta Esmeralda,126.2,256.6,130.4,0.0,2.0,Horizontal,1460506.13,1494286.13,0.0,2014-02-25,2014-09-12,2014.0,9.0,199.0,11840.619096671948
Paseo Picasso - Inspira,Zibatá,178.7,236.17,0.0,57.47,2.0,Horizontal,1795041.5,1808741.5,0.0,2013-04-30,2014-10-07,2014.0,10.0,525.0,10121.664801343033
Paseo Picasso - Inspira,Zibatá,122.1,191.1,69.0,0.0,2.0,Horizontal,1468978.0,1461633.11,0.5,2013-04-30,2014-10-17,2014.0,10.0,535.0,11970.787141687144
Paseo Picasso - Inspira,Zibatá,155.3,213.8,58.5,0.0,2.0,Horizontal,1718604.0,1658452.86,3.5,2013-04-30,2014-10-17,2014.0,10.0,535.0,10679.026786864133
Tres Deseos,nan,141.63,200.27,58.64,0.0,0.0,nan,1637625.0,1563931.88,4.5,2013-05-13,2014-10-09,2014.0,10.0,514.0,11042.377179975992
Paseo Picasso - Inspira,Zibatá,155.3,162.3,0.0,7.0,2.0,Horizontal,1506701.0,1509201.0,0.0,2013-04-30,2014-09-26,2014.0,9.0,514.0,9717.971667739857
Paseo Picasso - Inspira,Zibatá,178.7,235.7,0.0,57.0,2.0,Horizontal,1777529.0,1777529.0,0.0,2013-04-30,2014-09-26,2014.0,9.0,514.0,9947.00055959709
Paseo Picasso - Inspira,Zibatá,155.33,162.79,0.0,7.46,2.0,Horizontal,1506701.0,1506701.0,0.0,2013-04-30,2014-10-03,2014.0,10.0,521.0,9700.0
Dos Cantos,nan,192.1,220.4,28.3,0.0,0.0,nan,2261543.0,2280735.29,0.5,2014-08-05,2014-10-03,2014.0,10.0,59.0,11872.645965642894
Dos Cantos,nan,221.5,249.4,27.9,0.0,0.0,nan,2478467.0,2424105.33,2.5,2014-08-05,2014-10-06,2014.0,10.0,62.0,10944.042121896164
Dos Cantos,nan,151.16,182.9,31.74,0.0,0.0,nan,1927987.0,1951487.0,0.0,2014-08-05,2014-09-24,2014.0,9.0,50.0,12910.075416776925
Paseo Picasso - Inspira,Zibatá,157.14,245.71,88.57,0.0,2.0,Horizontal,1712826.0,1712826.0,0.0,2013-04-30,2014-09-25,2014.0,9.0,513.0,10900.000000000002
Paseo Picasso - Inspira,Zibatá,155.3,213.8,58.5,0.0,2.0,Horizontal,1752468.0,1708656.3,2.5,2013-04-30,2014-10-20,2014.0,10.0,538.0,11002.294269156471
Tres Deseos,nan,153.44,221.29,0.0,67.85,0.0,nan,1598977.0,1544873.04,4.5,2013-05-13,2014-10-09,2014.0,10.0,514.0,10068.25495307612
Paseo Picasso - Inspira,Zibatá,157.14,249.29,92.15,0.0,2.0,Horizontal,1772774.91,1772774.91,0.0,2013-04-30,2014-10-10,2014.0,10.0,528.0,11281.5
El Canto,nan,177.0,207.0,30.0,0.0,0.0,nan,1910465.44,1910465.44,0.0,2013-01-16,2014-09-17,2014.0,9.0,609.0,10793.590056497174
El Canto,nan,131.0,177.1,46.1,0.0,0.0,nan,1454113.42,1454113.42,0.0,2013-01-16,2014-09-17,2014.0,9.0,609.0,11100.102442748092
Paseo Picasso - Inspira,Zibatá,157.1,233.4,76.3,0.0,2.0,Horizontal,1712826.0,1712826.0,0.0,2013-04-30,2014-10-31,2014.0,10.0,549.0,10902.775302355189
Paseo Picasso - Inspira,Zibatá,155.33,162.79,0.0,7.46,2.0,Horizontal,1506701.0,1461499.97,3.0,2013-04-30,2014-10-31,2014.0,10.0,549.0,9408.999999999998
Dos Cantos,nan,205.1,235.8,30.7,0.0,0.0,nan,2647577.0,2647577.0,0.0,2014-08-05,2014-10-24,2014.0,10.0,80.0,12908.712823013164
El Respiro,nan,156.3,156.3,0.0,0.0,0.0,nan,1702997.0,1660422.08,2.5,2013-05-10,2014-10-17,2014.0,10.0,525.0,10623.30185540627
Paseo Picasso - Inspira,Zibatá,155.34,221.08,65.74,0.0,2.0,Horizontal,1752468.21,1752468.21,0.0,2013-04-30,2014-10-28,2014.0,10.0,546.0,11281.5
El Respiro,nan,142.8,257.3,57.5,57.0,0.0,nan,1671777.0,1613264.81,3.5,2013-03-21,2014-10-16,2014.0,10.0,574.0,11297.372619047619
El Recuerdo,nan,143.7,181.73,38.03,0.0,0.0,Horizontal,1689872.58,1639176.4,3.0,2014-04-11,2014-10-22,2014.0,10.0,194.0,11406.933890048713
El Canto,nan,177.0,203.5,26.5,0.0,0.0,nan,2229159.0,2179088.44,3.5,2013-01-16,2014-10-17,2014.0,10.0,639.0,12311.234124293785
Gran Capricho,nan,205.14,339.44,134.3,0.0,2.0,nan,2684783.0,2684783.0,0.0,2013-11-22,2014-10-17,2014.0,10.0,329.0,13087.564590036074
Nuevo Capricho,nan,205.0,282.0,77.0,0.0,0.0,nan,2618716.0,2579435.26,1.5,2013-01-16,2014-10-21,2014.0,10.0,643.0,12582.611024390242
Tres Deseos,nan,158.34,205.84,0.0,47.5,0.0,nan,1498777.0,1461307.58,2.5,2013-05-13,2014-10-29,2014.0,10.0,534.0,9228.922445370721
"Tres Deseos ""B""",nan,141.63,208.63,67.0,0.0,0.0,Horizontal,1556155.0,1599985.0,0.0,2014-09-17,2014-10-22,2014.0,10.0,35.0,11296.935677469462
Gran Capricho,nan,220.58,311.25,90.67,0.0,2.0,nan,2649287.0,2662087.0,0.0,2013-11-22,2014-10-27,2014.0,10.0,339.0,12068.578293589626
Dos Cantos,nan,192.7,216.8,24.1,0.0,0.0,nan,2348906.0,2297783.35,2.5,2014-08-05,2014-10-17,2014.0,10.0,73.0,11924.148157758174
Dos Cantos,nan,196.1,222.3,26.2,0.0,0.0,nan,2313892.0,2256044.7,2.5,2014-08-05,2014-10-30,2014.0,10.0,86.0,11504.562468128508
Gran Capricho,nan,180.05,239.16,59.11,0.0,2.0,nan,2134529.0,2134529.0,0.0,2013-11-22,2014-10-30,2014.0,10.0,342.0,11855.201332963064
Dos Cantos,nan,221.5,249.4,27.9,0.0,0.0,nan,2465904.06,2443985.98,2.0,2014-08-05,2014-10-30,2014.0,10.0,86.0,11033.796749435665
"Tres Deseos ""B""",nan,153.44,221.29,0.0,67.85,0.0,Horizontal,1537697.0,1571688.36,0.0,2014-09-17,2014-10-31,2014.0,10.0,44.0,10243.01590198123
Dos Cantos,nan,196.1,222.3,26.2,0.0,0.0,nan,2367599.0,2367599.0,0.0,2014-08-05,2014-10-24,2014.0,10.0,80.0,12073.426823049465
Tres Deseos,nan,158.34,205.84,0.0,47.5,0.0,nan,1517823.0,1517823.0,0.0,2013-05-13,2014-10-29,2014.0,10.0,534.0,9585.84691170898
Paseo Picasso - Inspira,Zibatá,130.93,144.26,0.0,13.33,2.0,Horizontal,1447391.87,1449891.87,0.0,2013-04-30,2014-11-14,2014.0,11.0,563.0,11073.794164820896
Dos Cantos,nan,177.6,208.2,30.6,0.0,0.0,nan,2306773.0,2306773.0,0.0,2014-08-05,2014-11-19,2014.0,11.0,106.0,12988.586711711712
Paseo Picasso - Inspira,Zibatá,155.33,162.79,0.0,7.46,2.0,Horizontal,1506701.0,1461499.97,3.0,2013-04-30,2014-11-19,2014.0,11.0,568.0,9408.999999999998
Dos Cantos,nan,224.6,266.4,41.8,0.0,0.0,nan,2685884.0,2634736.9,2.5,2014-08-05,2014-10-11,2014.0,10.0,67.0,11730.796527159395
Dos Cantos,nan,224.6,312.1,87.5,0.0,0.0,nan,2685884.0,2685872.67,2.5,2014-08-05,2014-11-11,2014.0,11.0,98.0,11958.471371326803
Tres Deseos,nan,153.44,221.29,0.0,67.85,0.0,nan,1537699.0,1537699.0,0.0,2013-05-13,2014-12-01,2014.0,12.0,567.0,10021.500260688217
Capricho Qro.,nan,201.0,243.7,42.7,0.0,0.0,nan,2394928.0,2323080.16,3.0,2013-01-16,2014-11-07,2014.0,11.0,660.0,11557.61273631841
Paseo Picasso - Inspira,Zibatá,130.9,143.9,0.0,13.0,2.0,Horizontal,1447391.87,1426557.07,2.5,2013-04-30,2014-12-15,2014.0,12.0,594.0,10898.067761650114
Gran Capricho,nan,239.8,290.46,50.66,0.0,2.0,nan,2525534.0,2525534.0,0.0,2013-11-22,2014-11-27,2014.0,11.0,370.0,10531.83486238532
"Tres Deseos ""B""",nan,123.54,214.54,91.0,0.0,0.0,Horizontal,1353699.0,1381699.0,0.0,2014-09-17,2014-11-21,2014.0,11.0,65.0,11184.22373320382
El Respiro,nan,130.5,179.7,49.2,0.0,0.0,nan,1817624.0,1817624.0,0.0,2013-03-21,2014-11-13,2014.0,11.0,602.0,13928.153256704982
El Respiro,nan,156.3,156.3,0.0,0.0,0.0,nan,1659777.0,1618282.58,2.5,2013-05-10,2014-11-28,2014.0,11.0,567.0,10353.695329494562
Tres Deseos,nan,123.54,214.04,90.5,0.0,0.0,nan,1365673.0,1365673.0,0.0,2013-05-13,2014-11-21,2014.0,11.0,557.0,11054.500566618099
"Tres Deseos ""B""",nan,141.63,243.63,102.0,0.0,0.0,Horizontal,1583953.0,1573938.0,0.0,2014-09-17,2014-11-27,2014.0,11.0,71.0,11113.02690108028
Tres Deseos,nan,123.54,191.16,67.62,0.0,0.0,nan,1337726.0,1322726.0,0.0,2013-05-13,2014-11-27,2014.0,11.0,563.0,10706.864173547028
Gran Capricho,nan,205.14,236.14,31.0,0.0,2.0,nan,2457158.26,2397729.3,2.5,2013-11-22,2014-11-26,2014.0,11.0,369.0,11688.258262649897
Paseo Picasso - Inspira,Zibatá,157.14,227.95,70.81,0.0,2.0,Horizontal,1772774.91,1772774.91,0.0,2013-04-30,2014-11-27,2014.0,11.0,576.0,11281.5
Gran Capricho,nan,239.8,290.36,50.56,0.0,2.0,nan,2564081.0,2587081.0,0.0,2013-11-22,2014-11-25,2014.0,11.0,368.0,10788.494578815678
Paseo Picasso - Inspira,Zibatá,155.3,213.8,58.5,0.0,2.0,Horizontal,1752468.0,1699893.96,3.0,2013-04-30,2014-12-11,2014.0,12.0,590.0,10945.87224726336
Paseo Picasso - Inspira,Zibatá,177.3,359.8,182.5,0.0,2.0,Horizontal,2012977.0,2012977.0,0.0,2013-04-30,2014-12-03,2014.0,12.0,582.0,11353.508178228989
El Recuerdo,nan,121.3,161.11,39.81,0.0,0.0,Horizontal,1470399.0,1470399.0,0.0,2014-04-11,2015-01-08,2015.0,1.0,272.0,12122.003297609233
El Recuerdo,nan,143.7,181.73,38.03,0.0,0.0,Horizontal,1689873.0,1629873.0,0.0,2014-04-11,2015-01-05,2015.0,1.0,269.0,11342.192066805846
Nuevo Capricho,nan,205.0,285.0,80.0,0.0,0.0,nan,2589677.0,2589677.0,0.0,2013-01-16,2015-01-08,2015.0,1.0,722.0,12632.570731707317
Dos Cantos,nan,221.5,247.4,25.9,0.0,0.0,nan,2482826.0,2482826.0,0.0,2014-08-05,2015-01-08,2015.0,1.0,156.0,11209.146726862302
Paseo Picasso - Inspira,Zibatá,157.1,244.5,87.4,0.0,2.0,Horizontal,1712286.0,1712286.0,0.0,2013-04-30,2014-12-11,2014.0,12.0,590.0,10899.338001273074
Paseo Picasso - Inspira,Zibatá,168.8,210.0,41.2,0.0,2.0,Horizontal,1839684.0,1839684.0,0.0,2013-04-30,2014-12-05,2014.0,12.0,584.0,10898.601895734597
Paseo Picasso - Inspira,Zibatá,177.3,248.7,71.4,0.0,2.0,Horizontal,1965926.0,1965926.0,0.0,2013-04-30,2014-12-11,2014.0,12.0,590.0,11088.133107727015
"Tres Deseos ""B""",nan,123.92,245.92,122.0,0.0,0.0,Horizontal,1478622.0,1434263.34,3.0,2014-09-17,2014-12-23,2014.0,12.0,97.0,11574.107004519044
"Tres Deseos ""B""",nan,158.34,205.84,0.0,47.5,0.0,Horizontal,1488765.0,1488765.0,0.0,2014-09-17,2015-01-10,2015.0,1.0,115.0,9402.330428192497
El Recuerdo,nan,181.24,343.07,161.83,0.0,0.0,Horizontal,2077849.0,2084920.51,1.0,2014-04-11,2014-12-18,2014.0,12.0,251.0,11503.64439417347
Gran Capricho,nan,220.58,311.25,90.67,0.0,2.0,nan,2699287.0,2658797.7,1.5,2013-11-22,2014-12-16,2014.0,12.0,389.0,12053.66624353976
El Asombro,Punta Esmeralda,126.2,225.92,99.72,0.0,2.0,Horizontal,1415313.0,1415313.0,0.0,2014-02-25,2015-01-15,2015.0,1.0,324.0,11214.841521394612
Paseo Picasso - Inspira,Zibatá,157.14,219.86,62.72,0.0,2.0,Horizontal,1712826.0,1712826.0,0.0,2013-04-30,2015-01-13,2015.0,1.0,623.0,10900.000000000002
"Tres Deseos ""B""",nan,141.63,208.63,67.0,0.0,0.0,Horizontal,1556113.0,1556113.0,0.0,2014-09-17,2014-12-19,2014.0,12.0,93.0,10987.170797147497
Paseo Picasso - Inspira,Zibatá,178.7,235.7,0.0,57.0,2.0,Horizontal,1812554.0,1818784.0,0.0,2013-04-30,2014-12-23,2014.0,12.0,602.0,10177.862339115838
Gran Capricho,nan,151.14,231.14,80.0,0.0,2.0,nan,1958435.0,1919266.3,2.0,2013-11-22,2015-01-07,2015.0,1.0,411.0,12698.599311896256
El Recuerdo,nan,143.7,181.73,38.03,0.0,0.0,Horizontal,1740569.0,1722857.62,2.0,2014-04-11,2015-01-14,2015.0,1.0,278.0,11989.266666666668
"Tres Deseos ""B""",nan,123.92,207.92,84.0,0.0,0.0,Horizontal,1677645.0,1652480.33,1.5,2014-09-17,2014-12-16,2014.0,12.0,90.0,13335.057537120723
"Tres Deseos ""B""",nan,143.3,201.22,0.0,57.92,0.0,Horizontal,1628200.0,1603777.0,1.5,2014-09-17,,,,,11191.744591765526
El Canto,nan,207.0,414.4,207.4,0.0,0.0,nan,2781628.0,2684271.02,3.5,2013-01-16,2014-12-02,2014.0,12.0,685.0,12967.492850241546
Gran Capricho,nan,239.8,290.36,50.56,0.0,2.0,nan,2433864.24,2491129.13,2.5,2013-11-22,2015-01-23,2015.0,1.0,427.0,10388.361676396997
Paseo Picasso - Inspira,Zibatá,178.7,235.7,0.0,57.0,2.0,Horizontal,1812554.0,1783640.15,2.5,2013-04-30,2015-01-22,2015.0,1.0,632.0,9981.198377168439
Paseo Picasso - Inspira,Zibatá,157.14,219.86,62.72,0.0,2.0,Horizontal,1712826.0,1687133.61,1.5,2013-04-30,2015-01-07,2015.0,1.0,617.0,10736.500000000002
"Tres Deseos ""B""",nan,158.34,205.84,0.0,47.5,0.0,Horizontal,1488765.0,1501765.0,0.0,2014-09-17,2015-02-11,2015.0,2.0,147.0,9484.432234432234
Tres Deseos,nan,123.54,214.04,90.5,0.0,0.0,nan,1365673.0,1365673.0,0.0,2013-05-13,2015-02-03,2015.0,2.0,631.0,11054.500566618099
El Asombro,Punta Esmeralda,126.2,198.9,72.7,0.0,2.0,Horizontal,1398896.13,1363923.73,2.5,2014-02-25,2015-02-12,2015.0,2.0,352.0,10807.63652931854
Paseo Picasso - Inspira,Zibatá,177.3,248.7,71.4,0.0,2.0,Horizontal,1965926.0,1965926.0,0.0,2013-04-30,2015-01-14,2015.0,1.0,624.0,11088.133107727015
El Asombro,Punta Esmeralda,126.2,228.0,101.8,0.0,2.0,Horizontal,1478832.0,1478832.0,0.0,2014-02-25,2015-01-08,2015.0,1.0,317.0,11718.161648177496
"Tres Deseos ""B""",nan,123.54,232.54,109.0,0.0,0.0,Horizontal,1368171.0,1368171.0,0.0,2014-09-17,2015-01-15,2015.0,1.0,120.0,11074.720738222437
Paseo Picasso - Inspira,Zibatá,178.7,235.7,0.0,57.0,2.0,Horizontal,1812554.0,1814554.0,0.0,2013-04-30,2015-01-14,2015.0,1.0,624.0,10154.191382204814
Gran Capricho,nan,239.8,290.36,50.56,0.0,2.0,nan,2549360.0,2472879.2,3.0,2013-11-22,2015-01-17,2015.0,1.0,421.0,10312.256880733945
Gran Capricho,nan,239.8,290.36,50.56,0.0,2.0,nan,2549360.0,2562860.0,0.0,2013-11-22,2015-02-06,2015.0,2.0,441.0,10687.489574645537
Gran Capricho,nan,151.14,231.14,80.0,0.0,2.0,nan,1962435.0,1913374.13,2.5,2013-11-22,2015-01-14,2015.0,1.0,418.0,12659.614463411406
Paseo Picasso - Inspira,Zibatá,155.3,213.8,58.5,0.0,2.0,Horizontal,1811730.0,1766436.75,2.5,2013-04-02,2015-01-05,2015.0,1.0,643.0,11374.351255634256
Gran Capricho,nan,239.8,290.46,50.66,0.0,2.0,nan,2585098.0,2610882.0,0.0,2013-11-22,2015-02-13,2015.0,2.0,448.0,10887.748123436197
Paseo Picasso - Inspira,Zibatá,177.34,223.25,45.91,0.0,2.0,Horizontal,1927331.12,1927331.12,0.0,2013-04-30,2015-01-26,2015.0,1.0,636.0,10868.0
Dos Cantos,nan,206.6,243.4,36.8,0.0,0.0,nan,2458715.55,2462915.55,0.0,2014-08-05,2015-01-28,2015.0,1.0,176.0,11921.178848015488
Tres Deseos,nan,158.34,205.84,0.0,47.5,0.0,nan,1539990.0,1488862.33,3.32,2013-05-13,2015-01-20,2015.0,1.0,617.0,9402.945118100291
El Respiro,nan,156.3,156.3,0.0,0.0,0.0,nan,1717951.0,1666412.47,3.0,2013-03-21,2015-01-19,2015.0,1.0,669.0,10661.628087012155
"Tres Deseos ""B""",nan,141.63,244.63,103.0,0.0,0.0,Horizontal,1631210.0,1631210.0,0.0,2014-09-15,2015-01-30,2015.0,1.0,137.0,11517.404504695332
Paseo Picasso - Inspira,Zibatá,177.3,223.2,45.9,0.0,2.0,Horizontal,1936772.0,1936772.0,0.0,2013-04-30,2015-01-31,2015.0,1.0,641.0,10923.69994359842
Paseo Picasso - Inspira,Zibatá,122.1,197.6,75.5,0.0,2.0,Horizontal,1548645.0,1548645.0,0.0,2013-04-30,2015-02-01,2015.0,2.0,642.0,12683.415233415233
Gran Capricho,nan,220.58,311.25,90.67,0.0,2.0,nan,2699287.0,2699287.0,0.0,2013-11-22,2015-01-28,2015.0,1.0,432.0,12237.224589718015
Dos Cantos,nan,196.1,222.3,26.2,0.0,0.0,nan,2398009.0,2429409.0,0.0,2014-08-05,2015-02-06,2015.0,2.0,185.0,12388.623151453341
Paseo Picasso - Inspira,Zibatá,168.8,199.7,30.9,0.0,2.0,Horizontal,1782567.0,1800967.0,0.0,2013-04-30,2015-02-02,2015.0,2.0,643.0,10669.235781990521
"Tres Deseos ""B""",nan,123.92,208.92,85.0,0.0,0.0,Horizontal,1511125.0,1511125.0,0.0,2014-09-15,2015-01-29,2015.0,1.0,136.0,12194.359264041317
Gran Capricho,nan,239.8,290.46,50.66,0.0,2.0,nan,2585098.0,2585098.0,0.0,2013-11-22,2015-01-30,2015.0,1.0,434.0,10780.22518765638
Gran Capricho,nan,205.1,236.3,31.2,0.0,2.0,nan,2500215.89,2500215.89,0.0,2013-11-22,2015-01-30,2015.0,1.0,434.0,12190.228620185277
Dos Cantos,nan,179.6,217.2,37.6,0.0,0.0,nan,2306184.76,2316411.32,0.0,2014-08-05,2015-02-06,2015.0,2.0,185.0,12897.613140311803
Dos Cantos,nan,224.6,266.4,41.8,0.0,0.0,nan,2891092.0,2907092.0,0.0,2014-08-05,2015-01-30,2015.0,1.0,178.0,12943.419412288513
Paseo Picasso - Inspira,Zibatá,178.7,235.7,0.0,57.0,2.0,Horizontal,1862605.0,1864605.0,0.0,2013-04-30,2015-01-31,2015.0,1.0,641.0,10434.275321768328
Dos Cantos,nan,179.6,211.4,31.8,0.0,0.0,nan,2306184.0,2251329.4,2.5,2014-08-05,2015-02-06,2015.0,2.0,185.0,12535.241648106905
Tres Deseos,nan,123.92,199.8,75.88,0.0,0.0,nan,1541346.0,1510519.08,2.0,2013-05-13,2015-02-13,2015.0,2.0,641.0,12189.46965784377
Dos Cantos,nan,224.6,266.4,41.8,0.0,0.0,nan,2891092.0,2928365.12,0.0,2014-08-05,2015-02-06,2015.0,2.0,185.0,13038.134995547642
El Recuerdo,nan,165.2,201.53,36.33,0.0,0.0,Horizontal,1882153.0,1882153.0,0.0,2014-04-11,2015-02-28,2015.0,2.0,323.0,11393.177966101695
El Recuerdo,nan,121.3,161.11,39.81,0.0,0.0,Horizontal,1470399.0,1448343.02,1.5,2014-04-11,2015-02-04,2015.0,2.0,299.0,11940.173289365212
Nuevo Capricho,nan,205.0,236.0,31.0,0.0,0.0,nan,2572627.0,2572627.0,0.0,2013-01-16,2015-02-04,2015.0,2.0,749.0,12549.4
"Tres Deseos ""B""",nan,123.92,208.92,85.0,0.0,0.0,Horizontal,1541241.0,1667141.0,0.0,2014-09-15,2015-02-23,2015.0,2.0,161.0,13453.365074241447
"Tres Deseos ""B""",nan,141.63,209.63,68.0,0.0,0.0,Horizontal,1635311.0,1596898.23,2.5,2014-09-15,2015-02-06,2015.0,2.0,144.0,11275.14107180682
El Asombro,Punta Esmeralda,126.2,225.9,99.7,0.0,2.0,Horizontal,1429196.13,1457534.13,0.0,2014-02-25,2015-01-31,2015.0,1.0,340.0,11549.398811410458
El Respiro,nan,142.8,199.8,0.0,57.0,0.0,nan,1671777.0,1673427.0,0.0,2013-05-10,2015-03-11,2015.0,3.0,670.0,11718.676470588234
Gran Capricho,nan,205.14,236.14,31.0,0.0,2.0,nan,2524635.0,2524635.0,0.0,2013-11-22,2015-02-09,2015.0,2.0,444.0,12306.887978941211
Paseo Picasso - Inspira,Zibatá,177.3,359.8,182.5,0.0,2.0,Horizontal,2012977.0,2012977.0,0.0,2013-04-30,2015-02-09,2015.0,2.0,650.0,11353.508178228989
Dos Cantos,nan,196.1,294.5,98.4,0.0,0.0,nan,2500983.0,2400943.68,4.0,2014-08-05,2015-02-06,2015.0,2.0,185.0,12243.46598674146
Dos Cantos,nan,205.1,235.8,30.7,0.0,0.0,nan,2618716.0,2513967.36,4.0,2014-08-05,2015-02-06,2015.0,2.0,185.0,12257.276255485129
Dos Cantos,nan,221.5,249.4,27.9,0.0,0.0,nan,2614820.0,2510227.2,4.0,2014-08-05,2015-02-06,2015.0,2.0,185.0,11332.854176072236
Dos Cantos,nan,206.6,245.1,38.5,0.0,0.0,nan,2458715.0,2360366.4,4.0,2014-08-05,2015-02-06,2015.0,2.0,185.0,11424.81316553727
Dos Cantos,nan,179.6,213.1,33.5,0.0,0.0,nan,2306184.0,2213936.64,4.0,2014-08-05,2015-02-06,2015.0,2.0,185.0,12327.041425389756
Dos Cantos,nan,206.6,246.8,40.2,0.0,0.0,nan,2458715.0,2360366.4,4.0,2014-08-05,2015-02-06,2015.0,2.0,185.0,11424.81316553727
Dos Cantos,nan,224.6,266.4,41.8,0.0,0.0,nan,2753421.0,2643284.16,4.0,2014-08-05,2015-02-06,2015.0,2.0,185.0,11768.85200356189
Tres Deseos,nan,153.44,221.29,0.0,67.85,0.0,nan,1537699.0,1537699.0,0.0,2013-05-13,2015-02-18,2015.0,2.0,646.0,10021.500260688217
El Asombro,Punta Esmeralda,124.97,264.69,139.72,0.0,2.0,Horizontal,1394369.0,1381695.32,0.0,2014-02-25,2015-02-23,2015.0,2.0,363.0,11056.216051852445
El Recuerdo,nan,121.3,161.11,39.81,0.0,0.0,Horizontal,1470399.0,1473599.0,0.0,2014-04-11,2015-02-18,2015.0,2.0,313.0,12148.38417147568
Gran Capricho,nan,180.05,216.45,36.4,0.0,2.0,nan,2044288.0,2064788.0,0.0,2013-11-22,2015-03-31,2015.0,3.0,494.0,11467.858928075533
Paseo Picasso - Inspira,Zibatá,177.3,223.2,45.9,0.0,2.0,Horizontal,1927331.12,1945331.12,0.0,2013-04-30,2015-02-23,2015.0,2.0,664.0,10971.974732092498
El Respiro,nan,142.8,199.8,0.0,57.0,0.0,nan,1767148.0,1767148.0,0.0,2013-02-20,2015-03-23,2015.0,3.0,761.0,12374.985994397759
"Tres Deseos ""B""",nan,158.34,205.84,0.0,47.5,0.0,Horizontal,1545338.0,1518540.0,0.0,2014-09-17,2015-03-09,2015.0,3.0,173.0,9590.37514209928
Paseo Picasso - Inspira,Zibatá,177.3,220.4,43.1,0.0,2.0,Horizontal,1927331.12,1953974.0,0.0,2013-04-30,2015-02-23,2015.0,2.0,664.0,11020.721940214326
Dos Cantos,nan,179.6,214.8,35.2,0.0,0.0,nan,2421494.0,2410779.06,1.0,2014-08-05,2015-02-20,2015.0,2.0,199.0,13423.045991091314
Gran Capricho,nan,220.58,315.01,94.43,0.0,2.0,nan,2920000.0,2920000.0,0.0,2013-11-22,2015-02-20,2015.0,2.0,455.0,13237.8275455617
Dos Cantos,nan,206.6,248.5,41.9,0.0,0.0,nan,2581652.0,2555835.48,1.0,2014-08-05,2015-02-20,2015.0,2.0,199.0,12370.936495643757
Paseo Picasso - Inspira,Zibatá,177.3,248.7,71.4,0.0,2.0,Horizontal,1965926.0,1926607.48,2.0,2013-04-30,2015-03-17,2015.0,3.0,686.0,10866.370445572475
Dos Cantos,nan,177.6,218.9,41.3,0.0,0.0,nan,2434930.0,2410580.7,1.0,2014-08-05,2015-02-25,2015.0,2.0,204.0,13573.089527027028
Gran Capricho,nan,222.21,257.14,34.93,0.0,2.0,nan,2677403.0,2677403.0,0.0,2013-11-22,,,,,12048.976193690653
El Recuerdo,nan,165.2,201.53,36.33,0.0,0.0,Horizontal,1827333.0,1846333.0,0.0,2014-04-11,2015-03-17,2015.0,3.0,340.0,11176.349878934625
El Recuerdo,nan,121.3,161.11,39.81,0.0,0.0,Horizontal,1514511.0,1514511.0,0.0,2014-04-11,2015-03-06,2015.0,3.0,329.0,12485.663643858203
Paseo Picasso - Inspira,Zibatá,177.3,250.8,73.5,0.0,2.0,Horizontal,1997563.0,1978789.56,1.5,2013-04-30,2015-03-04,2015.0,3.0,673.0,11160.685617597292
"Tres Deseos ""B""",nan,123.54,199.54,76.0,0.0,0.0,Horizontal,1392983.0,1392983.0,0.0,2014-09-17,2015-04-17,2015.0,4.0,212.0,11275.562570827262
Paseo Picasso - Inspira,Zibatá,168.8,199.7,30.9,0.0,2.0,Horizontal,1782567.0,1803467.0,0.0,2013-04-30,2015-03-09,2015.0,3.0,678.0,10684.046208530805
El Respiro,nan,156.3,156.3,0.0,0.0,0.0,nan,1717951.0,1657822.72,3.5,2013-03-21,2015-03-03,2015.0,3.0,712.0,10606.671273192578
Gran Capricho,nan,220.58,311.25,90.67,0.0,2.0,nan,2717625.0,2717625.0,0.0,2013-11-22,2015-03-11,2015.0,3.0,474.0,12320.359960105177
Paseo Picasso - Inspira,Zibatá,122.1,197.6,75.5,0.0,2.0,Horizontal,1548645.0,1548645.0,0.0,2013-04-30,2015-03-20,2015.0,3.0,689.0,12683.415233415233
Paseo Picasso - Inspira,Zibatá,187.4,214.4,0.0,27.0,2.0,Horizontal,1938331.0,1938331.0,0.0,2013-04-30,2015-03-23,2015.0,3.0,692.0,10343.28175026681
Dos Cantos,nan,196.1,222.3,26.2,0.0,0.0,nan,2507850.0,2382457.5,5.0,2014-08-05,2015-04-10,2015.0,4.0,248.0,12149.196838347782
Gran Capricho,nan,239.8,290.36,50.56,0.0,2.0,nan,2642560.0,2576496.0,2.5,2013-11-22,2015-03-31,2015.0,3.0,494.0,10744.353628023353
Tres Deseos,nan,123.54,214.08,90.54,0.0,0.0,nan,1401486.0,1401486.0,0.0,2013-05-13,2015-03-17,2015.0,3.0,673.0,11344.39048081593
El Recuerdo,nan,165.2,201.53,36.33,0.0,0.0,Horizontal,1827333.0,1790786.34,2.0,2014-04-11,,,,,10840.111016949153
Gran Capricho,nan,220.58,311.25,90.67,0.0,2.0,nan,2837777.0,2837777.0,0.0,2013-11-22,2015-05-18,2015.0,5.0,542.0,12865.069362589536
El Recuerdo,nan,121.3,161.11,39.81,0.0,0.0,Horizontal,1514511.0,1476648.23,2.5,2014-04-11,2015-03-27,2015.0,3.0,350.0,12173.522093981863
Vista Esmeralda,Los Olvera,224.0,224.0,0.0,0.0,2.0,Horizontal,2595151.13,2491345.08,4.0,2013-01-16,2015-03-31,2015.0,3.0,804.0,11122.07625
Gran Capricho,nan,151.14,231.14,80.0,0.0,2.0,nan,2052174.0,2000869.65,2.5,2013-11-22,2015-03-31,2015.0,3.0,494.0,13238.51826121477
"Tres Deseos ""B""",nan,123.54,213.54,90.0,0.0,0.0,Horizontal,1446228.0,1446228.0,0.0,2014-09-15,2015-04-10,2015.0,4.0,207.0,11706.556580864497
"Tres Deseos ""B""",nan,123.54,213.54,90.0,0.0,0.0,Horizontal,1404103.0,1404103.0,0.0,2014-09-17,2015-04-06,2015.0,4.0,201.0,11365.57390318925
Paseo Picasso - Inspira,Zibatá,177.3,215.0,37.7,0.0,2.0,Horizontal,1945774.0,1945774.0,0.0,2013-04-30,2015-03-31,2015.0,3.0,700.0,10974.472645234066
Paseo Picasso - Inspira,Zibatá,187.4,214.4,0.0,27.0,2.0,Horizontal,1869635.0,1885185.0,0.0,2013-04-30,2015-04-10,2015.0,4.0,710.0,10059.685165421557
El Recuerdo,nan,143.7,181.73,38.03,0.0,0.0,Horizontal,1740569.0,1705451.93,3.0,2014-04-11,2015-04-07,2015.0,4.0,361.0,11868.141475295755
Paseo Picasso - Inspira,Zibatá,157.1,238.6,81.5,0.0,2.0,Horizontal,1824160.0,1817039.2,0.5,2013-04-30,2015-04-21,2015.0,4.0,721.0,11566.13112667091
Paseo Picasso - Inspira,Zibatá,155.3,162.3,0.0,7.0,2.0,Horizontal,1604637.0,1598613.82,0.5,2013-04-30,2015-04-21,2015.0,4.0,721.0,10293.714230521571
Gran Capricho,nan,205.14,281.23,76.09,0.0,2.0,nan,2477602.0,2502602.0,0.0,2013-11-22,2015-04-11,2015.0,4.0,505.0,12199.483279711418
El Recuerdo,nan,165.2,201.53,36.33,0.0,0.0,Horizontal,1827333.0,1781649.68,2.5,2014-04-11,2015-04-13,2015.0,4.0,367.0,10784.80435835351
El Asombro,Punta Esmeralda,142.9,254.0,111.1,0.0,2.0,Horizontal,1616987.0,1550000.0,0.0,2014-02-25,2015-04-27,2015.0,4.0,426.0,10846.745976207138
El Respiro,nan,152.6,220.6,0.0,68.0,0.0,nan,1905555.0,1922105.0,0.0,2013-02-20,2015-04-07,2015.0,4.0,776.0,12595.707732634339
Dos Cantos,nan,151.2,182.9,31.7,0.0,0.0,nan,2089874.0,2112624.0,0.0,2014-08-05,2015-04-20,2015.0,4.0,258.0,13972.380952380954
Dos Cantos,nan,192.1,220.4,28.3,0.0,0.0,nan,2582330.0,2517771.75,2.5,2014-08-05,2015-04-14,2015.0,4.0,252.0,13106.568193649142
Gran Capricho,nan,205.14,339.44,134.3,0.0,2.0,nan,2684783.0,2700983.0,0.0,2013-11-22,2015-04-17,2015.0,4.0,511.0,13166.53504923467
Paseo Picasso - Inspira,Zibatá,155.3,162.3,0.0,7.0,2.0,Horizontal,1559435.54,1575285.54,0.0,2013-04-30,2015-04-13,2015.0,4.0,713.0,10143.499935608499
Gran Capricho,nan,205.14,235.14,30.0,0.0,2.0,nan,2407364.0,2359216.72,2.0,2013-11-22,2015-04-17,2015.0,4.0,511.0,11500.520230086771
Paseo Picasso - Inspira,Zibatá,177.34,223.25,45.91,0.0,2.0,Horizontal,1927331.12,1927331.12,0.0,2013-04-30,2015-04-20,2015.0,4.0,720.0,10868.0
El Recuerdo,nan,165.2,201.5,36.3,0.0,0.0,Horizontal,1827333.0,1827333.0,0.0,2014-04-11,2015-04-17,2015.0,4.0,371.0,11061.337772397095
Gran Capricho,nan,205.14,235.14,30.0,0.0,2.0,nan,2395729.05,2395729.05,0.0,2013-11-22,2015-03-13,2015.0,3.0,476.0,11678.507604562737
Tres Deseos,nan,143.33,201.25,0.0,57.92,0.0,nan,1517618.0,1536918.0,0.0,2013-05-13,2015-04-18,2015.0,4.0,705.0,10722.933091467243
Dos Cantos,nan,177.6,217.2,39.6,0.0,0.0,nan,2467527.0,2493527.0,0.0,2014-08-05,2015-04-23,2015.0,4.0,261.0,14040.129504504504
Vista Esmeralda,Los Olvera,272.0,272.0,0.0,0.0,2.0,Horizontal,2989523.0,2959627.77,1.0,2013-01-16,2015-04-27,2015.0,4.0,831.0,10880.984448529412
El Recuerdo,nan,143.7,181.73,38.03,0.0,0.0,Horizontal,1740569.0,1761974.92,0.0,2014-04-11,2015-04-23,2015.0,4.0,377.0,12261.481697981908
El Recuerdo,nan,143.7,181.73,38.03,0.0,0.0,Horizontal,1740569.0,1740569.0,0.0,2014-04-11,2015-04-20,2015.0,4.0,374.0,12112.519137091163
Tres Deseos,nan,143.33,201.25,0.0,57.92,0.0,nan,1489215.0,1489215.0,0.0,2013-05-13,2015-05-05,2015.0,5.0,722.0,10390.113723574967
El Recuerdo,nan,181.7,217.09,35.39,0.0,0.0,Horizontal,2156933.0,2156933.0,0.0,2014-04-11,2015-05-04,2015.0,5.0,388.0,11870.84755090809
"Tres Deseos ""B""",nan,158.34,205.84,0.0,47.5,0.0,Horizontal,1583972.0,1604172.0,0.0,2014-09-15,2015-04-30,2015.0,4.0,227.0,10131.186055323986
Paseo Picasso - Inspira,Zibatá,187.4,214.4,0.0,27.0,2.0,Horizontal,1977320.0,1977320.0,0.0,2013-04-02,2015-04-24,2015.0,4.0,752.0,10551.334044823905
El Asombro,Punta Esmeralda,157.7,205.44,0.0,47.74,2.0,Horizontal,1596224.53,1610474.53,0.0,2014-02-25,2015-05-04,2015.0,5.0,433.0,10212.267152821814
"Gran Capricho ""B""",nan,239.8,312.4,72.6,0.0,0.0,nan,2785316.0,2843913.43,0.11,2015-03-18,2015-06-01,2015.0,6.0,75.0,11859.522226855714
El Recuerdo,nan,165.2,201.53,36.33,0.0,0.0,Horizontal,1827333.0,1781649.68,2.5,2014-04-11,2015-05-08,2015.0,5.0,392.0,10784.80435835351
"Gran Capricho ""B""",nan,151.14,242.19,91.05,0.0,0.0,nan,2031073.0,2046573.0,0.0,2015-03-18,2015-06-22,2015.0,6.0,96.0,13540.909090909092
Paseo da Vinci,Zibatá,133.75,192.06,45.18,13.13,2.0,Horizontal,1463757.0,1477657.0,0.0,2015-04-15,2015-05-04,2015.0,5.0,19.0,11047.902803738318
Paseo Picasso - Inspira,Zibatá,157.1,230.6,73.5,0.0,2.0,Horizontal,1817634.0,1817634.0,0.0,2013-04-30,2015-04-26,2015.0,4.0,726.0,11569.917250159135
El Asombro,Punta Esmeralda,124.97,264.69,139.72,0.0,2.0,Horizontal,1394369.0,1394369.0,0.0,2014-02-25,2015-05-01,2015.0,5.0,430.0,11157.629831159478
El Asombro,Punta Esmeralda,125.0,215.9,90.9,0.0,2.0,Horizontal,1424159.0,1424159.0,0.0,2014-02-25,2015-05-22,2015.0,5.0,451.0,11393.272
Dos Cantos,nan,177.6,215.6,38.0,0.0,0.0,nan,2467527.0,2467527.0,0.0,2014-08-05,2015-05-04,2015.0,5.0,272.0,13893.733108108108
Gran Capricho,nan,205.14,339.44,134.3,0.0,2.0,nan,2684783.0,2684783.0,0.0,2013-11-22,2015-05-09,2015.0,5.0,533.0,13087.564590036074
Paseo da Vinci,Zibatá,155.4,308.84,148.0,5.44,2.0,Horizontal,1819969.0,1830164.0,0.0,2015-04-15,2015-06-15,2015.0,6.0,61.0,11777.117117117117
Paseo da Vinci,Zibatá,155.4,276.49,115.65,5.44,2.0,Horizontal,1819969.0,1819969.0,0.0,2015-04-15,2015-06-15,2015.0,6.0,61.0,11711.512226512226
Dos Cantos,nan,196.1,222.3,26.2,0.0,0.0,nan,2507850.0,2382457.5,5.0,2014-08-05,2015-07-20,2015.0,7.0,349.0,12149.196838347782
El Recuerdo,nan,143.7,181.73,38.03,0.0,0.0,Horizontal,1799714.0,1799714.0,0.0,2014-04-11,2015-05-19,2015.0,5.0,403.0,12524.10577592206
"Tres Deseos ""B""",nan,158.34,205.84,0.0,47.5,0.0,Horizontal,1576245.0,1576245.0,0.0,2014-09-17,2015-05-29,2015.0,5.0,254.0,9954.81242895036
Gran Capricho,nan,205.14,236.26,31.12,0.0,2.0,nan,2426534.0,2426534.0,0.0,2013-11-22,2015-05-25,2015.0,5.0,549.0,11828.673101296676
Gran Capricho,nan,220.6,311.3,90.7,0.0,2.0,Horizontal,2383479.68,2396532.0,0.0,2013-11-22,2015-04-30,2015.0,4.0,524.0,10863.699002719855
Paseo da Vinci,Zibatá,141.97,174.87,19.77,13.13,2.0,Horizontal,1504457.0,1478129.0,1.75,2015-04-15,2015-05-08,2015.0,5.0,23.0,10411.558780023948
Gran Capricho,nan,274.68,337.52,62.84,0.0,2.0,nan,2963525.0,2874619.25,3.0,2013-11-22,2015-05-14,2015.0,5.0,538.0,10465.33875782729
Paseo Picasso - Inspira,Zibatá,130.9,143.9,0.0,13.0,2.0,Horizontal,1487982.0,1487982.0,0.0,2013-04-30,2015-05-25,2015.0,5.0,755.0,11367.318563789151
Paseo da Vinci,Zibatá,155.4,258.49,97.65,5.44,2.0,Horizontal,1819969.0,1801769.31,1.0,2015-04-15,2015-05-25,2015.0,5.0,40.0,11594.397104247104
Paseo Picasso - Inspira,Zibatá,177.3,223.2,45.9,0.0,2.0,Horizontal,1927331.12,1879147.84,2.5,2013-04-30,2015-05-14,2015.0,5.0,744.0,10598.690580936265
Gran Capricho,nan,220.58,311.25,90.67,0.0,2.0,nan,2837777.0,2837777.0,0.0,2013-11-22,2015-05-19,2015.0,5.0,543.0,12865.069362589536
Paseo Picasso - Inspira,Zibatá,155.3,162.3,0.0,7.0,2.0,Horizontal,1604637.0,1580567.45,1.5,2013-04-30,2015-05-22,2015.0,5.0,752.0,10177.510946555054
El Recuerdo,nan,121.3,161.11,39.81,0.0,0.0,Horizontal,1565975.0,1565975.0,0.0,2014-04-11,2015-05-22,2015.0,5.0,406.0,12909.934047815334
Dos Cantos,nan,177.6,208.2,30.6,0.0,0.0,nan,2485514.0,2485514.0,0.0,2014-08-05,2015-05-22,2015.0,5.0,290.0,13995.011261261261
El Asombro,Punta Esmeralda,142.88,227.21,84.33,0.0,2.0,Horizontal,1597635.0,1581658.65,1.0,2014-02-25,2015-06-01,2015.0,6.0,461.0,11069.839375699888
Paseo da Vinci,Zibatá,133.75,166.9,20.02,13.13,2.0,Horizontal,1469397.0,1483297.0,0.0,2015-04-15,2015-06-01,2015.0,6.0,47.0,11090.071028037382
El Recuerdo,nan,121.3,161.11,39.81,0.0,0.0,Horizontal,1565975.0,1565975.0,0.0,2014-04-11,2015-06-18,2015.0,6.0,433.0,12909.934047815334
El Recuerdo,nan,207.14,253.58,0.0,46.44,0.0,Horizontal,1992728.0,2029878.0,0.0,2014-04-11,2015-07-06,2015.0,7.0,451.0,9799.54620063725
Paseo Picasso - Inspira,Zibatá,155.3,220.6,65.3,0.0,2.0,Horizontal,1786332.0,1750605.36,2.0,2015-07-09,2015-06-30,2015.0,6.0,-9.0,11272.410560206052
"Tres Deseos ""B""",nan,141.63,220.63,79.0,0.0,0.0,Horizontal,1677198.0,1677198.0,0.0,2014-09-15,2015-07-06,2015.0,7.0,294.0,11842.109722516416
"Tres Deseos ""B""",nan,123.54,198.54,75.0,0.0,0.0,Horizontal,1462632.0,1462632.0,0.0,2014-09-15,2015-07-08,2015.0,7.0,296.0,11839.339485186983
Paseo da Vinci,Zibatá,160.55,239.45,28.4,50.5,2.0,Horizontal,1724435.0,1719362.83,0.5,2015-04-15,2015-06-30,2015.0,6.0,76.0,10709.204796013702
Paseo da Vinci,Zibatá,162.1,241.73,36.3,43.33,2.0,Horizontal,1730850.0,1730850.0,0.0,2015-04-15,2015-06-29,2015.0,6.0,75.0,10677.668106107341
"Tres Deseos ""B""",nan,141.63,221.63,80.0,0.0,0.0,Horizontal,1681530.0,1681530.0,0.0,2014-09-15,2015-07-06,2015.0,7.0,294.0,11872.696462613854
Paseo Picasso - Inspira,Zibatá,177.3,223.2,45.9,0.0,2.0,Horizontal,1936772.0,1936772.0,0.0,2013-04-30,2015-07-20,2015.0,7.0,811.0,10923.69994359842
"Tres Deseos ""B""",nan,141.63,280.63,139.0,0.0,0.0,Horizontal,1743268.0,1792268.0,0.0,2014-09-15,2015-07-27,2015.0,7.0,315.0,12654.578832168327
"Tres Deseos ""B""",nan,123.5,216.5,93.0,0.0,0.0,Horizontal,1550396.0,1550396.0,0.0,2014-09-15,2015-07-13,2015.0,7.0,301.0,12553.813765182187
Paseo Picasso - Inspira,Zibatá,177.3,212.8,35.5,0.0,2.0,Horizontal,1945774.0,1973845.13,0.5,2013-04-30,2015-07-15,2015.0,7.0,806.0,11132.798251551041
Paseo Picasso - Inspira,Zibatá,177.3,245.4,68.1,0.0,2.0,Horizontal,1945774.0,1945774.0,0.0,2013-04-30,2015-07-13,2015.0,7.0,804.0,10974.472645234066
Paseo Picasso - Inspira,Zibatá,155.3,220.6,65.3,0.0,2.0,Horizontal,1752468.21,1719418.85,2.0,2013-04-30,2015-07-27,2015.0,7.0,818.0,11071.59594333548
El Asombro,Punta Esmeralda,142.9,227.1,84.2,0.0,2.0,Horizontal,1629588.0,1629588.0,0.0,2014-02-25,2015-07-08,2015.0,7.0,498.0,11403.69489153254
Vista Esmeralda,Los Olvera,196.0,335.0,139.0,0.0,2.0,Horizontal,2099630.0,2125930.0,0.0,2016-05-05,2015-08-26,2015.0,8.0,-253.0,10846.581632653062
El Recuerdo,nan,143.7,181.71,38.01,0.0,0.0,Horizontal,1861106.24,1861106.24,0.0,2014-04-11,2015-07-13,2015.0,7.0,458.0,12951.330828114127
El Asombro,Punta Esmeralda,151.72,219.97,0.0,68.25,2.0,Horizontal,1595571.0,1595571.0,0.0,2014-02-25,2015-07-13,2015.0,7.0,503.0,10516.550224097022
El Recuerdo,nan,165.2,201.53,36.33,0.0,0.0,Horizontal,1882153.0,1816277.65,3.5,2014-04-11,2015-08-14,2015.0,8.0,490.0,10994.41676755448
El Recuerdo,nan,165.2,201.53,36.33,0.0,0.0,Horizontal,1882153.0,1816277.65,3.5,2014-04-11,2015-08-14,2015.0,8.0,490.0,10994.41676755448
El Recuerdo,nan,165.2,267.24,102.04,0.0,0.0,Horizontal,2024764.0,2024764.0,0.0,2014-04-11,2015-07-15,2015.0,7.0,460.0,12256.440677966102
Paseo Picasso - Inspira,Zibatá,168.8,222.7,53.9,0.0,2.0,Horizontal,1886535.0,1859504.3,2.0,2013-04-30,2015-07-11,2015.0,7.0,802.0,11016.020734597156
Vista Esmeralda,Los Olvera,165.0,165.0,0.0,0.0,2.0,Horizontal,1888725.0,1927175.0,0.0,2015-06-10,2015-08-03,2015.0,8.0,54.0,11679.848484848484
Paseo da Vinci,Zibatá,130.9,147.7,0.0,16.8,2.0,Horizontal,1689414.11,1689414.11,0.0,2015-04-15,2015-07-27,2015.0,7.0,103.0,12906.142933537052
Paseo Picasso - Inspira,Zibatá,130.9,143.9,0.0,13.0,2.0,Horizontal,1487982.0,1458222.36,2.0,2013-04-30,2015-07-16,2015.0,7.0,807.0,11139.972192513369
Paseo da Vinci,Zibatá,130.9,147.7,0.0,16.8,2.0,Horizontal,1524108.0,1540458.0,0.0,2015-04-15,2015-07-17,2015.0,7.0,93.0,11768.20473644003
El Recuerdo,nan,165.2,201.53,36.33,0.0,0.0,Horizontal,1882153.0,1825688.41,3.0,2014-04-11,2015-07-27,2015.0,7.0,472.0,11051.382627118644
Paseo da Vinci,Zibatá,155.4,273.57,112.73,5.44,2.0,Horizontal,1865467.0,1856139.67,0.5,2015-04-15,2015-08-20,2015.0,8.0,127.0,11944.27072072072
Paseo da Vinci,Zibatá,155.3,162.66,0.0,7.36,2.0,Horizontal,1657039.0,1648753.81,0.5,2015-04-15,2015-08-20,2015.0,8.0,127.0,10616.573148744365
Dos Cantos,nan,205.1,235.8,30.7,0.0,0.0,nan,2567369.0,2591969.0,0.0,2014-08-05,2015-06-29,2015.0,6.0,328.0,12637.586543149684
"Gran Capricho ""B""",nan,200.4,258.7,58.3,0.0,0.0,nan,2608803.0,2608803.0,0.0,2015-03-18,2015-07-20,2015.0,7.0,124.0,13017.979041916167
El Recuerdo,nan,181.2,292.8,111.6,0.0,0.0,Horizontal,2025849.0,1975202.78,2.5,2014-04-11,2015-07-27,2015.0,7.0,472.0,10900.677593818986
El Recuerdo,nan,190.8,236.47,0.0,45.67,0.0,Horizontal,2028766.0,1978046.85,2.5,2014-04-11,,,,,10367.121855345911
Gran Capricho,nan,220.58,311.25,90.67,0.0,2.0,nan,2766627.0,2766627.0,0.0,2013-11-22,2015-07-20,2015.0,7.0,605.0,12542.510653731071
Vista Esmeralda,Los Olvera,194.0,194.0,0.0,0.0,2.0,Horizontal,2458668.88,2458668.88,0.0,2015-06-09,2015-07-27,2015.0,7.0,48.0,12673.550927835051
Vista Esmeralda,Los Olvera,165.0,165.0,0.0,0.0,2.0,Horizontal,1776225.0,1776225.0,0.0,2015-06-10,2015-07-20,2015.0,7.0,40.0,10765.0
Gran Capricho,nan,205.14,339.44,134.3,0.0,2.0,nan,2684783.0,2684783.0,0.0,2013-11-22,2015-07-29,2015.0,7.0,614.0,13087.564590036074
Vista Esmeralda,Los Olvera,221.0,221.0,0.0,0.0,2.0,Horizontal,2268668.88,2268668.88,0.0,2015-06-10,2015-07-22,2015.0,7.0,42.0,10265.470045248869
El Recuerdo,nan,190.8,236.47,0.0,45.67,0.0,Horizontal,1925935.0,1878306.95,3.0,2014-04-11,2015-07-21,2015.0,7.0,466.0,9844.376048218028
El Asombro,Punta Esmeralda,151.72,219.97,0.0,68.25,2.0,Horizontal,1595571.0,1595571.0,0.0,2014-02-25,2015-07-22,2015.0,7.0,512.0,10516.550224097022
Gran Capricho,nan,274.68,337.52,62.84,0.0,2.0,nan,3064255.0,3082128.6,0.0,2013-11-22,2015-08-10,2015.0,8.0,626.0,11220.797291393621
Gran Capricho,nan,205.14,339.44,134.3,0.0,2.0,nan,2684783.0,2620163.43,2.5,2013-11-22,2015-07-31,2015.0,7.0,616.0,12772.562298917814
Paseo da Vinci,Zibatá,155.3,162.66,0.0,7.36,2.0,Horizontal,1636624.0,1641874.0,0.0,2015-04-15,2015-08-05,2015.0,8.0,112.0,10572.273019961365
El Asombro,Punta Esmeralda,142.9,227.0,84.1,0.0,2.0,Horizontal,1629588.0,1569348.3,2.5,2014-02-25,2015-07-31,2015.0,7.0,521.0,10982.143456962911
El Recuerdo,nan,207.1,253.54,0.0,46.44,0.0,Horizontal,2099136.0,2102336.0,0.0,2014-04-11,2015-07-24,2015.0,7.0,469.0,10151.308546595848
El Asombro,Punta Esmeralda,157.66,205.4,0.0,47.74,2.0,Horizontal,1547777.0,1489582.58,2.5,2014-02-25,2015-08-03,2015.0,8.0,524.0,9448.069136115693
Paseo Picasso - Inspira,Zibatá,187.4,214.4,0.0,27.0,2.0,Horizontal,1977320.0,1977320.0,0.0,2013-04-02,2015-07-25,2015.0,7.0,844.0,10551.334044823905
Paseo da Vinci,Zibatá,162.1,234.13,28.7,43.33,2.0,Horizontal,1747115.0,1755215.0,0.0,2015-04-15,2015-08-03,2015.0,8.0,110.0,10827.976557680444
Vista Esmeralda,Los Olvera,144.0,144.0,0.0,0.0,2.0,Horizontal,1655568.0,1657918.0,0.0,2015-06-10,2015-08-17,2015.0,8.0,68.0,11513.319444444445
Gran Capricho,nan,205.14,236.34,31.2,0.0,2.0,nan,2437826.0,2437826.0,0.0,2013-11-22,2015-07-29,2015.0,7.0,614.0,11883.71843618992
El Recuerdo,nan,165.2,201.53,36.33,0.0,0.0,Horizontal,1882153.0,1882153.0,0.0,2014-04-11,2015-07-31,2015.0,7.0,476.0,11393.177966101695
Dos Cantos,nan,249.6,282.6,33.0,0.0,0.0,nan,2891092.0,3081381.08,1.0,2014-08-05,2015-07-31,2015.0,7.0,360.0,12345.276762820513
"Tres Deseos ""B""",nan,153.4,221.25,0.0,67.85,0.0,Horizontal,1784951.6,1784951.6,0.0,2014-09-15,2015-07-15,2015.0,7.0,303.0,11635.929595827902
Gran Capricho,nan,222.21,257.14,34.93,0.0,2.0,nan,2677403.0,2664015.99,0.5,2013-11-22,2015-08-17,2015.0,8.0,633.0,11988.731335223438
Gran Capricho,nan,222.21,257.14,34.93,0.0,2.0,nan,2677403.0,2610467.93,2.5,2013-11-22,2015-08-17,2015.0,8.0,633.0,11747.751811349624
"Tres Deseos ""B""",nan,123.54,199.54,76.0,0.0,0.0,Horizontal,1434588.0,1434588.0,0.0,2014-09-15,2015-07-31,2015.0,7.0,319.0,11612.336085478388
"Tres Deseos ""B""",nan,123.92,207.92,84.0,0.0,0.0,Horizontal,1586485.0,1546822.88,2.5,2014-09-15,2015-07-27,2015.0,7.0,315.0,12482.431245965137
El Asombro,Punta Esmeralda,142.9,227.1,84.2,0.0,2.0,Horizontal,1546374.0,1546374.0,0.0,2014-02-25,2015-08-01,2015.0,8.0,522.0,10821.371588523443
Paseo da Vinci,Zibatá,155.4,234.74,73.9,5.44,2.0,Horizontal,1885467.0,1890367.0,0.0,2015-04-15,2015-08-21,2015.0,8.0,128.0,12164.52380952381
"Gran Capricho ""B""",nan,222.8,253.7,30.9,0.0,0.0,nan,2540777.0,2540777.0,0.0,2015-03-18,2015-08-10,2015.0,8.0,145.0,11403.846499102334
El Recuerdo,nan,190.8,236.47,0.0,45.67,0.0,Horizontal,2089169.88,2099319.88,0.0,2014-04-11,2015-08-10,2015.0,8.0,486.0,11002.724737945491
Paseo da Vinci,Zibatá,155.4,234.74,73.9,5.44,2.0,Horizontal,1904767.0,1904767.0,0.0,2015-04-15,2015-08-10,2015.0,8.0,117.0,12257.187902187901
Vista Esmeralda,Los Olvera,165.0,165.0,0.0,0.0,2.0,Horizontal,1776225.0,1767412.75,1.0,2015-06-10,2015-08-18,2015.0,8.0,69.0,10711.592424242424
Dos Cantos,nan,205.1,235.8,30.7,0.0,0.0,nan,2647577.0,2607863.35,1.5,2014-08-05,2015-08-24,2015.0,8.0,384.0,12715.082155046319
Gran Capricho,nan,222.21,257.14,34.93,0.0,2.0,nan,2677403.0,2677403.0,0.0,2013-11-22,2015-08-24,2015.0,8.0,640.0,12048.976193690653
Paseo Picasso - Inspira,Zibatá,155.3,221.0,65.7,0.0,2.0,Horizontal,1786332.0,1765653.7,2.5,2013-04-30,2015-08-17,2015.0,8.0,839.0,11369.309079201545
"Gran Capricho ""B""",nan,200.4,260.5,60.1,0.0,0.0,nan,2576251.0,2576251.0,0.0,2015-03-18,2015-08-17,2015.0,8.0,152.0,12855.543912175648
Gran Capricho,nan,205.14,235.14,30.0,0.0,2.0,nan,2407364.0,2407364.0,0.0,2013-11-22,2015-09-03,2015.0,9.0,650.0,11735.224724578338
Vista Esmeralda,Los Olvera,221.0,221.0,0.0,0.0,2.0,Horizontal,2268668.88,2223295.5,2.0,2015-06-10,2015-08-28,2015.0,8.0,79.0,10060.160633484164
Paseo Dalí,Zibatá,192.85,306.63,113.78,0.0,2.0,Horizontal,2288366.0,2309866.0,0.0,2015-08-10,2015-09-30,2015.0,9.0,51.0,11977.526575058337
El Recuerdo,nan,207.1,253.54,0.0,46.44,0.0,Horizontal,2099136.0,2028866.24,3.5,2014-04-11,2015-09-04,2015.0,9.0,511.0,9796.553549010141
Paseo da Vinci,Zibatá,130.9,147.7,0.0,16.8,2.0,Horizontal,1524108.0,1540908.0,0.0,2015-04-15,2015-09-14,2015.0,9.0,152.0,11771.642475171886
"Gran Capricho ""B""",nan,222.8,253.69,30.89,0.0,0.0,nan,2540777.0,2489961.46,2.0,2015-03-18,2015-08-17,2015.0,8.0,152.0,11175.769569120286
Vista Esmeralda,Los Olvera,144.0,144.0,0.0,0.0,2.0,Horizontal,1674304.0,1676654.0,0.0,2015-06-10,2015-08-31,2015.0,8.0,82.0,11643.430555555555
El Asombro,Punta Esmeralda,126.2,226.0,99.8,0.0,2.0,Horizontal,1522121.0,1522121.0,0.0,2014-02-25,2015-08-17,2015.0,8.0,538.0,12061.180665610142
"Tres Deseos ""B""",nan,153.44,221.29,0.0,67.85,0.0,Horizontal,1596129.0,1564206.42,2.0,2014-09-17,2015-08-27,2015.0,8.0,344.0,10194.254562043796
Gran Capricho,nan,205.14,236.34,31.2,0.0,2.0,nan,2376715.57,2376715.57,0.0,2013-11-22,2015-07-29,2015.0,7.0,614.0,11585.82221897241
Dos Cantos,nan,224.6,266.4,41.8,0.0,0.0,nan,2891092.0,2928365.12,0.0,2014-08-05,2015-08-14,2015.0,8.0,374.0,13038.134995547642
El Recuerdo,nan,207.1,253.54,0.0,46.44,0.0,Horizontal,2060442.0,2060442.0,0.0,2014-04-11,2015-08-26,2015.0,8.0,502.0,9949.01979719942
Dos Cantos,nan,224.6,266.4,41.8,0.0,0.0,nan,2891092.0,2820359.24,3.0,2014-08-05,2015-08-24,2015.0,8.0,384.0,12557.25396260018
Paseo Dalí,Zibatá,234.8,254.1,19.3,0.0,2.0,Horizontal,2583600.0,2610600.0,0.0,2015-08-10,2015-10-06,2015.0,10.0,57.0,11118.398637137989
Paseo Picasso - Inspira,Zibatá,155.3,221.0,65.7,0.0,2.0,Horizontal,1786332.0,1688083.74,5.5,2013-04-30,2015-09-17,2015.0,9.0,870.0,10869.82446877012
El Asombro,Punta Esmeralda,157.7,205.44,0.0,47.74,2.0,Horizontal,1566350.0,1550686.5,1.0,2014-02-25,2015-09-14,2015.0,9.0,566.0,9833.142041851617
El Asombro,Punta Esmeralda,125.0,215.9,90.9,0.0,2.0,Horizontal,1411407.0,1397292.93,1.0,2014-02-25,2015-09-14,2015.0,9.0,566.0,11178.343439999999
Paseo Dalí,Zibatá,178.7,236.17,0.0,57.47,2.0,Horizontal,1877537.0,1907937.0,0.0,2015-08-10,2015-10-14,2015.0,10.0,65.0,10676.75993284835
"Gran Capricho ""B""",nan,239.8,314.4,74.6,0.0,0.0,nan,2885451.0,2891401.0,0.0,2015-03-18,2015-08-22,2015.0,8.0,157.0,12057.552126772309
Paseo da Vinci,Zibatá,130.9,147.7,0.0,16.8,2.0,Horizontal,1524108.0,1517596.38,1.5,2015-04-15,2015-08-31,2015.0,8.0,138.0,11593.555233002291
Paseo Dalí,Zibatá,151.14,188.48,37.34,0.0,2.0,Horizontal,1863394.62,1863394.62,0.0,2015-08-10,2015-09-30,2015.0,9.0,51.0,12328.930924970227
El Recuerdo,nan,143.7,181.73,38.03,0.0,0.0,Horizontal,1817653.0,1772211.68,2.5,2014-04-11,2015-09-09,2015.0,9.0,516.0,12332.718719554628
El Milagro,El Refugio,158.0,262.7,104.7,0.0,2.0,Horizontal,1767879.0,1767879.0,0.0,2015-08-06,2015-09-28,2015.0,9.0,53.0,11189.10759493671
Paseo da Vinci,Zibatá,133.8,209.03,62.1,13.13,2.0,Horizontal,1550015.0,1563372.96,0.0,2015-04-15,2015-09-21,2015.0,9.0,159.0,11684.401793721972
Vista Esmeralda,Los Olvera,221.0,221.0,0.0,0.0,2.0,Horizontal,2268668.88,2245982.19,1.0,2015-06-10,2015-09-04,2015.0,9.0,86.0,10162.815339366516
Paseo Dalí,Zibatá,192.85,271.66,78.81,0.0,2.0,Horizontal,2272633.0,2303953.0,0.0,2015-08-10,2015-10-12,2015.0,10.0,63.0,11946.865439460722
"Tres Deseos ""B""",nan,123.54,190.54,67.0,0.0,0.0,Horizontal,1455600.0,1455600.0,0.0,2014-09-15,2015-09-17,2015.0,9.0,367.0,11782.418649830013
Vista Esmeralda,Los Olvera,165.0,165.0,0.0,0.0,2.0,Horizontal,1891680.0,1898677.12,0.0,2015-08-20,2015-09-07,2015.0,9.0,18.0,11507.134060606062
"Tres Deseos ""B""",nan,123.54,199.54,76.0,0.0,0.0,Horizontal,1434516.0,1412998.26,1.5,2014-09-15,2015-08-31,2015.0,8.0,350.0,11437.576979116075
Vista Esmeralda,Los Olvera,144.0,144.0,0.0,0.0,2.0,Horizontal,1738346.0,1738346.0,0.0,2015-08-20,2015-09-14,2015.0,9.0,25.0,12071.847222222223
Paseo da Vinci,Zibatá,180.4,305.36,44.42,80.54,2.0,Horizontal,1865721.0,1865721.0,0.0,2015-04-15,2015-09-03,2015.0,9.0,141.0,10342.134146341463
Vista Esmeralda,Los Olvera,224.0,224.0,0.0,0.0,2.0,Horizontal,2773324.0,2662391.04,4.0,2015-01-02,2015-09-09,2015.0,9.0,250.0,11885.674285714285
El Recuerdo,nan,181.2,315.13,133.93,0.0,0.0,Horizontal,2147625.0,2126148.75,1.0,2014-04-11,2015-09-28,2015.0,9.0,535.0,11733.712748344371
Paseo da Vinci,Zibatá,180.35,305.31,44.42,80.54,2.0,Horizontal,1865721.0,1865721.0,0.0,2015-04-15,2015-08-31,2015.0,8.0,138.0,10345.001386193513
Paseo Dalí,Zibatá,239.53,282.16,42.63,0.0,2.0,Horizontal,2454271.0,2429728.29,1.0,2015-08-10,2015-10-01,2015.0,10.0,52.0,10143.732684841147
"Tres Deseos ""B""",nan,123.92,278.92,155.0,0.0,0.0,Horizontal,1656785.0,1607081.45,3.0,2014-09-15,2015-08-31,2015.0,8.0,350.0,12968.70117817947
"Tres Deseos ""B""",nan,123.54,199.54,76.0,0.0,0.0,Horizontal,1434588.0,1391550.36,3.0,2014-09-15,2015-08-31,2015.0,8.0,350.0,11263.966002914036
El Recuerdo,nan,181.2,350.37,169.17,0.0,0.0,Horizontal,2196128.0,2214978.0,0.0,2014-04-11,2015-09-14,2015.0,9.0,521.0,12223.940397350994
Nuevo Capricho,nan,205.0,236.0,31.0,0.0,0.0,nan,2647577.0,2554911.81,3.5,2013-01-16,2015-09-09,2015.0,9.0,966.0,12462.98443902439
El Recuerdo,nan,165.2,201.53,36.33,0.0,0.0,Horizontal,1946110.0,1946110.0,0.0,2014-04-11,2015-08-31,2015.0,8.0,507.0,11780.326876513318
Gran Capricho,nan,205.14,236.14,31.0,0.0,2.0,nan,2559540.0,2508349.2,2.0,2013-11-22,2015-09-07,2015.0,9.0,654.0,12227.499268792046
El Recuerdo,nan,190.8,236.47,0.0,45.67,0.0,Horizontal,1991380.0,1971466.2,1.0,2014-04-11,2015-09-28,2015.0,9.0,535.0,10332.632075471698
Paseo Dalí,Zibatá,234.8,253.7,18.9,0.0,2.0,Horizontal,2342269.0,2318846.31,1.0,2015-08-10,2015-10-01,2015.0,10.0,52.0,9875.836073253833
El Recuerdo,nan,165.2,201.53,36.33,0.0,0.0,Horizontal,1882153.0,1835099.18,2.5,2014-04-11,2015-09-04,2015.0,9.0,511.0,11108.348547215497
El Recuerdo,nan,143.7,181.71,38.01,0.0,0.0,Horizontal,1861106.24,1861106.24,0.0,2014-04-11,2015-09-28,2015.0,9.0,535.0,12951.330828114127
Tres Deseos,nan,143.33,201.25,0.0,57.92,0.0,nan,1551622.0,1512831.45,2.5,2013-05-13,2015-09-21,2015.0,9.0,861.0,10554.883485662456
Paseo da Vinci,Zibatá,180.4,305.36,44.42,80.54,2.0,Horizontal,1897550.55,1897550.55,0.0,2015-04-15,2015-10-05,2015.0,10.0,173.0,10518.572893569844
Vista Esmeralda,Los Olvera,194.0,194.0,0.0,0.0,2.0,Horizontal,2418668.88,2418668.88,0.0,2015-08-20,2015-10-05,2015.0,10.0,46.0,12467.365360824742
El Recuerdo,nan,181.7,217.09,35.39,0.0,0.0,Horizontal,2294831.0,2294831.0,0.0,2014-04-11,2015-09-14,2015.0,9.0,521.0,12629.779856906991
El Recuerdo,nan,121.3,161.11,39.81,0.0,0.0,Horizontal,1614527.0,1574163.83,2.5,2014-04-11,2015-09-17,2015.0,9.0,524.0,12977.442951360264
El Recuerdo,nan,181.2,367.02,185.82,0.0,0.0,Horizontal,2226128.0,2148213.52,3.5,2014-04-11,2015-09-30,2015.0,9.0,537.0,11855.483002207506
El Recuerdo,nan,190.8,236.47,0.0,45.67,0.0,Horizontal,2028776.0,1957768.84,3.5,2014-04-11,2015-09-30,2015.0,9.0,537.0,10260.842976939202
El Recuerdo,nan,207.1,253.54,0.0,46.44,0.0,Horizontal,2329136.0,2329136.0,0.0,2014-04-11,2015-09-22,2015.0,9.0,529.0,11246.431675519074
"Tres Deseos ""B""",nan,158.34,205.84,0.0,47.5,0.0,Horizontal,1589844.0,1589844.0,0.0,2014-09-15,2015-09-23,2015.0,9.0,373.0,10040.697233800682
"Tres Deseos ""B""",nan,123.54,230.54,107.0,0.0,0.0,Horizontal,1508726.0,1508726.0,0.0,2014-09-15,2015-10-20,2015.0,10.0,400.0,12212.449409098268
"Gran Capricho ""B""",nan,222.8,253.69,30.89,0.0,0.0,nan,2540777.0,2540777.0,0.0,2015-03-18,2015-10-20,2015.0,10.0,216.0,11403.846499102334
Paseo Dalí,Zibatá,178.72,236.19,0.0,57.47,2.0,Horizontal,1896313.0,1925743.61,3.0,2015-08-10,2015-10-20,2015.0,10.0,71.0,10775.199250223814
El Recuerdo,nan,143.7,181.73,38.03,0.0,0.0,Horizontal,1817653.0,1817653.0,0.0,2014-04-11,2015-10-22,2015.0,10.0,559.0,12648.942240779403
Paseo Dalí,Zibatá,192.6,257.6,65.0,0.0,2.0,Horizontal,2506007.0,2506007.0,0.0,2015-08-10,2015-10-09,2015.0,10.0,60.0,13011.458982346834
Paseo Dalí,Zibatá,56.14,70.23,14.09,0.0,2.0,Horizontal,856301.0,830611.97,3.0,2015-08-10,2015-10-20,2015.0,10.0,71.0,14795.368186676165
Paseo Dalí,Zibatá,92.64,113.99,21.35,0.0,2.0,Horizontal,1220307.0,1191347.79,3.0,2015-08-10,2015-10-20,2015.0,10.0,71.0,12859.971826424871
Gran Capricho,nan,205.1,236.1,31.0,0.0,2.0,nan,2500215.89,2504215.89,0.0,2013-11-22,2015-10-21,2015.0,10.0,698.0,12209.731301803999
Paseo Dalí,Zibatá,201.1,252.9,51.8,0.0,2.0,Horizontal,2359731.0,2359731.0,0.0,2015-08-10,2015-11-13,2015.0,11.0,95.0,11734.117354549975
Paseo Dalí,Zibatá,178.7,236.17,0.0,57.47,2.0,Horizontal,1896313.0,1896313.0,0.0,2015-08-10,2015-10-20,2015.0,10.0,71.0,10611.712367095692
El Asombro,Punta Esmeralda,142.2,199.7,0.0,57.5,2.0,Horizontal,1483673.0,1444744.45,3.5,2014-02-25,2015-10-19,2015.0,10.0,601.0,10159.946905766526
El Recuerdo,nan,165.2,201.53,36.33,0.0,0.0,Horizontal,1982657.0,1987657.0,0.0,2014-04-11,2015-11-03,2015.0,11.0,571.0,12031.822033898306
Paseo Picasso - Inspira,Zibatá,168.8,206.9,38.1,0.0,2.0,Horizontal,1861295.18,1824069.28,2.0,2013-04-30,2015-12-17,2015.0,12.0,961.0,10806.097630331753
Paseo da Vinci,Zibatá,133.8,166.7,19.77,13.13,2.0,Horizontal,1526428.0,1526428.0,0.0,2015-04-15,2015-10-26,2015.0,10.0,194.0,11408.28101644245
"Tres Deseos ""B""",nan,123.92,207.92,84.0,0.0,0.0,Horizontal,1677645.0,1677645.0,0.0,2014-09-17,2015-10-22,2015.0,10.0,400.0,13538.129438347321
El Milagro,El Refugio,121.36,164.39,43.03,0.0,2.0,Horizontal,1467618.0,1467618.0,0.0,2015-08-06,2015-10-30,2015.0,10.0,85.0,12093.094924192485
Paseo Picasso - Inspira,Zibatá,187.4,214.4,0.0,27.0,2.0,Horizontal,1977320.0,1981320.0,0.0,2013-04-30,2015-10-29,2015.0,10.0,912.0,10572.678762006402
Paseo da Vinci,Zibatá,130.9,147.7,0.0,16.8,2.0,Horizontal,1541711.0,1545711.0,0.0,2015-04-15,2015-11-09,2015.0,11.0,208.0,11808.3346065699
Paseo da Vinci,Zibatá,130.9,147.7,0.0,16.8,2.0,Horizontal,1541711.0,1524108.0,0.0,2015-04-15,2015-10-31,2015.0,10.0,199.0,11643.300229182581
Paseo da Vinci,Zibatá,133.8,166.73,19.8,13.13,2.0,Horizontal,1587943.05,1580003.33,0.5,2015-04-15,2015-10-31,2015.0,10.0,199.0,11808.694544095664
Gran Capricho,nan,205.14,236.14,31.0,0.0,2.0,nan,2487777.0,2430582.58,2.5,2013-11-22,2015-11-07,2015.0,11.0,715.0,11848.408793994346
"Tres Deseos ""B""",nan,153.44,221.29,0.0,67.85,0.0,Horizontal,1639225.0,1639225.0,0.0,2014-09-15,2015-11-18,2015.0,11.0,429.0,10683.166058394161
"Gran Capricho ""B""",nan,222.8,253.7,30.9,0.0,0.0,nan,2617000.0,2617000.0,0.0,2015-03-18,2015-10-29,2015.0,10.0,225.0,11745.960502692998
Paseo da Vinci,Zibatá,130.9,147.7,0.0,16.8,2.0,Horizontal,1603379.0,1602262.11,0.5,2015-04-15,2015-11-21,2015.0,11.0,220.0,12240.352253628724
El Milagro,El Refugio,121.4,154.7,33.3,0.0,2.0,Horizontal,1440840.9,1443790.9,0.0,2015-08-06,2015-10-31,2015.0,10.0,86.0,11892.841021416803
El Recuerdo,nan,143.7,181.73,38.03,0.0,0.0,Horizontal,1817653.0,1772211.68,2.5,2014-04-11,2015-11-24,2015.0,11.0,592.0,12332.718719554628
Paseo da Vinci,Zibatá,155.3,162.66,0.0,7.36,2.0,Horizontal,1636623.0,1603890.54,2.0,2015-04-15,2015-10-26,2015.0,10.0,194.0,10327.69182227946
El Milagro,El Refugio,157.96,179.07,21.11,0.0,2.0,Horizontal,1757796.0,1774096.0,0.0,2015-08-06,2015-10-31,2015.0,10.0,86.0,11231.299063053937
Paseo da Vinci,Zibatá,130.9,147.7,0.0,16.8,2.0,Horizontal,1564273.0,1569430.27,1.0,2015-04-15,2015-11-13,2015.0,11.0,212.0,11989.536058059588
Paseo Dalí,Zibatá,192.9,295.1,102.2,0.0,2.0,Horizontal,2292153.0,2200466.88,4.0,2015-08-10,2016-01-28,2016.0,1.0,171.0,11407.2933125972
Paseo Picasso - Inspira,Zibatá,168.8,222.7,53.9,0.0,2.0,Horizontal,1886535.0,1868936.98,1.5,2013-04-30,2015-11-11,2015.0,11.0,925.0,11071.90154028436
Paseo da Vinci,Zibatá,130.9,147.7,0.0,16.8,2.0,Horizontal,1564273.0,1581073.0,0.0,2015-04-15,2015-11-23,2015.0,11.0,222.0,12078.47975553858
El Milagro,El Refugio,121.36,155.73,34.37,0.0,2.0,Horizontal,1506394.0,1523594.0,0.0,2015-08-06,2015-11-07,2015.0,11.0,93.0,12554.334212261041
Paseo Dalí,Zibatá,165.0,189.5,24.5,0.0,2.0,Horizontal,2076000.0,2076000.0,0.0,2015-08-10,2015-11-16,2015.0,11.0,98.0,12581.818181818182
Paseo da Vinci,Zibatá,133.8,166.73,19.8,13.13,2.0,Horizontal,1587943.05,1580003.33,0.5,2015-04-15,2015-11-23,2015.0,11.0,222.0,11808.694544095664
El Recuerdo,nan,165.2,201.5,36.3,0.0,0.0,Horizontal,1982657.0,2012157.0,0.0,2014-04-11,2015-11-07,2015.0,11.0,575.0,12180.127118644068
Paseo da Vinci,Zibatá,155.3,162.66,0.0,7.36,2.0,Horizontal,1681289.0,1639256.78,2.5,2015-04-15,2015-11-19,2015.0,11.0,218.0,10555.420347714102
Paseo da Vinci,Zibatá,162.1,241.73,36.3,43.33,2.0,Horizontal,1747734.0,1747734.0,0.0,2015-04-15,2015-11-14,2015.0,11.0,213.0,10781.826033312771
El Recuerdo,nan,143.7,181.71,38.01,0.0,0.0,Horizontal,1861106.24,1814578.58,2.5,2014-04-11,2015-11-11,2015.0,11.0,579.0,12627.547529575506
El Asombro,Punta Esmeralda,151.72,219.97,0.0,68.25,2.0,Horizontal,1595571.0,1531748.16,4.0,2014-02-25,2015-12-15,2015.0,12.0,658.0,10095.88821513314
El Recuerdo,nan,165.2,201.53,36.33,0.0,0.0,Horizontal,1882153.0,1835099.18,2.5,2014-04-11,2015-11-05,2015.0,11.0,573.0,11108.348547215497
El Recuerdo,nan,181.2,292.8,111.6,0.0,0.0,Horizontal,2229970.57,2254363.61,0.0,2014-04-11,2015-09-18,2015.0,9.0,525.0,12441.30027593819
Paseo da Vinci,Zibatá,162.1,241.43,36.0,43.33,2.0,Horizontal,1747434.0,1747434.0,0.0,2015-04-15,2015-09-29,2015.0,9.0,167.0,10779.975323874152
Vista Esmeralda,Los Olvera,165.0,395.36,230.36,0.0,2.0,Horizontal,2007000.0,2011000.0,0.0,2015-08-20,2015-10-02,2015.0,10.0,43.0,12187.878787878788
"Gran Capricho ""B""",nan,239.8,314.4,74.6,0.0,0.0,nan,2885451.0,2891401.0,0.0,2015-03-18,2015-09-24,2015.0,9.0,190.0,12057.552126772309
Tres Deseos,nan,153.44,221.29,0.0,67.85,0.0,nan,1577893.0,1538445.68,2.5,2013-05-13,2015-09-24,2015.0,9.0,864.0,10026.36652763295
Paseo Dalí,Zibatá,194.66,236.35,41.69,0.0,2.0,Horizontal,2127717.0,2127717.0,0.0,2015-10-03,2015-10-19,2015.0,10.0,16.0,10930.427411897668
Gran Capricho,nan,205.14,236.26,31.12,0.0,2.0,nan,2487777.0,2519977.0,0.0,2013-11-22,2015-09-30,2015.0,9.0,677.0,12284.181534561763
"Tres Deseos ""B""",nan,123.54,199.54,76.0,0.0,0.0,Horizontal,1442762.0,1449720.57,1.5,2014-09-15,2015-10-12,2015.0,10.0,392.0,11734.827343370569
"Tres Deseos ""B""",nan,123.92,207.92,84.0,0.0,0.0,Horizontal,1601975.03,1601975.03,0.0,2014-09-15,2015-10-05,2015.0,10.0,385.0,12927.493786313751
Vista Esmeralda,Los Olvera,224.0,224.0,0.0,0.0,2.0,Horizontal,2602186.0,2510000.96,3.54,2013-01-16,2015-10-06,2015.0,10.0,993.0,11205.361428571428
Vista Esmeralda,Los Olvera,224.0,224.0,0.0,0.0,2.0,Horizontal,2771272.0,2771272.0,0.0,2015-01-02,2015-09-29,2015.0,9.0,270.0,12371.75
El Recuerdo,nan,165.2,201.53,36.33,0.0,0.0,Horizontal,1946110.0,1965110.0,0.0,2014-04-11,2015-09-30,2015.0,9.0,537.0,11895.338983050848
El Asombro,Punta Esmeralda,126.2,231.5,105.3,0.0,2.0,Horizontal,1631237.0,1646037.0,0.0,2014-02-25,2015-10-03,2015.0,10.0,585.0,13043.082408874801
Paseo da Vinci,Zibatá,162.1,233.63,28.2,43.33,2.0,Horizontal,1771768.0,1771768.0,0.0,2015-04-15,2015-10-05,2015.0,10.0,173.0,10930.092535471931
El Asombro,Punta Esmeralda,142.9,227.1,84.2,0.0,2.0,Horizontal,1546374.0,1515446.52,2.0,2014-02-25,2015-10-12,2015.0,10.0,594.0,10604.944156752974
El Recuerdo,nan,181.7,217.09,35.39,0.0,0.0,Horizontal,2294831.0,2294831.0,0.0,2014-04-11,2015-10-08,2015.0,10.0,545.0,12629.779856906991
Vista Esmeralda,Los Olvera,144.0,144.0,0.0,0.0,2.0,Horizontal,1738346.0,1712270.81,1.5,2015-08-20,2015-10-02,2015.0,10.0,43.0,11890.769513888888
El Recuerdo,nan,190.8,236.47,0.0,45.67,0.0,Horizontal,2028766.0,1998334.51,1.5,2014-04-11,2015-10-09,2015.0,10.0,546.0,10473.451310272536
"Gran Capricho ""B""",nan,180.1,270.6,90.5,0.0,0.0,nan,2479628.0,2479628.0,0.0,2015-03-18,2015-10-06,2015.0,10.0,202.0,13768.062187673515
Paseo Picasso - Inspira,Zibatá,155.3,221.0,65.7,0.0,2.0,Horizontal,1884765.0,1855845.88,2.5,2013-04-30,2015-10-06,2015.0,10.0,889.0,11950.070057952349
"Tres Deseos ""B""",nan,141.6,226.6,85.0,0.0,0.0,Horizontal,1855239.0,1855239.0,0.0,2014-09-15,2015-10-14,2015.0,10.0,394.0,13101.970338983052
El Recuerdo,nan,181.7,217.09,35.39,0.0,0.0,Horizontal,2294831.0,2294831.0,0.0,2014-04-11,2015-09-30,2015.0,9.0,537.0,12629.779856906991
Gran Capricho,nan,205.1,236.3,31.2,0.0,2.0,nan,2500215.89,2500215.89,0.0,2013-11-22,2015-10-10,2015.0,10.0,687.0,12190.228620185277
El Recuerdo,nan,181.7,217.09,35.39,0.0,0.0,Horizontal,2294831.0,2294831.0,0.0,2014-04-11,2015-09-30,2015.0,9.0,537.0,12629.779856906991
Paseo Picasso - Inspira,Zibatá,187.4,214.4,0.0,27.0,2.0,Horizontal,1977320.0,1977320.0,0.0,2013-04-02,2015-10-19,2015.0,10.0,930.0,10551.334044823905
El Recuerdo,nan,121.3,161.11,39.81,0.0,0.0,Horizontal,1614527.0,1574163.83,2.5,2014-04-11,2015-10-28,2015.0,10.0,565.0,12977.442951360264
Gran Capricho,nan,274.68,337.52,62.84,0.0,2.0,nan,2946399.0,2946399.0,0.0,2013-11-22,2015-09-17,2015.0,9.0,664.0,10726.660113586719
El Respiro,nan,152.6,220.6,0.0,68.0,0.0,nan,1905555.0,1874466.13,2.5,2013-02-20,2015-10-16,2015.0,10.0,968.0,12283.526408912188
El Asombro,Punta Esmeralda,142.9,228.5,85.6,0.0,2.0,Horizontal,1607777.0,1607777.0,0.0,2014-02-25,2015-10-19,2015.0,10.0,601.0,11251.063680895732
"Tres Deseos ""B""",nan,123.54,199.54,76.0,0.0,0.0,Horizontal,1473791.0,1436946.23,2.5,2014-09-15,2015-10-12,2015.0,10.0,392.0,11631.424882629108
El Recuerdo,nan,165.2,201.53,36.33,0.0,0.0,Horizontal,1946110.0,1965110.0,0.0,2014-04-11,2015-10-06,2015.0,10.0,543.0,11895.338983050848
El Asombro,Punta Esmeralda,142.2,199.7,0.0,57.5,2.0,Horizontal,1461777.0,1481077.0,0.0,2014-02-25,2015-10-13,2015.0,10.0,595.0,10415.450070323488
El Recuerdo,nan,143.7,181.73,38.03,0.0,0.0,Horizontal,1817653.0,1781299.94,2.0,2014-04-11,2015-10-14,2015.0,10.0,551.0,12395.963395963814
Paseo Dalí,Zibatá,192.6,265.1,72.5,0.0,2.0,Horizontal,2377043.0,2377043.0,0.0,2015-08-10,2015-10-12,2015.0,10.0,63.0,12341.863966770508
Gran Capricho,nan,274.68,337.52,62.84,0.0,2.0,nan,2990861.37,3015861.37,0.0,2013-11-22,2015-09-17,2015.0,9.0,664.0,10979.54481578564
"Tres Deseos ""B""",nan,141.6,244.6,103.0,0.0,0.0,Horizontal,1964500.0,1964500.0,0.0,2014-09-17,2015-10-20,2015.0,10.0,398.0,13873.58757062147
Paseo da Vinci,Zibatá,180.4,305.34,44.4,80.54,2.0,Horizontal,1940350.0,1936469.3,0.2,2015-04-15,2015-10-19,2015.0,10.0,187.0,10734.308758314855
El Asombro,Punta Esmeralda,126.2,225.9,99.7,0.0,2.0,Horizontal,1522121.0,1522121.0,0.0,2014-02-25,2015-10-15,2015.0,10.0,597.0,12061.180665610142
Paseo da Vinci,Zibatá,180.4,305.34,44.4,80.54,2.0,Horizontal,1940350.0,1940350.0,0.0,2015-04-15,2015-10-19,2015.0,10.0,187.0,10755.820399113081
"Tres Deseos ""B""",nan,158.34,205.84,0.0,47.5,0.0,Horizontal,1673058.0,1673058.0,0.0,2014-09-15,2015-11-18,2015.0,11.0,429.0,10566.237211064798
"Tres Deseos ""B""",nan,141.63,224.63,83.0,0.0,0.0,Horizontal,1752729.0,1769529.0,0.0,2014-09-15,2015-11-21,2015.0,11.0,432.0,12494.02668926075
El Recuerdo,nan,165.2,201.53,36.33,0.0,0.0,Horizontal,1982657.0,1982657.0,0.0,2014-04-11,2015-11-18,2015.0,11.0,586.0,12001.55569007264
El Asombro,Punta Esmeralda,126.2,225.92,99.72,0.0,2.0,Horizontal,1547777.0,1524560.35,1.5,2014-02-25,2015-11-17,2015.0,11.0,630.0,12080.509904912837
Paseo da Vinci,Zibatá,155.3,162.66,0.0,7.36,2.0,Horizontal,1702088.96,1702088.96,0.0,2015-04-15,2015-12-31,2015.0,12.0,260.0,10960.006181584029
"Tres Deseos ""B""",nan,141.63,208.63,67.0,0.0,0.0,Horizontal,1750243.0,1706486.93,2.5,2014-09-17,2015-11-26,2015.0,11.0,435.0,12048.908635176163
Vista Esmeralda,Los Olvera,224.0,224.0,0.0,0.0,2.0,Horizontal,2898628.0,2938996.0,0.0,2015-01-02,2015-11-30,2015.0,11.0,332.0,13120.517857142857
"Tres Deseos ""B""",nan,153.44,221.29,0.0,67.85,0.0,Horizontal,1699878.0,1691378.61,0.5,2014-09-15,2016-01-11,2016.0,1.0,483.0,11023.061848279458
Paseo Dalí,Zibatá,192.55,249.8,57.25,0.0,2.0,Horizontal,2354971.0,2296096.73,2.5,2015-08-10,2015-12-07,2015.0,12.0,119.0,11924.677901843675
Vista Esmeralda,Los Olvera,224.0,224.0,0.0,0.0,2.0,Horizontal,2972453.12,2922253.12,0.0,2015-01-02,2015-12-11,2015.0,12.0,343.0,13045.772857142858
El Recuerdo,nan,165.2,201.53,36.33,0.0,0.0,Horizontal,1982657.0,2005657.0,0.0,2014-04-11,2016-01-18,2016.0,1.0,647.0,12140.780871670702
Gran Capricho,nan,220.58,315.01,94.43,0.0,2.0,nan,2920000.0,2920000.0,0.0,2013-11-22,2015-11-24,2015.0,11.0,732.0,13237.8275455617
El Asombro,Punta Esmeralda,151.7,219.95,0.0,68.25,2.0,Horizontal,1595571.0,1595571.0,0.0,2014-02-25,2016-01-20,2016.0,1.0,694.0,10517.936717205012
El Milagro,El Refugio,146.7,189.9,43.2,0.0,2.0,Horizontal,1840267.24,1840267.24,0.0,2015-08-06,2015-11-23,2015.0,11.0,109.0,12544.425630538515
El Milagro,El Refugio,146.7,199.2,52.5,0.0,2.0,Horizontal,1702657.0,1702657.0,0.0,2015-08-06,2016-01-11,2016.0,1.0,158.0,11606.387184730744
Paseo Dalí,Zibatá,179.51,232.28,52.77,0.0,2.0,Horizontal,2198650.0,2198650.0,0.0,2015-08-10,2015-11-23,2015.0,11.0,105.0,12248.064174697789
Paseo da Vinci,Zibatá,155.3,162.66,0.0,7.36,2.0,Horizontal,1636624.0,1636624.0,0.0,2015-04-15,2015-11-23,2015.0,11.0,222.0,10538.467482292337
"Gran Capricho ""B""",nan,180.1,270.6,90.5,0.0,0.0,nan,2479628.0,2479628.0,0.0,2015-03-18,2016-01-05,2016.0,1.0,293.0,13768.062187673515
El Milagro,El Refugio,158.0,179.11,21.11,0.0,2.0,Horizontal,1757796.0,1757796.0,0.0,2015-08-06,2016-01-11,2016.0,1.0,158.0,11125.291139240506
El Milagro,El Refugio,146.7,197.0,50.3,0.0,2.0,Horizontal,1709407.25,1658125.03,3.0,2015-08-06,2015-12-14,2015.0,12.0,130.0,11302.829107021133
"Tres Deseos ""B""",nan,123.54,199.54,76.0,0.0,0.0,Horizontal,1481159.96,1458942.56,1.5,2014-09-15,2015-11-30,2015.0,11.0,441.0,11809.475149749069
El Recuerdo,nan,165.2,201.53,36.33,0.0,0.0,Horizontal,1982657.0,1928177.29,3.0,2014-04-11,2016-01-05,2016.0,1.0,634.0,11671.775363196128
Paseo Picasso - Inspira,Zibatá,168.8,199.7,30.9,0.0,2.0,Horizontal,1922018.35,1922018.35,0.0,2013-04-30,2015-11-27,2015.0,11.0,941.0,11386.364632701421
Paseo Dalí,Zibatá,234.8,252.68,17.88,0.0,2.0,Horizontal,2382973.59,2390373.59,0.0,2015-08-10,2016-01-20,2016.0,1.0,163.0,10180.466737649062
Vista Esmeralda,Los Olvera,221.0,221.0,0.0,0.0,2.0,Horizontal,2411148.0,2411148.0,0.0,2015-06-10,2015-12-23,2015.0,12.0,196.0,10910.171945701357
El Recuerdo,nan,165.2,201.53,36.33,0.0,0.0,Horizontal,1992570.29,1951793.18,3.0,2014-04-11,2015-12-14,2015.0,12.0,612.0,11814.728692493947
El Milagro,El Refugio,121.4,151.8,30.4,0.0,2.0,Horizontal,1737782.89,1737782.89,0.0,2015-08-06,2016-01-11,2016.0,1.0,158.0,14314.521334431629
Vista Esmeralda,Los Olvera,221.0,221.0,0.0,0.0,2.0,Horizontal,2411148.0,2411148.0,0.0,2015-06-10,2016-07-28,2016.0,7.0,414.0,10910.171945701357
El Milagro,El Refugio,121.4,147.03,25.63,0.0,2.0,Horizontal,1501605.67,1464065.53,2.5,2015-08-06,2016-01-14,2016.0,1.0,161.0,12059.847858319605
Paseo da Vinci,Zibatá,155.3,162.66,0.0,7.36,2.0,Horizontal,1665324.0,1656997.38,0.5,2015-04-15,2016-01-22,2016.0,1.0,282.0,10669.654732775272
Gran Capricho,nan,194.47,239.91,45.44,0.0,2.0,nan,2569251.0,2569251.0,0.0,2013-11-22,2016-01-11,2016.0,1.0,780.0,13211.554481411014
Paseo Dalí,Zibatá,201.1,252.9,51.8,0.0,2.0,Horizontal,2504724.92,2504724.92,0.0,2015-08-10,2016-01-08,2016.0,1.0,151.0,12455.121432123322
El Recuerdo,nan,190.8,236.47,0.0,45.67,0.0,Horizontal,2089169.88,2036644.78,3.0,2014-04-11,2015-12-13,2015.0,12.0,611.0,10674.238888888889
Paseo Dalí,Zibatá,234.8,252.7,17.9,0.0,2.0,Horizontal,2382973.59,2382973.59,0.0,2015-08-10,2016-02-08,2016.0,2.0,182.0,10148.950553662691
Paseo da Vinci,Zibatá,155.3,162.66,0.0,7.36,2.0,Horizontal,1689695.45,1659210.15,2.5,2015-04-15,2016-01-27,2016.0,1.0,287.0,10683.903090792013
El Recuerdo,nan,143.7,181.73,38.03,0.0,0.0,Horizontal,1861106.24,1859595.18,1.0,2014-04-11,2016-01-11,2016.0,1.0,640.0,12940.815448851776
"Tres Deseos ""B""",nan,123.54,214.54,91.0,0.0,0.0,Horizontal,1465406.58,1465406.58,0.0,2014-09-15,2016-01-15,2016.0,1.0,487.0,11861.798445847498
El Recuerdo,nan,181.7,217.1,35.4,0.0,0.0,Horizontal,2583842.28,2583842.28,0.0,2015-11-13,2016-01-06,2016.0,1.0,54.0,14220.375784259768
El Asombro,Punta Esmeralda,142.2,199.7,0.0,57.5,2.0,Horizontal,1493673.0,1493673.0,0.0,2014-02-25,2016-01-09,2016.0,1.0,683.0,10504.02953586498
El Asombro,Punta Esmeralda,126.2,225.92,99.72,0.0,2.0,Horizontal,1547777.0,1516821.46,2.0,2014-02-25,2016-01-11,2016.0,1.0,685.0,12019.187480190174
El Recuerdo,nan,190.8,236.47,0.0,45.67,0.0,Horizontal,2089169.88,2089169.88,0.0,2014-04-11,2016-01-11,2016.0,1.0,640.0,10949.527672955974
Paseo Dalí,Zibatá,151.14,188.48,37.34,0.0,2.0,Horizontal,1863394.62,1863394.62,0.0,2015-08-10,2016-01-11,2016.0,1.0,154.0,12328.930924970227
El Milagro,El Refugio,158.0,179.1,21.1,0.0,2.0,Horizontal,1766584.83,1782884.83,0.0,2015-08-06,2016-01-11,2016.0,1.0,158.0,11284.081202531646
Paseo da Vinci,Zibatá,180.4,305.36,44.42,80.54,2.0,Horizontal,1897550.55,1897550.55,0.0,2015-04-15,2016-01-18,2016.0,1.0,278.0,10518.572893569844
Paseo da Vinci,Zibatá,180.4,305.36,44.42,80.54,2.0,Horizontal,1897550.55,1897550.55,0.0,2015-04-15,2016-01-11,2016.0,1.0,271.0,10518.572893569844
Tres Deseos,nan,143.33,201.25,0.0,57.92,0.0,nan,1517618.0,1536918.0,0.0,2013-05-13,2015-12-21,2015.0,12.0,952.0,10722.933091467243
El Milagro,El Refugio,146.7,189.3,42.6,0.0,2.0,Horizontal,1835267.24,1835267.24,0.0,2015-08-06,2016-01-11,2016.0,1.0,158.0,12510.342467620996
Paseo da Vinci,Zibatá,152.1,231.0,28.4,50.5,2.0,Horizontal,1662195.63,1662195.63,0.0,2015-04-15,2016-01-19,2016.0,1.0,279.0,10928.307889546351
"Gran Capricho ""B""",nan,239.8,311.5,71.7,0.0,0.0,nan,2937324.0,2893264.14,1.5,2015-03-18,2016-01-12,2016.0,1.0,300.0,12065.32168473728
"Gran Capricho ""B""",nan,222.8,253.69,30.89,0.0,0.0,nan,2540777.0,2477257.58,2.5,2015-03-18,2016-02-04,2016.0,2.0,323.0,11118.750359066427
Gran Capricho,nan,205.1,236.1,31.0,0.0,2.0,nan,2500215.89,2504215.89,0.0,2013-11-22,2016-01-26,2016.0,1.0,795.0,12209.731301803999
El Recuerdo,nan,143.7,181.73,38.03,0.0,0.0,Horizontal,1861106.24,1814578.58,2.5,2014-04-11,2016-01-07,2016.0,1.0,636.0,12627.547529575506
Paseo da Vinci,Zibatá,160.6,239.3,28.2,50.5,2.0,Horizontal,1749660.78,1749660.78,0.0,2015-04-15,2016-01-22,2016.0,1.0,282.0,10894.525404732254
Paseo da Vinci,Zibatá,160.6,239.5,28.4,50.5,2.0,Horizontal,1749962.28,1749962.28,0.0,2015-04-15,2016-01-25,2016.0,1.0,285.0,10896.402739726029
Paseo da Vinci,Zibatá,180.4,305.34,44.4,80.54,2.0,Horizontal,1940350.0,1940350.0,0.0,2015-04-15,2016-01-25,2016.0,1.0,285.0,10755.820399113081
El Milagro,El Refugio,147.3,169.8,22.5,0.0,2.0,Horizontal,1670263.53,1670263.53,0.0,2015-08-06,2016-01-14,2016.0,1.0,161.0,11339.195723014256
"Tres Deseos ""B""",nan,153.44,221.29,0.0,67.85,0.0,Horizontal,1727511.59,1727511.59,0.0,2014-09-15,2016-01-12,2016.0,1.0,484.0,11258.547901459855
Paseo da Vinci,Zibatá,133.8,166.73,19.8,13.13,2.0,Horizontal,1532059.14,1532059.14,0.0,2015-04-15,2016-01-18,2016.0,1.0,278.0,11450.36726457399
Vista Esmeralda,Los Olvera,224.0,224.0,0.0,0.0,2.0,Horizontal,2878736.0,2786736.0,0.0,2015-12-01,2016-01-20,2016.0,1.0,50.0,12440.785714285714
El Recuerdo,nan,190.8,236.47,0.0,45.67,0.0,Horizontal,2089169.88,2047090.63,2.5,2014-04-11,2016-01-18,2016.0,1.0,647.0,10728.986530398322
"Gran Capricho ""B""",nan,180.1,267.7,87.6,0.0,0.0,nan,2498772.0,2536296.26,0.0,2015-03-18,2016-01-15,2016.0,1.0,303.0,14082.71104941699
Paseo da Vinci,Zibatá,152.1,230.75,28.15,50.5,2.0,Horizontal,1624962.39,1611637.95,1.5,2015-04-15,2016-01-11,2016.0,1.0,271.0,10595.910256410256
El Recuerdo,nan,121.3,161.1,39.8,0.0,0.0,Horizontal,1666609.0,1666609.0,0.0,2015-11-13,2016-01-11,2016.0,1.0,59.0,13739.563066776587
El Recuerdo,nan,121.3,161.11,39.81,0.0,0.0,Horizontal,1637837.0,1629647.82,0.5,2014-04-11,2016-01-15,2016.0,1.0,644.0,13434.854245671888
El Recuerdo,nan,143.7,181.71,38.01,0.0,0.0,Horizontal,1861106.24,1861106.24,0.0,2014-04-11,2016-01-15,2016.0,1.0,644.0,12951.330828114127
Paseo da Vinci,Zibatá,180.4,305.34,44.4,80.54,2.0,Horizontal,1988900.0,1988900.0,0.0,2015-04-15,2016-01-19,2016.0,1.0,279.0,11024.944567627494
Paseo Picasso - Inspira,Zibatá,168.8,199.7,30.9,0.0,2.0,Horizontal,1861295.18,1861295.18,0.0,2013-04-30,2016-01-20,2016.0,1.0,995.0,11026.63021327014
El Recuerdo,nan,121.3,161.1,39.8,0.0,0.0,Horizontal,1666609.0,1624943.78,2.5,2015-11-13,2016-01-18,2016.0,1.0,66.0,13396.074031327289
El Asombro,Punta Esmeralda,157.66,205.4,0.0,47.74,2.0,Horizontal,1566350.0,1566350.0,0.0,2014-02-25,2016-01-13,2016.0,1.0,687.0,9934.986680197895
El Recuerdo,nan,121.3,161.1,39.8,0.0,0.0,Horizontal,1666609.0,1679309.79,0.0,2015-11-13,2016-01-18,2016.0,1.0,66.0,13844.268672712284
El Milagro,El Refugio,146.7,186.2,39.5,0.0,2.0,Horizontal,1884106.0,1884106.0,0.0,2015-08-06,2016-01-30,2016.0,1.0,177.0,12843.258350374916
El Milagro,El Refugio,121.4,145.9,24.5,0.0,2.0,Horizontal,1580200.0,1580200.0,0.0,2015-08-06,2016-01-28,2016.0,1.0,175.0,13016.4744645799
Paseo Dalí,Zibatá,234.8,252.68,17.88,0.0,2.0,Horizontal,2382973.59,2374228.99,1.5,2015-08-10,2016-01-25,2016.0,1.0,168.0,10111.707793867121
El Milagro,El Refugio,158.0,179.1,21.1,0.0,2.0,Horizontal,1898537.0,1898537.0,0.0,2015-08-06,2016-01-25,2016.0,1.0,172.0,12016.056962025317
Paseo da Vinci,Zibatá,162.1,241.1,36.0,43.0,2.0,Horizontal,1756171.17,1756171.17,0.0,2015-04-15,2016-01-31,2016.0,1.0,291.0,10833.875200493523
Gran Capricho,nan,239.8,290.4,50.6,0.0,2.0,nan,2958869.0,2884897.28,2.5,2013-11-22,2016-01-15,2016.0,1.0,784.0,12030.430692243535
El Asombro,Punta Esmeralda,142.2,199.7,0.0,57.5,2.0,Horizontal,1493673.0,1506673.0,0.0,2014-02-25,2016-02-15,2016.0,2.0,720.0,10595.450070323488
Vista Esmeralda,Los Olvera,272.0,272.0,0.0,0.0,2.0,Horizontal,2872000.0,2780000.0,0.0,2013-01-16,2016-02-29,2016.0,2.0,1139.0,10220.588235294117
Paseo da Vinci,Zibatá,133.8,192.73,45.8,13.13,2.0,Horizontal,1604525.8,1604525.8,0.0,2015-04-15,2016-01-30,2016.0,1.0,290.0,11991.971599402092
Paseo Dalí,Zibatá,239.5,282.1,42.6,0.0,2.0,Horizontal,2565204.21,2565204.21,0.0,2015-08-10,2016-01-27,2016.0,1.0,170.0,10710.664759916492
Paseo Dalí,Zibatá,239.5,282.1,42.6,0.0,2.0,Horizontal,2565204.21,2596204.21,0.0,2015-08-10,2016-02-08,2016.0,2.0,182.0,10840.10108559499
Paseo da Vinci,Zibatá,133.8,203.13,56.2,13.13,2.0,Horizontal,1623299.82,1623299.82,0.0,2015-04-15,2016-01-28,2016.0,1.0,288.0,12132.285650224214
Paseo da Vinci,Zibatá,142.0,175.03,19.9,13.13,2.0,Horizontal,1659076.81,1659076.81,0.0,2015-04-15,2016-02-08,2016.0,2.0,299.0,11683.639507042253
El Asombro,Punta Esmeralda,126.2,225.7,99.5,0.0,2.0,Horizontal,1750102.26,1750102.26,0.0,2014-02-25,2016-01-31,2016.0,1.0,705.0,13867.6882725832
El Recuerdo,nan,143.7,181.73,38.03,0.0,0.0,Horizontal,1861106.0,1861106.0,0.0,2014-04-11,2016-02-04,2016.0,2.0,664.0,12951.32915796799
El Recuerdo,nan,165.2,201.53,36.33,0.0,0.0,Horizontal,1989873.0,2012873.0,0.0,2014-04-11,2016-02-08,2016.0,2.0,668.0,12184.461259079904
Paseo da Vinci,Zibatá,180.4,305.34,44.4,80.54,2.0,Horizontal,1997958.45,1997958.45,0.0,2015-04-15,2016-02-03,2016.0,2.0,294.0,11075.157705099778
Paseo da Vinci,Zibatá,130.9,147.7,0.0,16.8,2.0,Horizontal,1603379.0,1570194.53,2.5,2015-04-15,2016-02-15,2016.0,2.0,306.0,11995.374560733384
"Tres Deseos ""B""",nan,123.5,213.5,90.0,0.0,0.0,Horizontal,1510141.88,1510141.88,0.0,2014-09-17,2016-02-19,2016.0,2.0,520.0,12227.86947368421
Paseo da Vinci,Zibatá,180.4,305.34,44.4,80.54,2.0,Horizontal,1888109.0,1888109.0,0.0,2015-04-15,2016-02-16,2016.0,2.0,307.0,10466.236141906873
El Recuerdo,nan,143.7,181.73,38.03,0.0,0.0,Horizontal,1861106.24,1861106.24,0.0,2014-04-11,2016-02-15,2016.0,2.0,675.0,12951.330828114127
"Gran Capricho ""B""",nan,239.8,323.44,83.64,0.0,0.0,nan,2958869.0,2969069.0,0.0,2015-03-18,2016-02-01,2016.0,2.0,320.0,12381.438698915763
Paseo da Vinci,Zibatá,133.8,166.23,19.3,13.13,2.0,Horizontal,1578546.86,1592446.86,0.0,2016-01-14,2016-02-15,2016.0,2.0,32.0,11901.695515695066
Paseo da Vinci,Zibatá,133.8,166.93,20.0,13.13,2.0,Horizontal,1578699.0,1578699.0,0.0,2015-04-15,2016-02-09,2016.0,2.0,300.0,11798.946188340806
El Recuerdo,nan,143.7,181.7,38.0,0.0,0.0,Horizontal,1915369.0,1936469.0,0.0,2015-11-13,2016-02-13,2016.0,2.0,92.0,13475.775922059847
"Gran Capricho ""B""",nan,239.8,290.83,51.03,0.0,0.0,nan,2899878.0,2903878.0,0.0,2015-03-18,2016-02-18,2016.0,2.0,337.0,12109.582985821517
El Recuerdo,nan,143.7,181.73,38.03,0.0,0.0,Horizontal,1861106.24,1814578.58,2.5,2014-04-11,2016-02-18,2016.0,2.0,678.0,12627.547529575506
Paseo Dalí,Zibatá,165.0,189.5,24.5,0.0,2.0,Horizontal,1968638.22,1973438.22,0.0,2015-08-10,2016-02-26,2016.0,2.0,200.0,11960.231636363636
Vista Esmeralda,Los Olvera,165.0,395.36,230.36,0.0,2.0,Horizontal,2007000.0,2011000.0,0.0,2015-08-20,2016-02-24,2016.0,2.0,188.0,12187.878787878788
"Tres Deseos ""B""",nan,123.92,207.92,84.0,0.0,0.0,Horizontal,1601975.03,1553915.78,3.0,2014-09-15,2016-02-17,2016.0,2.0,520.0,12539.66897998709
"Gran Capricho ""B""",nan,180.1,243.7,63.6,0.0,0.0,nan,2534285.0,2534285.0,0.0,2015-03-18,2016-02-17,2016.0,2.0,336.0,14071.543586896169
Paseo da Vinci,Zibatá,180.0,304.94,44.4,80.54,2.0,Horizontal,1988858.75,1985364.46,0.5,2016-01-14,2016-03-29,2016.0,3.0,75.0,11029.802555555556
Paseo Picasso - Inspira,Zibatá,168.8,199.7,30.9,0.0,2.0,Horizontal,1861295.18,1864445.18,0.0,2013-04-30,2016-02-19,2016.0,2.0,1025.0,11045.291350710899
El Recuerdo,nan,165.2,201.53,36.33,0.0,0.0,Horizontal,1989873.0,1993873.0,0.0,2014-04-11,2016-02-15,2016.0,2.0,675.0,12069.449152542375
"Tres Deseos ""B""",nan,123.54,199.54,76.0,0.0,0.0,Horizontal,1481159.96,1481159.96,0.0,2014-09-15,2016-03-03,2016.0,3.0,535.0,11989.31487777238
Paseo da Vinci,Zibatá,142.0,174.93,19.8,13.13,2.0,Horizontal,1650513.66,1639955.96,1.5,2015-04-15,2016-02-29,2016.0,2.0,320.0,11548.985633802817
El Recuerdo,nan,143.7,181.7,38.0,0.0,0.0,Horizontal,1915369.0,1886461.62,2.0,2015-11-13,2016-02-29,2016.0,2.0,108.0,13127.777453027142
El Recuerdo,nan,146.6,184.6,38.0,0.0,0.0,Horizontal,1963927.67,1963927.67,0.0,2016-02-26,2016-04-29,2016.0,4.0,63.0,13396.50525238745
El Milagro,El Refugio,121.4,152.7,31.3,0.0,2.0,Horizontal,1589579.41,1592529.41,0.0,2015-08-06,2016-04-23,2016.0,4.0,261.0,13118.03467874794
Paseo Dalí,Zibatá,178.7,235.7,0.0,57.0,2.0,Horizontal,1943532.0,1973770.22,0.0,2015-08-10,2016-05-13,2016.0,5.0,277.0,11045.160716284276
El Asombro,Punta Esmeralda,125.0,215.9,90.9,0.0,2.0,Horizontal,1438323.28,1431131.66,0.5,2014-02-25,2016-04-29,2016.0,4.0,794.0,11449.05328
Paseo Dalí,Zibatá,201.1,252.9,51.8,0.0,2.0,Horizontal,2395127.0,2395127.0,0.0,2015-08-10,2016-04-30,2016.0,4.0,264.0,11910.12928891099
El Asombro,Punta Esmeralda,142.19,199.69,0.0,57.5,2.0,Horizontal,1461777.0,1461777.0,0.0,2014-02-25,2016-05-06,2016.0,5.0,801.0,10280.448695407553
"Tres Deseos ""B""",nan,158.34,205.84,0.0,47.5,0.0,Horizontal,1681423.29,1673016.17,0.5,2014-09-15,2016-04-25,2016.0,4.0,588.0,10565.973032714412
El Milagro,El Refugio,121.4,166.2,44.8,0.0,2.0,Horizontal,1584782.89,1584782.89,0.0,2015-08-06,2016-05-03,2016.0,5.0,271.0,13054.22479406919
El Recuerdo,nan,165.2,201.5,36.3,0.0,0.0,Horizontal,2071173.0,2071173.0,0.0,2015-11-13,2016-04-29,2016.0,4.0,168.0,12537.366828087168
Paseo da Vinci,Zibatá,133.8,166.73,19.8,13.13,2.0,Horizontal,1578316.32,1578316.32,0.0,2015-04-15,2016-04-27,2016.0,4.0,378.0,11796.086098654709
Paseo da Vinci,Zibatá,160.6,239.3,28.2,50.5,2.0,Horizontal,1852315.15,1856215.15,0.0,2015-04-15,2016-02-25,2016.0,2.0,316.0,11558.002179327521
"Gran Capricho ""B""",nan,180.1,243.7,63.6,0.0,0.0,nan,2534285.39,2534285.39,0.0,2015-03-18,2016-02-26,2016.0,2.0,345.0,14071.545752359802
El Asombro,Punta Esmeralda,125.0,226.0,101.0,0.0,2.0,Horizontal,1469962.0,1469962.0,0.0,2014-02-25,2016-02-29,2016.0,2.0,734.0,11759.696
El Recuerdo,nan,190.8,236.47,0.0,45.67,0.0,Horizontal,2119352.0,2213202.0,0.0,2015-11-13,2016-02-22,2016.0,2.0,101.0,11599.591194968552
El Recuerdo,nan,143.7,181.7,38.0,0.0,0.0,Horizontal,1915369.0,1857907.93,3.0,2015-11-13,2016-03-04,2016.0,3.0,112.0,12929.07397355602
Dos Cantos,nan,190.4,326.2,135.8,0.0,0.0,nan,2574160.0,2600160.0,0.0,2014-08-05,2016-02-12,2016.0,2.0,556.0,13656.302521008403
"Gran Capricho ""B""",nan,151.1,255.5,104.4,0.0,0.0,nan,2004629.0,2027729.0,0.0,2015-03-18,2016-02-12,2016.0,2.0,331.0,13419.781601588353
El Milagro,El Refugio,158.0,227.1,69.1,0.0,2.0,Horizontal,2050000.0,2050000.0,0.0,2015-08-06,2016-03-07,2016.0,3.0,214.0,12974.683544303798
"Gran Capricho ""B""",nan,222.2,291.4,69.2,0.0,0.0,nan,2878106.46,2878106.46,0.0,2015-03-18,2016-02-20,2016.0,2.0,339.0,12952.774347434744
El Recuerdo,nan,165.2,201.53,36.33,0.0,0.0,Horizontal,1989873.0,1937976.81,3.0,2014-04-11,2016-02-29,2016.0,2.0,689.0,11731.094491525424
"Tres Deseos ""B""",nan,153.44,221.29,0.0,67.85,0.0,Horizontal,1639225.0,1639225.0,0.0,2014-09-15,2016-02-26,2016.0,2.0,529.0,10683.166058394161
El Recuerdo,nan,143.7,181.7,38.0,0.0,0.0,Horizontal,1915369.0,1915369.0,0.0,2015-11-13,2016-03-07,2016.0,3.0,115.0,13328.942240779403
Paseo da Vinci,Zibatá,160.6,239.5,28.4,50.5,2.0,Horizontal,1811210.96,1811210.96,0.0,2015-04-15,2016-02-19,2016.0,2.0,310.0,11277.776836861769
"Tres Deseos ""B""",nan,123.5,215.5,92.0,0.0,0.0,Horizontal,1525703.36,1525703.36,0.0,2014-09-15,2016-03-03,2016.0,3.0,535.0,12353.873360323887
El Asombro,Punta Esmeralda,142.2,199.7,0.0,57.5,2.0,Horizontal,1493673.0,1493673.0,0.0,2014-02-25,2016-02-22,2016.0,2.0,727.0,10504.02953586498
"Tres Deseos ""B""",nan,123.9,225.9,102.0,0.0,0.0,Horizontal,1694463.0,1694463.0,0.0,2014-09-15,2016-03-03,2016.0,3.0,535.0,13676.053268765132
Paseo da Vinci,Zibatá,180.4,340.84,79.9,80.54,2.0,Horizontal,2031070.39,2031070.39,0.0,2015-04-15,2016-03-07,2016.0,3.0,327.0,11258.705044345897
El Milagro,El Refugio,121.4,158.8,37.4,0.0,2.0,Horizontal,1598352.27,1598352.27,0.0,2015-08-06,2016-03-09,2016.0,3.0,216.0,13165.998929159801
Paseo da Vinci,Zibatá,133.8,167.03,20.1,13.13,2.0,Horizontal,1578699.53,1578699.53,0.0,2015-04-15,2016-03-11,2016.0,3.0,331.0,11798.95014947683
El Milagro,El Refugio,146.7,241.1,94.4,0.0,2.0,Horizontal,1923607.0,1937857.0,0.0,2015-08-06,2016-03-07,2016.0,3.0,214.0,13209.659168370827
"Tres Deseos ""B""",nan,158.34,205.84,0.0,47.5,0.0,Horizontal,1597793.22,1579648.39,2.5,2014-09-15,2016-03-03,2016.0,3.0,535.0,9976.306618668686
"Tres Deseos ""B""",nan,158.34,205.84,0.0,47.5,0.0,Horizontal,1681423.29,1681423.29,0.0,2014-09-15,2016-03-14,2016.0,3.0,546.0,10619.068397120122
Vista Esmeralda,Los Olvera,224.0,224.0,0.0,0.0,2.0,Horizontal,2749000.0,2680275.0,2.5,2015-01-02,2016-03-02,2016.0,3.0,425.0,11965.513392857143
El Recuerdo,nan,190.8,236.47,0.0,45.67,0.0,Horizontal,2119352.0,2119352.0,0.0,2015-11-13,2016-03-05,2016.0,3.0,113.0,11107.714884696015
El Milagro,El Refugio,146.7,194.7,48.0,0.0,2.0,Horizontal,1833060.0,1833060.0,0.0,2015-08-06,2016-03-11,2016.0,3.0,218.0,12495.296523517383
"Gran Capricho ""B""",nan,239.8,289.8,50.0,0.0,0.0,nan,3022243.0,3022243.0,0.0,2015-03-18,2016-03-05,2016.0,3.0,353.0,12603.181818181818
"Tres Deseos ""B""",nan,153.44,221.29,0.0,67.85,0.0,Horizontal,1647421.13,1606235.6,2.5,2014-09-15,2016-03-08,2016.0,3.0,540.0,10468.167361835245
Paseo da Vinci,Zibatá,180.4,344.84,83.9,80.54,2.0,Horizontal,1993816.21,1943970.8,2.5,2015-04-15,2016-03-11,2016.0,3.0,331.0,10775.891352549888
"Gran Capricho ""B""",nan,239.8,310.4,70.6,0.0,0.0,nan,2979163.98,3250963.98,0.0,2015-03-18,2016-03-14,2016.0,3.0,362.0,13556.980733944953
"Gran Capricho ""B""",nan,180.1,243.7,63.6,0.0,0.0,nan,2534285.0,2534285.0,0.0,2015-03-18,2016-03-12,2016.0,3.0,360.0,14071.543586896169
Paseo Picasso - Inspira,Zibatá,168.8,199.7,30.9,0.0,2.0,Horizontal,1922018.35,1917018.35,0.0,2013-04-30,2016-03-12,2016.0,3.0,1047.0,11356.743779620852
El Milagro,El Refugio,147.3,169.8,22.5,0.0,2.0,Horizontal,1789694.0,1776597.06,1.0,2015-08-06,2016-03-07,2016.0,3.0,214.0,12061.07983706721
Paseo Dalí,Zibatá,178.7,235.7,0.0,57.0,2.0,Horizontal,1972684.98,1972684.98,0.0,2015-08-10,2016-07-28,2016.0,7.0,353.0,11039.087744823728
El Milagro,El Refugio,147.3,169.8,22.5,0.0,2.0,Horizontal,1742554.0,1742554.0,0.0,2015-08-06,2016-03-11,2016.0,3.0,218.0,11829.966055668703
El Recuerdo,nan,181.2,337.5,156.3,0.0,0.0,Horizontal,2253897.36,2301397.36,0.0,2015-11-13,2016-03-28,2016.0,3.0,136.0,12700.86843267108
El Recuerdo,nan,134.0,173.8,39.8,0.0,0.0,Horizontal,1708860.67,1708860.67,0.0,2016-02-26,2016-03-15,2016.0,3.0,18.0,12752.691567164178
El Asombro,Punta Esmeralda,142.9,227.0,84.1,0.0,2.0,Horizontal,1645914.72,1645914.72,0.0,2014-02-25,2016-03-14,2016.0,3.0,748.0,11517.947655703289
El Recuerdo,nan,143.66,181.69,38.03,0.0,0.0,Horizontal,1915369.0,1924069.0,0.0,2015-11-13,2016-03-15,2016.0,3.0,123.0,13393.213142141167
El Recuerdo,nan,165.2,201.5,36.3,0.0,0.0,Horizontal,2071173.0,2071173.0,0.0,2015-11-13,2016-03-28,2016.0,3.0,136.0,12537.366828087168
El Asombro,Punta Esmeralda,157.7,205.44,0.0,47.74,2.0,Horizontal,1596224.53,1556318.92,2.5,2014-02-25,2016-03-26,2016.0,3.0,760.0,9868.858084971465
El Asombro,Punta Esmeralda,151.7,219.95,0.0,68.25,2.0,Horizontal,1595571.0,1547703.87,3.0,2014-02-25,2016-03-26,2016.0,3.0,760.0,10202.39861568886
Paseo da Vinci,Zibatá,133.8,166.83,19.9,13.13,2.0,Horizontal,1578526.47,1531170.68,3.0,2015-04-15,2016-03-26,2016.0,3.0,346.0,11443.727055306426
Paseo Dalí,Zibatá,178.7,235.7,0.0,57.0,2.0,Horizontal,1943532.0,1924179.02,1.5,2015-08-10,2016-03-22,2016.0,3.0,225.0,10767.64980414102
El Asombro,Punta Esmeralda,142.9,282.4,139.5,0.0,2.0,Horizontal,1689262.01,1689262.01,0.0,2014-02-25,2016-03-22,2016.0,3.0,756.0,11821.28768369489
El Asombro,Punta Esmeralda,142.9,283.8,140.9,0.0,2.0,Horizontal,1689262.01,1689262.01,0.0,2014-02-25,2016-03-22,2016.0,3.0,756.0,11821.28768369489
El Milagro,El Refugio,121.4,159.2,37.8,0.0,2.0,Horizontal,1583085.0,1597335.0,0.0,2015-08-06,2016-03-29,2016.0,3.0,236.0,13157.619439868204
"Gran Capricho ""B""",nan,200.4,256.2,55.8,0.0,0.0,nan,2702597.22,2710297.22,0.0,2015-03-18,2016-03-26,2016.0,3.0,374.0,13524.437225548903
Dos Cantos,nan,177.6,213.9,36.3,0.0,0.0,nan,2826189.06,2812058.11,0.5,2014-08-05,2016-03-25,2016.0,3.0,598.0,15833.66052927928
El Asombro,Punta Esmeralda,142.19,199.69,0.0,57.5,2.0,Horizontal,1461777.0,1454468.12,0.5,2014-02-25,2016-04-01,2016.0,4.0,766.0,10229.046487094733
El Asombro,Punta Esmeralda,125.0,215.9,90.9,0.0,2.0,Horizontal,1424159.0,1424159.0,0.0,2014-02-25,2016-03-28,2016.0,3.0,762.0,11393.272
El Asombro,Punta Esmeralda,157.7,205.44,0.0,47.74,2.0,Horizontal,1696224.0,1696224.0,0.0,2014-02-25,2016-04-01,2016.0,4.0,766.0,10756.017755231453
El Recuerdo,nan,146.6,184.6,38.0,0.0,0.0,Horizontal,1963927.67,1954108.03,0.5,2016-02-26,2016-03-29,2016.0,3.0,32.0,13329.522714870396
Paseo da Vinci,Zibatá,155.3,162.66,0.0,7.36,2.0,Horizontal,1702088.96,1702088.96,0.0,2015-04-15,2016-03-29,2016.0,3.0,349.0,10960.006181584029
"Gran Capricho ""B""",nan,200.4,256.2,55.8,0.0,0.0,nan,2702597.22,2669758.26,1.5,2015-03-18,2016-03-28,2016.0,3.0,376.0,13322.147005988023
Paseo da Vinci,Zibatá,152.1,231.0,28.4,50.5,2.0,Horizontal,1825000.0,1825000.0,0.0,2015-04-15,2016-04-01,2016.0,4.0,352.0,11998.685075608153
El Milagro,El Refugio,121.4,148.0,26.6,0.0,2.0,Horizontal,1582774.03,1582774.03,0.0,2015-08-06,2016-12-05,2016.0,12.0,487.0,13037.677347611203
El Milagro,El Refugio,146.7,178.1,31.4,0.0,2.0,Horizontal,1759551.0,1715562.23,2.5,2015-08-06,2016-04-06,2016.0,4.0,244.0,11694.357396046355
El Recuerdo,nan,134.0,173.8,39.8,0.0,0.0,Horizontal,1708860.67,1708860.67,0.0,2016-02-26,2016-04-03,2016.0,4.0,37.0,12752.691567164178
El Asombro,Punta Esmeralda,142.2,199.7,0.0,57.5,2.0,Horizontal,1461777.0,1454468.12,0.5,2014-02-25,2016-04-04,2016.0,4.0,769.0,10228.327144866387
El Recuerdo,nan,161.1,197.4,36.3,0.0,0.0,Horizontal,2102758.0,2136263.44,0.0,2016-02-26,2016-03-29,2016.0,3.0,32.0,13260.48069522036
"Tres Deseos ""B""",nan,158.3,205.8,0.0,47.5,0.0,Horizontal,1672048.29,1672048.29,0.0,2014-09-15,2016-04-21,2016.0,4.0,584.0,10562.528679722047
"Gran Capricho ""B""",nan,151.1,204.1,53.0,0.0,0.0,nan,2156139.35,2156139.35,0.0,2015-03-18,2016-04-02,2016.0,4.0,381.0,14269.618464592986
Paseo da Vinci,Zibatá,142.0,174.93,19.8,13.13,2.0,Horizontal,1658766.23,1658766.23,0.0,2015-04-15,2016-04-14,2016.0,4.0,365.0,11681.452323943662
Paseo da Vinci,Zibatá,142.0,174.93,19.8,13.13,2.0,Horizontal,1650513.66,1609250.82,2.5,2015-04-15,2016-04-07,2016.0,4.0,358.0,11332.752253521126
Gran Capricho,nan,205.1,236.3,31.2,0.0,2.0,nan,2500215.89,2500215.89,0.0,2013-11-22,2016-05-17,2016.0,5.0,907.0,12190.228620185277
Gran Capricho,nan,194.47,239.91,45.44,0.0,2.0,nan,2569251.0,2569251.0,0.0,2013-11-22,2016-04-18,2016.0,4.0,878.0,13211.554481411014
El Asombro,Punta Esmeralda,142.9,227.3,84.4,0.0,2.0,Horizontal,1645914.72,1653364.72,0.0,2014-02-25,2016-04-09,2016.0,4.0,774.0,11570.082015395381
El Recuerdo,nan,165.2,201.5,36.3,0.0,0.0,Horizontal,2123785.58,2123785.58,0.0,2015-11-13,2016-04-04,2016.0,4.0,143.0,12855.844915254238
Paseo Dalí,Zibatá,151.1,188.4,37.3,0.0,2.0,Horizontal,1849771.85,1808527.55,2.5,2015-08-10,2016-04-08,2016.0,4.0,242.0,11969.077101257446
El Asombro,Punta Esmeralda,151.7,219.95,0.0,68.25,2.0,Horizontal,1617637.0,1617637.0,0.0,2014-02-25,2016-04-05,2016.0,4.0,770.0,10663.394858272908
El Asombro,Punta Esmeralda,124.97,217.49,92.52,0.0,2.0,Horizontal,1424159.0,1424159.0,0.0,2014-02-25,2016-04-25,2016.0,4.0,790.0,11396.007041690005
Gran Capricho,nan,194.5,239.8,45.3,0.0,2.0,nan,2701026.8,2701026.8,0.0,2013-11-22,2016-04-08,2016.0,4.0,868.0,13887.027249357325
El Asombro,Punta Esmeralda,126.2,227.3,101.1,0.0,2.0,Horizontal,1932771.17,1932771.17,0.0,2014-02-25,2016-04-18,2016.0,4.0,783.0,15315.143977812995
El Asombro,Punta Esmeralda,125.0,226.1,101.1,0.0,2.0,Horizontal,1444872.86,1444872.86,0.0,2014-02-25,2016-04-18,2016.0,4.0,783.0,11558.982880000001
El Recuerdo,nan,146.6,184.6,38.0,0.0,0.0,Horizontal,2031808.18,2031808.18,0.0,2016-02-26,2016-04-20,2016.0,4.0,54.0,13859.537380627558
Vista Esmeralda,Los Olvera,260.0,535.0,275.0,0.0,2.0,Horizontal,2398513.0,2436458.92,0.0,2015-06-10,2016-04-11,2016.0,4.0,306.0,9370.995846153846
El Recuerdo,nan,146.6,184.6,38.0,0.0,0.0,Horizontal,1963927.67,1963927.67,0.0,2016-02-26,2016-04-29,2016.0,4.0,63.0,13396.50525238745
El Asombro,Punta Esmeralda,125.0,216.0,91.0,0.0,2.0,Horizontal,1551279.38,1551279.38,0.0,2014-02-25,2016-04-28,2016.0,4.0,793.0,12410.23504
Paseo da Vinci,Zibatá,142.0,175.13,20.0,13.13,2.0,Horizontal,1708765.0,1666045.88,2.5,2015-04-15,2016-04-27,2016.0,4.0,378.0,11732.717464788731
Dos Cantos,nan,151.2,261.5,110.3,0.0,0.0,nan,2128938.0,2128938.0,0.0,2014-08-05,2016-04-05,2016.0,4.0,609.0,14080.27777777778
"Tres Deseos ""B""",nan,123.5,230.5,107.0,0.0,0.0,Horizontal,1568755.0,1568755.0,0.0,2014-09-15,2016-05-02,2016.0,5.0,595.0,12702.46963562753
El Recuerdo,nan,146.6,184.6,38.0,0.0,0.0,Horizontal,1963927.67,1914829.48,2.5,2016-02-26,2016-04-29,2016.0,4.0,63.0,13061.592633015007
El Asombro,Punta Esmeralda,142.2,199.7,0.0,57.5,2.0,Horizontal,1461777.0,1461777.0,0.0,2014-02-25,2016-05-11,2016.0,5.0,806.0,10279.725738396626
"Tres Deseos ""B""",nan,123.5,291.5,168.0,0.0,0.0,Horizontal,1647192.75,1647192.75,0.0,2014-09-15,2016-04-30,2016.0,4.0,593.0,13337.593117408907
El Recuerdo,nan,190.8,236.47,0.0,45.67,0.0,Horizontal,2216435.88,2177524.98,2.5,2014-04-11,2016-05-10,2016.0,5.0,760.0,11412.604716981132
Gran Capricho,nan,205.1,236.1,31.0,0.0,2.0,nan,2500215.89,2504215.89,0.0,2013-11-22,2016-05-23,2016.0,5.0,913.0,12209.731301803999
El Asombro,Punta Esmeralda,142.9,227.1,84.2,0.0,2.0,Horizontal,1668000.0,1668000.0,0.0,2014-02-25,2016-05-16,2016.0,5.0,811.0,11672.498250524843
Paseo Dalí,Zibatá,239.53,282.16,42.63,0.0,2.0,Horizontal,2565204.21,2565204.21,0.0,2015-08-10,2016-05-14,2016.0,5.0,278.0,10709.323299795433
El Recuerdo,nan,146.6,184.6,38.0,0.0,0.0,Horizontal,1963927.67,1963927.67,0.0,2016-02-26,2016-05-18,2016.0,5.0,82.0,13396.50525238745
Vista Esmeralda,Los Olvera,194.0,194.0,0.0,0.0,2.0,Horizontal,2458668.88,2458668.88,0.0,2015-06-09,2016-05-24,2016.0,5.0,350.0,12673.550927835051
El Asombro,Punta Esmeralda,142.9,227.3,84.4,0.0,2.0,Horizontal,1645914.72,1653364.72,0.0,2014-02-25,2016-05-18,2016.0,5.0,813.0,11570.082015395381
El Asombro,Punta Esmeralda,142.9,227.1,84.2,0.0,2.0,Horizontal,1654022.68,1661910.68,0.0,2014-02-25,2016-05-30,2016.0,5.0,825.0,11629.885794261721
Paseo da Vinci,Zibatá,162.1,241.43,36.0,43.33,2.0,Horizontal,1850138.41,1850138.41,0.0,2015-04-15,2016-05-13,2016.0,5.0,394.0,11413.562060456508
"Tres Deseos ""B""",nan,141.6,226.6,85.0,0.0,0.0,Horizontal,1855239.0,1827410.42,1.5,2014-09-15,2016-05-31,2016.0,5.0,624.0,12905.44081920904
Paseo Dalí,Zibatá,192.9,248.4,55.5,0.0,2.0,Horizontal,2455295.0,2396686.15,3.0,2015-08-10,2016-05-26,2016.0,5.0,290.0,12424.500518403316
El Asombro,Punta Esmeralda,142.9,227.2,84.3,0.0,2.0,Horizontal,1654022.68,1654022.68,0.0,2014-02-25,2016-05-27,2016.0,5.0,822.0,11574.68635409377
"Gran Capricho ""B""",nan,151.1,204.1,53.0,0.0,0.0,nan,2156139.35,2102235.87,2.5,2015-03-18,2016-05-25,2016.0,5.0,434.0,13912.878027796163
El Asombro,Punta Esmeralda,157.7,205.44,0.0,47.74,2.0,Horizontal,1593413.37,1593413.37,0.0,2014-02-25,2016-05-24,2016.0,5.0,819.0,10104.079708306914
El Milagro,El Refugio,146.7,199.6,52.9,0.0,2.0,Horizontal,1845931.65,1818242.68,1.5,2015-08-06,2016-05-27,2016.0,5.0,295.0,12394.292297205182
El Recuerdo,nan,134.0,173.8,39.8,0.0,0.0,Horizontal,1708860.67,1719860.67,0.0,2016-02-26,2016-05-31,2016.0,5.0,95.0,12834.781119402984
"Gran Capricho ""B""",nan,180.1,243.1,63.0,0.0,0.0,nan,2777536.0,2777536.0,0.0,2015-03-18,2016-05-27,2016.0,5.0,436.0,15422.187673514714
El Milagro,El Refugio,158.0,179.1,21.1,0.0,2.0,Horizontal,1848528.0,1848528.0,0.0,2015-08-06,2016-06-15,2016.0,6.0,314.0,11699.54430379747
"Tres Deseos ""B""",nan,143.33,201.25,0.0,57.92,0.0,Horizontal,1585470.92,1545834.15,2.5,2014-09-15,2016-05-25,2016.0,5.0,618.0,10785.140235819435
El Milagro,El Refugio,146.7,176.3,29.6,0.0,2.0,Horizontal,1818398.05,1818398.05,0.0,2015-08-06,2016-05-31,2016.0,5.0,299.0,12395.35139740968
El Asombro,Punta Esmeralda,125.0,221.3,96.3,0.0,2.0,Horizontal,1499323.62,1439350.68,4.0,2014-02-25,2016-05-30,2016.0,5.0,825.0,11514.80544
Gran Capricho,nan,222.2,257.1,34.9,0.0,2.0,nan,2446032.22,2446032.22,0.0,2013-11-22,,,,,11008.24581458146
Gran Capricho,nan,205.1,236.2,31.1,0.0,2.0,nan,2414894.62,2414894.62,0.0,2013-11-22,,,,,11774.23022915651
Gran Capricho,nan,205.1,236.1,31.0,0.0,2.0,nan,2395729.05,2395729.05,0.0,2013-11-22,,,,,11680.785226718674
El Recuerdo,nan,207.1,253.54,0.0,46.44,0.0,Horizontal,2049442.0,2049442.0,0.0,2015-11-13,,,,,9895.905359729599
El Recuerdo,nan,143.7,181.7,38.0,0.0,0.0,Horizontal,1689877.58,1689877.58,0.0,2015-11-13,,,,,11759.760473208074
El Recuerdo,nan,121.3,161.1,39.8,0.0,0.0,Horizontal,1470399.0,1470399.0,0.0,2014-04-11,,,,,12122.003297609233
El Recuerdo,nan,121.3,161.1,39.8,0.0,0.0,Horizontal,1470399.0,1470399.0,0.0,2014-04-11,,,,,12122.003297609233
El Recuerdo,nan,165.2,201.5,36.3,0.0,0.0,Horizontal,1827333.0,1827333.0,0.0,2014-04-11,,,,,11061.337772397095
El Asombro,Punta Esmeralda,125.0,215.9,90.9,0.0,2.0,Horizontal,1198647.9,1198647.9,0.0,2014-02-25,,,,,9589.1832
El Asombro,Punta Esmeralda,151.7,219.95,0.0,68.25,2.0,Horizontal,1399278.6,1399278.6,0.0,2014-02-25,,,,,9223.985497692816
Tres Deseos,nan,153.4,221.25,0.0,67.85,0.0,nan,1479832.57,1479832.57,0.0,2013-05-13,,,,,9646.887679269883
Tres Deseos,nan,153.4,221.25,0.0,67.85,0.0,nan,1479832.57,1479832.57,0.0,2013-05-13,,,,,9646.887679269883
Tres Deseos,nan,123.5,214.0,90.5,0.0,0.0,nan,1331531.17,1331531.17,0.0,2013-05-13,2015-09-21,2015.0,9.0,861.0,10781.62890688259
Tres Deseos,nan,158.3,205.8,0.0,47.5,0.0,nan,1461307.57,1461307.57,0.0,2013-05-13,2016-02-26,2016.0,2.0,1019.0,9231.254390397979
El Asombro,Punta Esmeralda,142.2,199.7,0.0,57.5,2.0,Horizontal,1483673.0,1483673.0,0.0,2014-02-25,2016-06-06,2016.0,6.0,832.0,10433.706047819973
"Tres Deseos ""B""",nan,158.34,205.84,0.0,47.5,0.0,Horizontal,1646248.29,1629492.08,2.5,2014-09-15,2016-06-16,2016.0,6.0,640.0,10291.09561702665
"Gran Capricho ""B""",nan,222.2,291.4,69.2,0.0,0.0,nan,2878106.46,2878106.46,0.0,2015-03-18,2016-05-30,2016.0,5.0,439.0,12952.774347434744
Paseo Dalí,Zibatá,201.1,252.9,51.8,0.0,2.0,Horizontal,2520000.0,2520000.0,0.0,2015-08-10,2016-06-17,2016.0,6.0,312.0,12531.079065141721
El Milagro,El Refugio,158.0,179.1,21.1,0.0,2.0,Horizontal,1789694.0,1789694.0,0.0,2015-08-06,2016-06-06,2016.0,6.0,305.0,11327.177215189873
Paseo Dalí,Zibatá,178.7,235.7,0.0,57.0,2.0,Horizontal,1972684.98,1976684.98,0.0,2015-08-10,2016-05-30,2016.0,5.0,294.0,11061.471628427533
Paseo Dalí,Zibatá,165.0,190.5,25.5,0.0,2.0,Horizontal,1885265.96,1876413.3,1.0,2015-08-10,2016-06-13,2016.0,6.0,308.0,11372.201818181818
El Recuerdo,nan,165.2,201.5,36.3,0.0,0.0,Horizontal,2081528.87,2029490.65,2.5,2015-11-13,2016-06-06,2016.0,6.0,206.0,12285.052360774818
El Asombro,Punta Esmeralda,157.7,205.44,0.0,47.74,2.0,Horizontal,1593413.37,1593413.37,0.0,2014-02-25,2016-06-13,2016.0,6.0,839.0,10104.079708306914
"Gran Capricho ""B""",nan,222.8,267.8,45.0,0.0,0.0,nan,2578361.0,2578361.0,0.0,2015-03-18,2016-06-17,2016.0,6.0,457.0,11572.535906642728
"Tres Deseos ""B""",nan,123.5,216.5,93.0,0.0,0.0,Horizontal,1550396.0,1550396.0,0.0,2014-09-15,2016-06-07,2016.0,6.0,631.0,12553.813765182187
El Milagro,El Refugio,158.0,179.1,21.1,0.0,2.0,Horizontal,1898537.0,1900887.0,0.0,2015-08-06,2016-06-16,2016.0,6.0,315.0,12030.930379746835
"Gran Capricho ""B""",nan,180.1,243.1,63.0,0.0,0.0,nan,2777536.0,2777536.0,0.0,2015-03-18,2016-06-18,2016.0,6.0,458.0,15422.187673514714
El Recuerdo,nan,152.2,195.8,43.6,0.0,0.0,Horizontal,2044434.0,2044434.0,0.0,2016-02-26,2016-06-30,2016.0,6.0,125.0,13432.549277266755
"Tres Deseos ""B""",nan,153.4,221.25,0.0,67.85,0.0,Horizontal,1708377.39,1682751.73,1.5,2014-09-15,2016-06-23,2016.0,6.0,647.0,10969.698370273794
Gran Capricho,nan,205.1,236.1,31.0,0.0,2.0,nan,2500215.89,2487714.81,0.5,2013-11-22,2016-06-14,2016.0,6.0,935.0,12129.27747440273
El Asombro,Punta Esmeralda,151.7,219.95,0.0,68.25,2.0,Horizontal,1595571.0,1595571.0,0.0,2014-02-25,2016-06-15,2016.0,6.0,841.0,10517.936717205012
Paseo da Vinci,Zibatá,152.1,225.2,22.6,50.5,2.0,Horizontal,1713182.79,1704616.88,0.5,2015-04-15,2016-06-17,2016.0,6.0,429.0,11207.211571334648
"Tres Deseos ""B""",nan,123.5,209.5,86.0,0.0,0.0,Horizontal,1660474.12,1660474.12,0.0,2014-09-15,2016-06-23,2016.0,6.0,647.0,13445.134574898786
El Recuerdo,nan,134.0,173.8,39.8,0.0,0.0,Horizontal,1775949.0,1775949.0,0.0,2016-02-26,2016-06-13,2016.0,6.0,108.0,13253.350746268658
Paseo Dalí,Zibatá,239.5,282.1,42.6,0.0,2.0,Horizontal,2565204.21,2565204.21,0.0,2015-08-10,2016-07-09,2016.0,7.0,334.0,10710.664759916492
El Recuerdo,nan,160.7,227.3,66.6,0.0,0.0,Horizontal,1746172.04,1746172.04,0.0,2016-02-26,2016-06-17,2016.0,6.0,112.0,10866.03634100809
Gran Capricho,nan,205.1,236.1,31.0,0.0,2.0,nan,2500215.89,2500215.89,0.0,2013-11-22,2016-06-21,2016.0,6.0,942.0,12190.228620185277
El Recuerdo,nan,165.2,201.5,36.3,0.0,0.0,Horizontal,2081528.87,2092024.55,0.0,2015-11-13,2016-06-30,2016.0,6.0,230.0,12663.586864406781
Paseo da Vinci,Zibatá,130.9,147.7,0.0,16.8,2.0,Horizontal,1689414.11,1689414.11,0.0,2015-04-15,2016-07-04,2016.0,7.0,446.0,12906.142933537052
Paseo Dalí,Zibatá,151.1,207.7,56.6,0.0,2.0,Horizontal,1977670.13,1977670.13,0.0,2015-08-10,2016-06-21,2016.0,6.0,316.0,13088.485307743216
Paseo Dalí,Zibatá,234.8,252.7,17.9,0.0,2.0,Horizontal,2478400.0,2478400.0,0.0,2015-08-10,2016-06-25,2016.0,6.0,320.0,10555.366269165246
"Tres Deseos ""B""",nan,158.3,205.8,0.0,47.5,0.0,Horizontal,1661779.56,1620235.07,2.5,2014-09-15,2016-06-30,2016.0,6.0,654.0,10235.218382817435
El Recuerdo,nan,165.2,201.5,36.3,0.0,0.0,Horizontal,2081528.87,2064709.63,1.52,2015-11-13,2016-07-05,2016.0,7.0,235.0,12498.242312348668
"Tres Deseos ""B""",nan,158.3,205.8,0.0,47.5,0.0,Horizontal,1661779.56,1653470.66,0.5,2014-09-15,2016-07-06,2016.0,7.0,660.0,10445.171572962729
El Milagro,El Refugio,158.0,179.1,21.1,0.0,2.0,Horizontal,1904537.0,1904537.0,0.0,2015-08-06,2016-06-29,2016.0,6.0,328.0,12054.031645569621
Paseo da Vinci,Zibatá,142.0,174.93,19.8,13.13,2.0,Horizontal,1658766.23,1617297.07,2.5,2015-04-15,2016-06-30,2016.0,6.0,442.0,11389.415985915493
Gran Capricho,nan,205.1,236.3,31.2,0.0,2.0,nan,2500215.89,2437710.49,2.5,2013-11-22,2016-06-30,2016.0,6.0,951.0,11885.472891272551
Paseo da Vinci,Zibatá,160.6,239.5,28.4,50.5,2.0,Horizontal,1852624.19,1797045.46,3.0,2015-04-15,2016-06-27,2016.0,6.0,439.0,11189.573225404733
Paseo da Vinci,Zibatá,152.1,231.0,28.4,50.5,2.0,Horizontal,1720372.48,1720372.48,0.0,2015-04-15,2016-06-28,2016.0,6.0,440.0,11310.798685075608
Paseo Dalí,Zibatá,165.0,189.4,24.4,0.0,2.0,Horizontal,2061037.83,2061037.83,0.0,2015-08-10,2016-08-08,2016.0,8.0,364.0,12491.138363636364
Paseo da Vinci,Zibatá,162.1,241.73,36.3,43.33,2.0,Horizontal,1850445.94,1850445.94,0.0,2015-04-15,2016-06-30,2016.0,6.0,442.0,11415.459222702037
El Asombro,Punta Esmeralda,142.9,192.7,49.8,0.0,2.0,Horizontal,1618024.85,1618024.85,0.0,2014-02-25,2016-06-30,2016.0,6.0,856.0,11322.777116864941
"Tres Deseos ""B""",nan,153.4,221.25,0.0,67.85,0.0,Horizontal,1676294.78,1676294.78,0.0,2014-09-15,2016-07-11,2016.0,7.0,665.0,10927.606127770534
El Asombro,Punta Esmeralda,126.2,231.5,105.3,0.0,2.0,Horizontal,1631237.0,1646037.0,0.0,2014-02-25,2016-07-13,2016.0,7.0,869.0,13043.082408874801
Gran Capricho,nan,205.1,236.3,31.2,0.0,2.0,nan,2500215.89,2500215.89,0.0,2013-11-22,2016-07-14,2016.0,7.0,965.0,12190.228620185277
El Asombro,Punta Esmeralda,157.7,205.44,0.0,47.74,2.0,Horizontal,1596224.53,1596224.53,0.0,2014-02-25,2016-07-13,2016.0,7.0,869.0,10121.905707038683
El Asombro,Punta Esmeralda,125.0,225.0,100.0,0.0,2.0,Horizontal,1448270.32,1448270.32,0.0,2014-02-25,2016-07-13,2016.0,7.0,869.0,11586.16256
Paseo da Vinci,Zibatá,142.0,175.13,20.0,13.13,2.0,Horizontal,1708765.0,1708765.0,0.0,2015-04-15,2016-07-12,2016.0,7.0,454.0,12033.55633802817
Alegra Towers,Juriquilla Santa Fe,97.6,106.0,0.0,8.4,0.0,Vertical,2087344.0,2112544.0,0.0,2016-06-29,2016-09-13,2016.0,9.0,76.0,21644.918032786885
"Tres Deseos ""B""",nan,123.5,209.5,86.0,0.0,0.0,Horizontal,1660474.12,1660474.12,0.0,2014-09-15,2016-07-15,2016.0,7.0,669.0,13445.134574898786
Alegra Towers,Juriquilla Santa Fe,132.2,144.1,0.0,11.9,0.0,Vertical,2759211.0,2759211.0,0.0,2016-06-29,2016-09-14,2016.0,9.0,77.0,20871.490166414525
Paseo da Vinci,Zibatá,160.6,239.3,28.2,50.5,2.0,Horizontal,1853300.0,1853300.0,0.0,2015-04-15,2016-07-08,2016.0,7.0,450.0,11539.850560398507
Alegra Towers,Juriquilla Santa Fe,172.4,189.3,0.0,16.9,0.0,Vertical,4029329.0,4151415.0,0.0,2016-07-04,,,,,24080.133410672854
Paseo Picasso - Inspira,Zibatá,168.8,199.7,30.9,0.0,2.0,Horizontal,1922018.35,1922018.35,0.0,2013-04-30,2016-07-14,2016.0,7.0,1171.0,11386.364632701421
Paseo da Vinci,Zibatá,162.1,241.73,36.3,43.33,2.0,Horizontal,1850445.94,1850445.94,0.0,2015-04-15,2016-07-12,2016.0,7.0,454.0,11415.459222702037
Alegra Towers,Juriquilla Santa Fe,132.2,144.1,0.0,11.9,0.0,Vertical,2709211.0,2682118.89,1.0,2016-06-29,,,,,20288.342586989413
Alegra Towers,Juriquilla Santa Fe,97.5,105.9,0.0,8.4,0.0,Vertical,1779137.0,1784545.63,1.0,2016-07-04,2016-09-13,2016.0,9.0,71.0,18303.032102564102
Alegra Towers,Juriquilla Santa Fe,132.2,144.1,0.0,11.9,0.0,Vertical,2734211.0,2766911.0,0.0,2016-06-29,2016-09-29,2016.0,9.0,92.0,20929.735249621786
Gran Capricho,nan,205.1,236.3,31.2,0.0,2.0,nan,2500215.89,2500215.89,0.0,2013-11-22,2016-07-11,2016.0,7.0,962.0,12190.228620185277
Alegra Towers,Juriquilla Santa Fe,97.5,105.9,0.0,8.4,0.0,Vertical,2214710.0,2222862.9,1.0,2016-06-29,2016-09-21,2016.0,9.0,84.0,22798.593846153846
Alegra Towers,Juriquilla Santa Fe,172.4,189.3,0.0,16.9,0.0,Vertical,3136418.0,3080425.46,3.0,2016-07-04,2016-09-13,2016.0,9.0,71.0,17867.89709976798
Alegra Towers,Juriquilla Santa Fe,97.5,105.9,0.0,8.4,0.0,Vertical,1962344.0,1965920.56,1.0,2016-06-29,2016-09-13,2016.0,9.0,76.0,20163.287794871794
Alegra Towers,Juriquilla Santa Fe,172.4,189.3,0.0,16.9,0.0,Vertical,4151689.0,4158564.0,0.0,2016-07-04,2016-10-25,2016.0,10.0,113.0,24121.600928074244
Alegra Towers,Juriquilla Santa Fe,132.2,144.1,0.0,11.9,0.0,Vertical,2769165.0,2800455.0,0.0,2016-06-29,2016-09-23,2016.0,9.0,86.0,21183.472012102877
Alegra Towers,Juriquilla Santa Fe,132.2,144.1,0.0,11.9,0.0,Vertical,2744165.0,2775455.0,0.0,2016-06-29,2016-09-23,2016.0,9.0,86.0,20994.364599092285
El Asombro,Punta Esmeralda,125.0,215.9,90.9,0.0,2.0,Horizontal,1438323.28,1438323.28,0.0,2014-02-25,2016-07-18,2016.0,7.0,874.0,11506.58624
Alegra Towers,Juriquilla Santa Fe,97.6,106.0,0.0,8.4,0.0,Vertical,2037344.0,2062544.0,0.0,2016-06-29,2016-09-19,2016.0,9.0,82.0,21132.622950819674
Alegra Towers,Juriquilla Santa Fe,172.4,189.3,0.0,16.9,0.0,Vertical,3136418.0,3140518.0,0.0,2016-06-29,2016-10-05,2016.0,10.0,98.0,18216.461716937356
Paseo Dalí,Zibatá,151.1,207.7,56.6,0.0,2.0,Horizontal,1977670.13,1977670.13,0.0,2015-08-10,2016-07-29,2016.0,7.0,354.0,13088.485307743216
Alegra Towers,Juriquilla Santa Fe,132.2,144.1,0.0,11.9,0.0,Vertical,2575801.0,2579401.0,0.0,2016-06-29,2016-09-30,2016.0,9.0,93.0,19511.354009077157
Alegra Towers,Juriquilla Santa Fe,97.6,106.0,0.0,8.4,0.0,Vertical,1912344.0,1939994.0,0.0,2016-06-29,2016-09-22,2016.0,9.0,85.0,19876.987704918032
Alegra Towers,Juriquilla Santa Fe,132.2,144.1,0.0,11.9,0.0,Vertical,2794165.0,2907653.36,0.0,2016-06-29,2016-09-19,2016.0,9.0,82.0,21994.35219364599
Alegra Towers,Juriquilla Santa Fe,97.6,106.0,0.0,8.4,2.0,Vertical,3218222.72,3137767.15,2.5,2016-06-29,2016-08-15,2016.0,8.0,47.0,32149.253586065573
Alegra Towers,Juriquilla Santa Fe,97.6,106.0,0.0,8.4,0.0,Vertical,1962344.0,1962344.0,0.0,2016-06-29,2016-09-29,2016.0,9.0,92.0,20105.98360655738
Alegra Towers,Juriquilla Santa Fe,132.2,144.1,0.0,11.9,0.0,Vertical,2650801.0,2650801.0,0.0,2016-06-29,2016-09-30,2016.0,9.0,93.0,20051.444780635404
Alegra Towers,Juriquilla Santa Fe,172.4,189.3,0.0,16.9,0.0,Vertical,3286418.0,3347568.0,0.0,2016-07-04,2016-09-21,2016.0,9.0,79.0,19417.447795823664
Alegra Towers,Juriquilla Santa Fe,97.5,105.9,0.0,8.4,0.0,Vertical,2087344.0,2138444.0,0.0,2016-06-29,2016-10-05,2016.0,10.0,98.0,21932.758974358974
Alegra Towers,Juriquilla Santa Fe,97.5,105.9,0.0,8.4,0.0,Vertical,2062344.0,2069847.12,2.0,2016-06-29,2016-10-05,2016.0,10.0,98.0,21229.20123076923
Alegra Towers,Juriquilla Santa Fe,172.4,189.3,0.0,16.9,0.0,Vertical,3086418.0,3086418.0,0.0,2016-07-04,2016-09-23,2016.0,9.0,81.0,17902.656612529
Alegra Towers,Juriquilla Santa Fe,132.2,144.1,0.0,11.9,0.0,Vertical,2719165.0,2700265.0,0.0,2016-06-29,2016-10-06,2016.0,10.0,99.0,20425.605143721637
Alegra Towers,Juriquilla Santa Fe,97.6,106.0,0.0,8.4,0.0,Vertical,2016069.12,2027369.12,0.0,2016-06-29,2016-09-13,2016.0,9.0,76.0,20772.224590163936
Alegra Towers,Juriquilla Santa Fe,132.2,144.1,0.0,11.9,0.0,Vertical,2575801.0,2524284.98,2.0,2016-06-29,2016-10-07,2016.0,10.0,100.0,19094.44009077156
Alegra Towers,Juriquilla Santa Fe,132.2,144.1,0.0,11.9,0.0,Vertical,2500801.0,2400768.96,4.0,2016-06-29,2016-10-03,2016.0,10.0,96.0,18160.128290468987
"Tres Deseos ""B""",nan,158.3,205.8,0.0,47.5,0.0,Horizontal,1681779.0,1681779.0,0.0,2014-09-15,2016-08-15,2016.0,8.0,700.0,10623.99873657612
Gran Capricho,nan,222.2,277.8,55.6,0.0,2.0,nan,2957875.56,2947086.18,0.5,2013-11-22,2016-07-29,2016.0,7.0,980.0,13263.214131413142
Alegra Towers,Juriquilla Santa Fe,97.5,105.9,0.0,8.4,2.0,Vertical,3348402.5,3348402.5,0.0,2016-06-29,2016-08-30,2016.0,8.0,62.0,34342.58974358974
Alegra Towers,Juriquilla Santa Fe,97.5,105.9,0.0,8.4,0.0,Vertical,1787188.0,1787188.0,0.0,2016-07-04,2016-10-14,2016.0,10.0,102.0,18330.133333333335
Paseo Dalí,Zibatá,234.8,253.2,18.4,0.0,2.0,Horizontal,2516633.0,2516633.0,0.0,2015-08-10,2016-07-25,2016.0,7.0,350.0,10718.198466780237
Alegra Towers,Juriquilla Santa Fe,97.6,106.0,0.0,8.4,0.0,Vertical,2331603.0,2358803.0,0.0,2016-06-29,2016-08-30,2016.0,8.0,62.0,24168.063524590165
Alegra Towers,Juriquilla Santa Fe,172.4,189.3,0.0,16.9,0.0,Vertical,3311418.0,3348418.0,0.0,2016-06-29,2016-10-05,2016.0,10.0,98.0,19422.37819025522
Alegra Towers,Juriquilla Santa Fe,97.6,106.0,0.0,8.4,0.0,Vertical,1987344.0,2000070.56,1.0,2016-06-29,2016-09-15,2016.0,9.0,78.0,20492.5262295082
El Asombro,Punta Esmeralda,125.0,226.0,101.0,0.0,2.0,Horizontal,1469962.0,1469962.0,0.0,2014-02-25,2016-07-30,2016.0,7.0,886.0,11759.696
Alegra Towers,Juriquilla Santa Fe,132.2,144.1,0.0,11.9,2.0,Vertical,4177039.96,4177039.96,0.0,2016-06-29,2016-09-28,2016.0,9.0,91.0,31596.36883509834
Paseo Picasso - Inspira,Zibatá,168.8,199.7,30.9,0.0,2.0,Horizontal,1922018.35,1922018.35,0.0,2013-04-30,2016-08-05,2016.0,8.0,1193.0,11386.364632701421
Alegra Towers,Juriquilla Santa Fe,132.2,144.1,0.0,11.9,0.0,Vertical,2333459.28,2333459.28,0.0,2016-07-04,2016-07-01,2016.0,7.0,-3.0,17650.97791225416
Alegra Towers,Juriquilla Santa Fe,132.2,144.1,0.0,11.9,0.0,Vertical,2333459.28,2333459.28,0.0,2016-07-04,2016-07-01,2016.0,7.0,-3.0,17650.97791225416
Alegra Towers,Juriquilla Santa Fe,172.4,189.3,0.0,16.9,0.0,Vertical,2957001.03,2957001.03,0.0,2016-07-04,2016-07-01,2016.0,7.0,-3.0,17151.978132250577
Alegra Towers,Juriquilla Santa Fe,132.2,144.1,0.0,11.9,0.0,Vertical,2193959.37,2193959.37,0.0,2016-07-04,2016-07-01,2016.0,7.0,-3.0,16595.75922844176
Alegra Towers,Juriquilla Santa Fe,132.2,144.1,0.0,11.9,0.0,Vertical,2725801.0,2725801.0,0.0,2016-06-29,2016-09-22,2016.0,9.0,85.0,20618.76701966717
El Recuerdo,nan,134.0,173.8,39.8,0.0,0.0,Horizontal,1816172.0,1816172.0,0.0,2016-02-26,2016-07-28,2016.0,7.0,153.0,13553.522388059702
Alegra Towers,Juriquilla Santa Fe,132.2,144.1,0.0,11.9,0.0,Vertical,2263709.28,2263709.28,0.0,2016-07-04,2016-07-01,2016.0,7.0,-3.0,17123.368229954613
Alegra Towers,Juriquilla Santa Fe,97.5,105.9,0.0,8.4,0.0,Vertical,1812254.73,1812254.73,0.0,2016-07-04,2016-07-01,2016.0,7.0,-3.0,18587.228
Alegra Towers,Juriquilla Santa Fe,97.5,105.9,0.0,8.4,0.0,Vertical,1742504.73,1742504.73,0.0,2016-07-04,2016-07-01,2016.0,7.0,-3.0,17871.843384615386
Alegra Towers,Juriquilla Santa Fe,132.2,144.1,0.0,11.9,0.0,Vertical,2263709.28,2263709.28,0.0,2016-07-04,2016-07-01,2016.0,7.0,-3.0,17123.368229954613
Alegra Towers,Juriquilla Santa Fe,132.2,144.1,0.0,11.9,0.0,Vertical,2240456.28,2240456.28,0.0,2016-07-04,2016-07-01,2016.0,7.0,-3.0,16947.475642965204
Alegra Towers,Juriquilla Santa Fe,132.2,144.1,0.0,11.9,0.0,Vertical,2240456.28,2240456.28,0.0,2016-07-04,2016-07-01,2016.0,7.0,-3.0,16947.475642965204
Alegra Towers,Juriquilla Santa Fe,97.5,105.9,0.0,8.4,0.0,Vertical,1719254.73,1719254.73,0.0,2016-07-04,2016-07-01,2016.0,7.0,-3.0,17633.381846153847
Alegra Towers,Juriquilla Santa Fe,172.4,189.3,0.0,16.9,0.0,Vertical,2817501.03,2817501.03,0.0,2016-07-04,2016-07-01,2016.0,7.0,-3.0,16342.813399071923
Alegra Towers,Juriquilla Santa Fe,172.4,189.3,0.0,16.9,2.0,Vertical,4570250.0,4570250.0,0.0,2016-06-29,2016-09-15,2016.0,9.0,78.0,26509.57076566125
Alegra Towers,Juriquilla Santa Fe,172.4,189.3,0.0,16.9,0.0,Vertical,2817501.03,2817501.03,0.0,2016-07-04,2016-07-01,2016.0,7.0,-3.0,16342.813399071923
Alegra Towers,Juriquilla Santa Fe,132.2,144.1,0.0,11.9,0.0,Vertical,2725801.0,2725801.0,0.0,2016-06-29,2016-10-03,2016.0,10.0,96.0,20618.76701966717
Alegra Towers,Juriquilla Santa Fe,172.4,189.3,0.0,16.9,0.0,Vertical,2794251.03,2794251.03,0.0,2016-07-04,2016-07-01,2016.0,7.0,-3.0,16207.952610208815
Alegra Towers,Juriquilla Santa Fe,172.4,189.3,0.0,16.9,0.0,Vertical,4320200.0,4320200.0,0.0,2016-07-04,2016-07-01,2016.0,7.0,-3.0,25059.16473317865
Alegra Towers,Juriquilla Santa Fe,132.2,144.1,0.0,11.9,0.0,Vertical,2217209.28,2217209.28,0.0,2016-07-04,2016-07-01,2016.0,7.0,-3.0,16771.628441754918
Alegra Towers,Juriquilla Santa Fe,97.5,105.9,0.0,8.4,0.0,Vertical,1962344.0,1942720.56,1.0,2016-06-29,2016-10-05,2016.0,10.0,98.0,19925.33907692308
Gran Capricho,nan,205.1,236.3,31.2,0.0,2.0,nan,2500215.89,2500215.89,0.0,2013-11-22,2016-07-23,2016.0,7.0,974.0,12190.228620185277
Alegra Towers,Juriquilla Santa Fe,132.2,144.1,0.0,11.9,0.0,Vertical,2217209.28,2217209.28,0.0,2016-07-04,2016-07-01,2016.0,7.0,-3.0,16771.628441754918
Alegra Towers,Juriquilla Santa Fe,132.2,144.1,0.0,11.9,0.0,Vertical,3022236.0,3044636.0,0.0,2016-06-29,2016-09-21,2016.0,9.0,84.0,23030.52950075643
"Tres Deseos ""B""",nan,158.3,205.8,0.0,47.5,0.0,Horizontal,1661779.56,1661779.56,0.0,2014-09-15,2016-08-03,2016.0,8.0,688.0,10497.65988629185
Alegra Towers,Juriquilla Santa Fe,172.4,189.3,0.0,16.9,0.0,Vertical,3111418.0,3047182.55,2.5,2016-06-29,2016-09-15,2016.0,9.0,78.0,17675.072795823664
Paseo Dalí,Zibatá,239.5,282.1,42.6,0.0,2.0,Horizontal,2565204.21,2565204.21,0.0,2015-08-10,2016-08-01,2016.0,8.0,357.0,10710.664759916492
Alegra Towers,Juriquilla Santa Fe,172.4,189.3,0.0,16.9,0.0,Vertical,3236418.0,3236418.0,0.0,2016-06-29,2016-10-14,2016.0,10.0,107.0,18772.726218097447
Alegra Towers,Juriquilla Santa Fe,132.2,144.1,0.0,11.9,0.0,Vertical,2525801.0,2424768.96,4.0,2016-06-29,2017-02-21,2017.0,2.0,237.0,18341.671406959154
Alegra Towers,Juriquilla Santa Fe,172.4,189.3,0.0,16.9,0.0,Vertical,3161418.0,3161418.0,0.0,2016-06-29,2016-10-03,2016.0,10.0,96.0,18337.691415313224
Alegra Towers,Juriquilla Santa Fe,172.4,189.3,0.0,16.9,0.0,Vertical,3086418.0,3108018.0,0.0,2016-06-29,2016-10-06,2016.0,10.0,99.0,18027.94663573086
El Asombro,Punta Esmeralda,157.7,205.44,0.0,47.74,2.0,Horizontal,1596224.53,1596224.53,0.0,2014-02-25,2016-07-30,2016.0,7.0,886.0,10121.905707038683
"Tres Deseos ""B""",nan,123.5,209.5,86.0,0.0,0.0,Horizontal,1660474.12,1660474.12,0.0,2014-09-15,,,,,13445.134574898786
Alegra Towers,Juriquilla Santa Fe,97.6,106.0,0.0,8.4,0.0,Vertical,2314710.0,2314710.0,0.0,2016-06-29,2016-09-19,2016.0,9.0,82.0,23716.29098360656
Alegra Towers,Juriquilla Santa Fe,172.4,189.3,0.0,16.9,0.0,Vertical,4264783.87,4222136.03,1.0,2016-07-04,2016-09-19,2016.0,9.0,77.0,24490.348201856148
Alegra Towers,Juriquilla Santa Fe,172.4,189.3,0.0,16.9,0.0,Vertical,4307431.71,4264357.39,1.0,2016-07-04,2016-09-19,2016.0,9.0,77.0,24735.251682134567
Alegra Towers,Juriquilla Santa Fe,172.4,189.3,0.0,16.9,0.0,Vertical,3261418.0,3345668.0,0.0,2016-07-04,2016-10-03,2016.0,10.0,91.0,19406.426914153133
"Gran Capricho ""B""",nan,222.8,253.8,31.0,0.0,0.0,nan,2630085.0,2630085.0,0.0,2015-03-18,2016-07-28,2016.0,7.0,498.0,11804.690305206463
Alegra Towers,Juriquilla Santa Fe,97.6,106.0,0.0,8.4,0.0,Vertical,1823661.0,1799787.78,2.0,2016-07-04,2016-09-14,2016.0,9.0,72.0,18440.448565573774
Alegra Towers,Juriquilla Santa Fe,172.4,189.3,0.0,16.9,0.0,Vertical,3470028.0,3512328.0,0.0,2016-06-29,2016-10-03,2016.0,10.0,96.0,20373.132250580045
El Recuerdo,nan,134.0,173.8,39.8,0.0,0.0,Horizontal,1725949.28,1725949.28,0.0,2016-02-26,2016-08-07,2016.0,8.0,163.0,12880.218507462687
El Asombro,Punta Esmeralda,151.7,219.95,0.0,68.25,2.0,Horizontal,1617637.0,1609548.82,0.5,2014-02-25,2016-08-26,2016.0,8.0,913.0,10610.077916941333
El Asombro,Punta Esmeralda,125.0,181.2,56.2,0.0,2.0,Horizontal,1403472.55,1403472.55,0.0,2014-02-25,2016-08-08,2016.0,8.0,895.0,11227.7804
El Recuerdo,nan,134.0,173.8,39.8,0.0,0.0,Horizontal,1746172.04,1746172.04,0.0,2016-02-26,2016-08-04,2016.0,8.0,160.0,13031.134626865673
El Asombro,Punta Esmeralda,142.2,199.7,0.0,57.5,2.0,Horizontal,1505627.0,1460458.19,3.0,2014-02-25,2016-08-03,2016.0,8.0,890.0,10270.451406469761
Alegra Towers,Juriquilla Santa Fe,172.4,189.3,0.0,16.9,0.0,Vertical,3445028.0,3501022.6,0.0,2016-06-29,2016-10-03,2016.0,10.0,96.0,20307.555684454757
Alegra Towers,Juriquilla Santa Fe,172.4,189.3,0.0,16.9,2.0,Vertical,4620250.0,4620250.0,0.0,2016-06-29,2016-09-26,2016.0,9.0,89.0,26799.5939675174
"Gran Capricho ""B""",nan,222.8,253.8,31.0,0.0,0.0,nan,2630085.0,2658285.0,0.0,2015-03-18,2016-08-29,2016.0,8.0,530.0,11931.261220825852
"Tres Deseos ""B""",nan,143.3,201.22,0.0,57.92,0.0,Horizontal,1653394.85,1653394.85,0.0,2014-09-15,2016-08-12,2016.0,8.0,697.0,11537.996161898116
"Tres Deseos ""B""",nan,153.4,221.25,0.0,67.85,0.0,Horizontal,1784951.6,1749252.57,2.0,2014-09-17,2016-08-15,2016.0,8.0,698.0,11403.211016949153
Alegra Towers,Juriquilla Santa Fe,97.6,106.0,0.0,8.4,0.0,Vertical,2133291.0,2167091.0,0.0,2016-06-29,2016-10-04,2016.0,10.0,97.0,22203.801229508197
El Anhelo,El Refugio,207.2,234.6,27.4,0.0,2.0,Horizontal,2574894.53,2562020.06,0.5,2016-05-19,2016-08-15,2016.0,8.0,88.0,12364.96167953668
Vista Esmeralda,Los Olvera,221.0,221.0,0.0,0.0,2.0,Horizontal,2268668.88,2268668.88,0.0,2015-06-10,2016-08-16,2016.0,8.0,433.0,10265.470045248869
Alegra Towers,Juriquilla Santa Fe,172.4,189.3,0.0,16.9,2.0,Vertical,4570250.0,4570250.0,0.0,2016-06-29,2016-09-27,2016.0,9.0,90.0,26509.57076566125
Alegra Towers,Juriquilla Santa Fe,172.4,189.3,0.0,16.9,0.0,Vertical,4264783.87,4158164.27,2.5,2016-06-29,2016-08-24,2016.0,8.0,56.0,24119.282308584687
Alegra Towers,Juriquilla Santa Fe,172.4,189.3,0.0,16.9,0.0,Vertical,3345028.0,3354978.0,0.0,2016-06-29,2016-09-22,2016.0,9.0,85.0,19460.429234338746
"Gran Capricho ""B""",nan,180.1,243.0,62.9,0.0,0.0,nan,2630085.0,2630085.0,0.0,2015-03-18,2016-08-22,2016.0,8.0,523.0,14603.470294280956
El Asombro,Punta Esmeralda,142.9,266.4,123.5,0.0,2.0,Horizontal,1761583.26,1717543.68,2.5,2014-02-25,2016-08-26,2016.0,8.0,913.0,12019.199999999999
El Asombro,Punta Esmeralda,126.2,225.7,99.5,0.0,2.0,Horizontal,1750102.26,1750102.26,0.0,2014-02-25,2016-08-29,2016.0,8.0,916.0,13867.6882725832
El Recuerdo,nan,146.6,184.6,38.0,0.0,0.0,Horizontal,2031808.18,2031808.18,0.0,2016-02-26,2016-08-15,2016.0,8.0,171.0,13859.537380627558
El Recuerdo,nan,165.2,201.5,36.3,0.0,0.0,Horizontal,2081528.87,2019083.0,3.0,2015-11-13,2016-08-30,2016.0,8.0,291.0,12222.052058111381
El Recuerdo,nan,165.2,201.5,36.3,0.0,0.0,Horizontal,2081528.87,2096021.22,0.5,2015-11-13,2016-09-10,2016.0,9.0,302.0,12687.779782082325
El Milagro,El Refugio,121.4,151.8,30.4,0.0,2.0,Horizontal,1737782.89,1737782.89,0.0,2015-08-06,2016-08-29,2016.0,8.0,389.0,14314.521334431629
El Asombro,Punta Esmeralda,126.2,246.1,119.9,0.0,2.0,Horizontal,1950102.0,1950102.0,0.0,2014-02-25,2016-08-29,2016.0,8.0,916.0,15452.472266244056
"Tres Deseos ""B""",nan,143.33,201.25,0.0,57.92,0.0,Horizontal,1628196.48,1579350.59,3.0,2014-09-15,2016-08-18,2016.0,8.0,703.0,11018.98130189074
Paseo Dalí,Zibatá,206.5,246.6,40.1,0.0,2.0,Horizontal,2439921.62,2439921.62,0.0,2015-08-10,2016-09-07,2016.0,9.0,394.0,11815.601065375304
El Asombro,Punta Esmeralda,142.2,199.7,0.0,57.5,2.0,Horizontal,1503923.34,1484605.64,3.0,2014-02-25,2016-08-20,2016.0,8.0,907.0,10440.264697609002
Alegra Towers,Juriquilla Santa Fe,172.4,189.3,0.0,16.9,0.0,Vertical,5882756.65,5823929.08,1.0,2016-07-04,2016-10-31,2016.0,10.0,119.0,33781.49118329466
El Asombro,Punta Esmeralda,151.7,219.95,0.0,68.25,2.0,Horizontal,1617637.0,1617637.0,0.0,2014-02-25,2016-08-31,2016.0,8.0,918.0,10663.394858272908
El Canto,nan,131.0,177.1,46.1,0.0,0.0,nan,2650000.0,2601000.0,2.0,2013-01-16,2016-09-09,2016.0,9.0,1332.0,19854.961832061068
"Tres Deseos ""B""",nan,153.4,221.25,0.0,67.85,0.0,Horizontal,1784951.6,1740327.81,2.5,2014-09-17,2016-08-17,2016.0,8.0,700.0,11345.031355932204
Paseo da Vinci,Zibatá,142.0,175.13,20.0,13.13,2.0,Horizontal,1659076.81,1659076.81,0.0,2015-04-15,2016-08-18,2016.0,8.0,491.0,11683.639507042253
"Tres Deseos ""B""",nan,143.33,201.25,0.0,57.92,0.0,Horizontal,1628196.48,1587491.57,2.5,2014-09-15,2016-09-05,2016.0,9.0,721.0,11075.780157678086
El Recuerdo,nan,161.1,197.4,36.3,0.0,0.0,Horizontal,2123785.58,2148685.58,0.0,2016-02-26,2016-08-31,2016.0,8.0,187.0,13337.588950962136
El Milagro,El Refugio,121.4,145.9,24.5,0.0,2.0,Horizontal,1580200.0,1580200.0,0.0,2015-08-06,2016-08-29,2016.0,8.0,389.0,13016.4744645799
Paseo da Vinci,Zibatá,152.1,225.2,22.6,50.5,2.0,Horizontal,1713182.79,1713182.79,0.0,2015-04-15,2016-08-30,2016.0,8.0,503.0,11263.5291913215
Paseo da Vinci,Zibatá,142.0,175.03,19.9,13.13,2.0,Horizontal,1659076.81,1659076.81,0.0,2015-04-15,2016-09-01,2016.0,9.0,505.0,11683.639507042253
Paseo Dalí,Zibatá,165.0,209.2,44.2,0.0,2.0,Horizontal,2267883.8,2256544.38,0.5,2015-08-10,2016-08-29,2016.0,8.0,385.0,13676.026545454544
Alegra Towers,Juriquilla Santa Fe,172.4,189.3,0.0,16.9,0.0,Vertical,3270028.0,3270028.0,0.0,2016-06-29,2016-10-27,2016.0,10.0,120.0,18967.679814385152
El Recuerdo,nan,181.2,327.5,146.3,0.0,0.0,Horizontal,2709603.66,2709603.66,0.0,2015-11-13,2016-09-29,2016.0,9.0,321.0,14953.662582781459
Alegra Towers,Juriquilla Santa Fe,97.6,106.0,0.0,8.4,0.0,Vertical,2331603.0,2358803.0,0.0,2016-06-29,2016-10-07,2016.0,10.0,100.0,24168.063524590165
Paseo Dalí,Zibatá,239.5,282.8,43.3,0.0,2.0,Horizontal,2654986.36,2654986.36,0.0,2015-08-10,2016-09-06,2016.0,9.0,393.0,11085.538037578288
Alegra Towers,Juriquilla Santa Fe,172.4,189.3,0.0,16.9,0.0,Vertical,3395028.0,3395028.0,0.0,2016-06-29,2016-10-03,2016.0,10.0,96.0,19692.737819025522
El Recuerdo,nan,207.1,253.54,0.0,46.44,0.0,Horizontal,2329136.0,2282553.28,2.0,2014-04-11,2016-09-02,2016.0,9.0,875.0,11021.503042008691
Paseo da Vinci,Zibatá,160.6,239.5,28.4,50.5,2.0,Horizontal,1852624.19,1852624.19,0.0,2015-04-15,2016-09-05,2016.0,9.0,509.0,11535.642528019926
El Recuerdo,nan,152.2,195.8,43.6,0.0,0.0,Horizontal,2044434.0,2044434.0,0.0,2016-02-26,2016-09-05,2016.0,9.0,192.0,13432.549277266755
El Recuerdo,nan,146.6,184.6,38.0,0.0,0.0,Horizontal,2066808.18,2066808.18,0.0,2016-02-26,2016-09-09,2016.0,9.0,196.0,14098.282264665757
El Recuerdo,nan,146.6,184.6,38.0,0.0,0.0,Horizontal,2031808.18,2031808.18,0.0,2016-02-26,2016-10-14,2016.0,10.0,231.0,13859.537380627558
Vista Esmeralda,Los Olvera,194.0,194.0,0.0,0.0,2.0,Horizontal,2418668.88,2418668.88,0.0,2015-08-20,2016-09-29,2016.0,9.0,406.0,12467.365360824742
Paseo Dalí,Zibatá,197.2,232.3,35.1,0.0,2.0,Horizontal,2470494.0,2470494.0,0.0,2015-08-10,,,,,12527.860040567952
Paseo Dalí,Zibatá,199.3,242.1,42.8,0.0,2.0,Horizontal,2516725.0,2516725.0,0.0,2015-08-10,,,,,12627.822378324134
Paseo Dalí,Zibatá,192.6,242.1,49.5,0.0,2.0,Horizontal,2446458.0,2460458.0,0.0,2015-08-10,,,,,12774.96365524403
Paseo da Vinci,Zibatá,160.6,239.3,28.2,50.5,2.0,Horizontal,1853300.0,1834767.0,1.0,2015-04-15,2016-09-10,2016.0,9.0,514.0,11424.452054794521
"Tres Deseos ""B""",nan,143.33,201.25,0.0,57.92,0.0,Horizontal,1618184.67,1577730.05,2.5,2014-09-15,2016-09-14,2016.0,9.0,730.0,11007.674945928975
El Asombro,Punta Esmeralda,142.2,199.7,0.0,57.5,2.0,Horizontal,1483673.0,1476254.64,0.5,2014-02-25,2016-09-28,2016.0,9.0,946.0,10381.537552742617
Paseo Dalí,Zibatá,165.0,209.2,44.2,0.0,2.0,Horizontal,2167883.8,2179483.8,0.0,2015-08-10,2016-09-26,2016.0,9.0,413.0,13208.992727272725
Vista Esmeralda,Los Olvera,221.0,484.8,263.8,0.0,2.0,Horizontal,2411148.0,2350869.3,2.5,2015-08-11,2016-09-08,2016.0,9.0,394.0,10637.417647058823
El Asombro,Punta Esmeralda,142.2,199.7,0.0,57.5,2.0,Horizontal,1483673.0,1483673.0,0.0,2014-02-25,2016-09-19,2016.0,9.0,937.0,10433.706047819973
Alegra Towers,Juriquilla Santa Fe,97.5,105.9,0.0,8.4,0.0,Vertical,2602568.0,2606068.0,0.0,2016-06-29,2016-10-10,2016.0,10.0,103.0,26728.902564102566
Alegra Towers,Juriquilla Santa Fe,172.4,189.3,0.0,16.9,0.0,Vertical,4053079.0,3893755.84,4.0,2016-06-29,2016-09-30,2016.0,9.0,93.0,22585.59071925754
Alegra Towers,Juriquilla Santa Fe,132.2,144.1,0.0,11.9,0.0,Vertical,4474954.5,4474954.5,0.0,2016-07-04,2016-10-12,2016.0,10.0,100.0,33849.88275340394
Alegra Towers,Juriquilla Santa Fe,97.6,106.0,0.0,8.4,0.0,Vertical,2697568.0,2697568.0,0.0,2016-06-29,2016-10-14,2016.0,10.0,107.0,27639.016393442624
Alegra Towers,Juriquilla Santa Fe,97.6,106.0,0.0,8.4,0.0,Vertical,3290250.0,3290250.0,0.0,2016-07-04,2016-10-12,2016.0,10.0,100.0,33711.57786885246
Alegra Towers,Juriquilla Santa Fe,132.2,144.1,0.0,11.9,0.0,Vertical,3507780.0,3507780.0,0.0,2016-06-29,2016-10-12,2016.0,10.0,105.0,26533.8880484115
El Milagro,El Refugio,121.4,158.8,37.4,0.0,2.0,Horizontal,1598352.27,1598352.27,0.0,2015-08-06,2016-09-26,2016.0,9.0,417.0,13165.998929159801
El Asombro,Punta Esmeralda,142.2,199.7,0.0,57.5,2.0,Horizontal,1503923.34,1503923.34,0.0,2014-02-25,2016-09-29,2016.0,9.0,947.0,10576.113502109705
"Tres Deseos ""B""",nan,143.33,201.25,0.0,57.92,0.0,Horizontal,1585470.92,1585470.92,0.0,2014-09-15,2016-10-05,2016.0,10.0,751.0,11061.682271680735
"Tres Deseos ""B""",nan,158.3,205.8,0.0,47.5,0.0,Horizontal,1672048.29,1672048.29,0.0,2014-09-15,2016-09-30,2016.0,9.0,746.0,10562.528679722047
El Recuerdo,nan,165.2,201.5,36.3,0.0,0.0,Horizontal,2123785.58,2070690.94,2.5,2015-11-13,2016-10-03,2016.0,10.0,325.0,12534.448789346248
Paseo Dalí,Zibatá,201.1,252.9,51.8,0.0,2.0,Horizontal,2504724.92,2504724.92,0.0,2015-08-10,2016-10-17,2016.0,10.0,434.0,12455.121432123322
Sophia Distrito,Jurica,135.2,145.51,0.0,10.31,2.0,Subvertical,4076130.7,3913085.47,4.0,2021-09-25,2023-08-28,2023.0,8.0,702.0,28942.939866863908
Sophia Distrito,Jurica,135.0,145.31,0.0,10.31,2.0,Subvertical,4086130.7,4033908.09,2.0,2021-09-25,2025-07-07,2025.0,7.0,1381.0,29880.800666666666
Sophia Distrito,Jurica,215.8,254.8,39.0,0.0,2.0,Horizontal,5314489.07,5344271.73,1.5,2021-09-25,2023-09-01,2023.0,9.0,706.0,24764.929240037072
Nazca Lofts & Apartments,Zibatá II,149.4,149.4,0.0,0.0,2.0,Subvertical,3784174.4,3746332.66,1.0,2022-05-24,2024-02-01,2024.0,2.0,618.0,25075.854484605086
Nazca Munay,Zibatá II,136.1,208.7,14.6,58.0,2.0,Horizontal,3100372.54,3112372.54,0.0,2022-03-17,2023-08-30,2023.0,8.0,531.0,22868.277296105807
Alondra,Altos Juriquilla,180.6,281.9,101.3,0.0,2.0,Horizontal,4473990.0,4545690.0,0.0,2022-02-17,2023-09-02,2023.0,9.0,562.0,25169.933554817275
Dos Motivos,Zakia,115.2,224.6,109.4,0.0,2.0,Horizontal,3401107.82,3401107.82,0.0,2019-10-22,2023-09-10,2023.0,9.0,1419.0,29523.505381944444
Alondra,Altos Juriquilla,180.6,253.0,72.4,0.0,2.0,Horizontal,4431882.24,4431882.24,0.0,2022-02-17,2023-09-14,2023.0,9.0,574.0,24539.76877076412
Nazca Nea,Zibatá II,154.4,169.5,15.1,0.0,2.0,Horizontal,3573731.51,3581731.51,0.0,2022-03-17,2023-09-14,2023.0,9.0,546.0,23197.742940414504
Sophia Distrito,Jurica,86.2,94.9,0.0,8.7,1.0,Subvertical,3128285.63,3128285.63,0.0,2021-09-25,2024-03-24,2024.0,3.0,911.0,36291.01658932714
Nazca Lofts & Apartments,Zibatá II,199.1,268.24,0.0,69.14,2.0,Subvertical,5537436.0,5537436.0,0.0,2022-05-24,2024-03-01,2024.0,3.0,647.0,27812.335509794073
Paseo Miró B,Zibatá,186.3,203.83,0.0,17.53,2.0,Subvertical,4096727.39,3850923.75,6.0,2019-11-20,2023-09-15,2023.0,9.0,1395.0,20670.55152979066
Dos Motivos,Zakia,115.2,224.6,109.4,0.0,2.0,Horizontal,3401107.82,3401107.82,0.0,2019-10-22,2023-09-13,2023.0,9.0,1422.0,29523.505381944444
Dos Motivos,Zakia,146.7,214.7,0.0,68.0,2.0,Horizontal,3180077.3,3180077.3,0.0,2019-10-22,2023-09-18,2023.0,9.0,1427.0,21677.418541240626
Sophia Distrito,Jurica,262.5,309.9,47.4,0.0,2.0,Horizontal,6062789.7,6008847.85,1.5,2021-09-25,2023-09-15,2023.0,9.0,720.0,22890.84895238095
Nazca Nea,Zibatá II,121.0,152.0,31.0,0.0,2.0,Horizontal,3275233.29,3320833.29,0.0,2022-03-17,2024-01-13,2024.0,1.0,667.0,27444.903223140496
Oasis High Residence,Fraccionamiento Zarú,83.1,83.1,0.0,0.0,1.0,Subvertical,2631642.0,2355319.59,10.5,2023-09-07,2025-05-21,2025.0,5.0,622.0,28343.196028880866
Nazca Nea,Zibatá II,205.8,237.2,31.4,0.0,2.0,Horizontal,4426684.41,4426684.41,0.0,2022-03-17,2023-09-30,2023.0,9.0,562.0,21509.64241982507
Sophia Distrito,Jurica,161.6,188.78,0.0,27.18,2.0,Subvertical,5273991.62,5273991.62,0.0,2021-09-25,2024-12-04,2024.0,12.0,1166.0,32636.086757425743
Sinfonía,Rancho Cerro Prieto,136.1,136.1,0.0,0.0,2.0,Horizontal,2906039.66,2906039.66,0.0,2021-11-10,2023-09-08,2023.0,9.0,667.0,21352.238501102132
Nazca Nea,Zibatá II,174.0,202.4,28.4,0.0,2.0,Horizontal,3895351.27,3956630.18,0.0,2022-03-17,2023-09-27,2023.0,9.0,559.0,22739.25390804598
Alondra,Altos Juriquilla,134.1,157.7,23.6,0.0,2.0,Horizontal,3469959.35,3515159.35,0.0,2022-02-17,2023-09-23,2023.0,9.0,583.0,26212.970544369877
Nazca Nea,Zibatá II,205.8,237.2,31.4,0.0,2.0,Horizontal,5069540.0,5069540.0,0.0,2022-03-17,2023-09-10,2023.0,9.0,542.0,24633.333333333332
Oasis High Residence,Fraccionamiento Zarú,87.9,87.9,0.0,0.0,1.0,Subvertical,2767842.0,2795842.0,0.0,2023-09-07,2025-07-01,2025.0,7.0,663.0,31807.076222980657
Oasis High Residence,Fraccionamiento Zarú,83.1,117.4,34.3,0.0,2.0,Subvertical,2988561.0,2869018.56,4.0,2023-09-07,2023-10-14,2023.0,10.0,37.0,34524.892418772564
Sophia Distrito,Jurica,86.2,94.9,0.0,8.7,1.0,Subvertical,3128840.9,3049187.26,4.0,2021-09-25,2025-07-08,2025.0,7.0,1382.0,35373.40208816705
Oasis High Residence,Fraccionamiento Zarú,87.9,87.9,0.0,0.0,1.0,Subvertical,2797842.0,2797842.0,0.0,2023-09-07,2025-02-20,2025.0,2.0,532.0,31829.829351535835
Oasis High Residence,Fraccionamiento Zarú,114.5,114.5,0.0,0.0,2.0,Subvertical,3555725.22,3555725.22,0.0,2023-09-07,2023-09-21,2023.0,9.0,14.0,31054.368733624455
Nazca Nea,Zibatá II,154.4,169.5,15.1,0.0,2.0,Horizontal,3391868.97,3391868.97,0.0,2022-03-17,2023-09-22,2023.0,9.0,554.0,21968.063277202073
Oasis High Residence,Fraccionamiento Zarú,114.5,159.5,45.0,0.0,2.0,Subvertical,3352618.6,3389618.6,0.0,2023-09-07,2025-03-10,2025.0,3.0,550.0,29603.65589519651
Oasis High Residence,Fraccionamiento Zarú,102.0,147.4,45.4,0.0,2.0,Subvertical,3088771.5,3088771.5,0.0,2023-09-07,2025-02-20,2025.0,2.0,532.0,30282.073529411766
Loretta,Altos Juriquilla,138.8,232.4,93.6,0.0,2.0,Horizontal,4004792.7,4004792.7,0.0,2020-11-13,2023-09-17,2023.0,9.0,1038.0,28852.97334293948
Oasis High Residence,Fraccionamiento Zarú,114.54,114.54,0.0,0.0,2.0,Subvertical,3445725.0,3307896.0,4.0,2023-09-07,2023-10-30,2023.0,10.0,53.0,28879.83237297014
Oasis High Residence,Fraccionamiento Zarú,114.5,114.5,0.0,0.0,2.0,Subvertical,3202702.6,3212702.6,0.0,2023-09-07,2025-02-20,2025.0,2.0,532.0,28058.537991266378
Gran Motivo,Zarú,138.8,192.2,53.4,0.0,2.0,Horizontal,3289505.44,3352705.44,0.0,2022-08-03,2023-09-21,2023.0,9.0,414.0,24154.938328530257
Oasis High Residence,Fraccionamiento Zarú,83.1,83.1,0.0,0.0,1.0,Subvertical,2646642.0,2646642.0,0.0,2023-09-07,2025-02-20,2025.0,2.0,532.0,31848.880866425996
Sophia Distrito,Jurica,86.2,94.9,0.0,8.7,1.0,Subvertical,3020175.54,3020175.54,0.0,2021-09-25,2023-10-20,2023.0,10.0,755.0,35036.83921113689
Sophia Distrito,Jurica,215.8,258.2,42.4,0.0,2.0,Horizontal,5395038.0,5368062.81,0.5,2021-09-25,2023-09-20,2023.0,9.0,725.0,24875.17520852641
Gran Motivo,Zarú,136.1,136.1,0.0,0.0,2.0,Horizontal,2975850.52,3019850.52,0.0,2022-08-03,2023-09-25,2023.0,9.0,418.0,22188.468185157973
Sinfonía,Rancho Cerro Prieto,91.9,158.3,66.4,0.0,2.0,Horizontal,2659327.41,2672327.41,0.0,2022-05-12,2023-09-30,2023.0,9.0,506.0,29078.64428726877
Alegra Towers,Juriquilla Santa Fe,97.6,106.06,0.0,8.46,2.0,Vertical,3305343.15,3090495.85,6.5,2017-04-27,2023-09-26,2023.0,9.0,2343.0,31664.91649590164
Nazca Nea,Zibatá II,174.0,202.4,28.4,0.0,2.0,Horizontal,4067934.0,4067934.0,0.0,2022-03-17,2023-10-13,2023.0,10.0,575.0,23378.931034482757
Sophia Distrito,Jurica,86.2,94.9,0.0,8.7,1.0,Subvertical,3313285.63,3340285.63,0.0,2021-09-25,2025-05-21,2025.0,5.0,1334.0,38750.41334106728
Nazca Nea,Zibatá II,205.8,261.0,55.2,0.0,2.0,Horizontal,4540831.35,4313789.78,5.0,2022-03-17,2023-09-30,2023.0,9.0,562.0,20961.07764820214
Gran Motivo,Zarú,115.2,192.6,77.4,0.0,2.0,Horizontal,3243816.87,3243816.87,0.0,2022-08-03,2023-09-26,2023.0,9.0,419.0,28158.132552083334
Nazca Nea,Zibatá II,205.8,237.2,31.4,0.0,2.0,Horizontal,4479959.56,4479959.56,0.0,2022-03-17,2023-09-30,2023.0,9.0,562.0,21768.51098153547
Sophia Distrito,Jurica,86.2,94.9,0.0,8.7,1.0,Subvertical,3312837.0,3059670.53,7.64,2021-09-25,2023-10-06,2023.0,10.0,741.0,35495.01774941995
Sophia Distrito,Jurica,86.2,94.9,0.0,8.7,1.0,Subvertical,3160988.99,3169888.99,0.0,2021-09-25,2024-03-15,2024.0,3.0,902.0,36773.65417633411
Nazca Nea,Zibatá II,174.0,202.4,28.4,0.0,2.0,Horizontal,3921896.21,3927661.41,0.0,2022-03-17,2023-09-30,2023.0,9.0,562.0,22572.76672413793
Oasis High Residence,Fraccionamiento Zarú,87.9,87.9,0.0,0.0,1.0,Subvertical,2883164.0,2911164.0,0.0,2023-09-07,2025-03-26,2025.0,3.0,566.0,33119.044368600684
Gran Motivo,Zarú,115.2,192.6,77.4,0.0,2.0,Horizontal,3233746.94,3241746.94,0.0,2022-08-03,2023-10-07,2023.0,10.0,430.0,28140.16440972222
Paseo Monet,Zibatá,205.8,243.9,38.1,0.0,2.0,Horizontal,4469749.62,4469749.62,0.0,2017-06-02,2023-10-12,2023.0,10.0,2323.0,21718.899999999998
Sophia Distrito,Jurica,86.2,94.9,0.0,8.7,1.0,Subvertical,3193835.6,3198835.6,0.0,2021-09-25,2024-10-20,2024.0,10.0,1121.0,37109.46171693735
Alegra Towers,Juriquilla Santa Fe,97.7,105.6,0.0,7.9,2.0,Vertical,3262334.13,3050282.41,6.5,2018-08-29,2023-10-03,2023.0,10.0,1861.0,31220.904912998976
Nazca Nea,Zibatá II,165.3,191.3,26.0,0.0,2.0,Horizontal,4251188.0,4259188.0,0.0,2022-03-17,2023-10-01,2023.0,10.0,563.0,25766.412583182093
Alegra Towers,Juriquilla Santa Fe,97.7,105.6,0.0,7.9,2.0,Vertical,3251758.37,3219240.79,1.0,2018-08-29,2023-10-03,2023.0,10.0,1861.0,32950.263971340835
Alegra Towers,Juriquilla Santa Fe,97.6,106.0,0.0,8.4,2.0,Vertical,3218222.72,3057311.58,5.0,2016-06-29,2023-10-04,2023.0,10.0,2653.0,31324.9137295082
Nazca Lofts & Apartments,Zibatá II,199.1,268.24,0.0,69.14,2.0,Subvertical,5385436.0,5228018.56,4.0,2022-05-24,2024-01-10,2024.0,1.0,596.0,26258.25494726268
Nazca Lofts & Apartments,Zibatá II,148.1,148.1,0.0,0.0,2.0,Subvertical,3538899.51,3185009.56,10.0,2022-05-24,2023-10-13,2023.0,10.0,507.0,21505.80391627279
Sophia Distrito,Jurica,219.5,260.5,41.0,0.0,2.0,Horizontal,5259134.52,5268134.52,0.0,2021-09-25,2023-10-19,2023.0,10.0,754.0,24000.61284738041
Sophia Distrito,Jurica,219.5,257.7,38.2,0.0,2.0,Horizontal,5365222.65,5374222.65,0.0,2021-09-25,2023-10-13,2023.0,10.0,748.0,24483.930068337133
Sophia Distrito,Jurica,86.2,94.9,0.0,8.7,1.0,Subvertical,3331933.0,3331933.0,0.0,2021-09-25,2024-10-11,2024.0,10.0,1112.0,38653.5150812065
Alondra,Altos Juriquilla,134.1,157.7,23.6,0.0,2.0,Horizontal,3469959.35,3279111.59,5.5,2022-02-17,2023-10-14,2023.0,10.0,604.0,24452.73370618941
Gran Motivo,Zarú,146.7,146.7,0.0,0.0,2.0,Horizontal,3159831.67,3171831.67,0.0,2022-08-03,2023-10-21,2023.0,10.0,444.0,21621.21111111111
Gran Motivo,Zarú,146.7,146.7,0.0,0.0,2.0,Horizontal,3265324.0,3277324.0,0.0,2022-08-03,2023-10-21,2023.0,10.0,444.0,22340.313565098844
Emma,Cumbres del Lago,148.6,192.29,0.0,43.69,2.0,Horizontal,3573888.63,3555410.86,2.0,2022-12-08,2023-10-16,2023.0,10.0,312.0,23926.048855989233
Emma,Cumbres del Lago,110.4,166.7,56.3,0.0,2.0,Horizontal,3596492.65,3578510.19,0.5,2022-12-08,2023-10-19,2023.0,10.0,315.0,32414.041576086955
Sophia Distrito,Jurica,86.2,94.9,0.0,8.7,1.0,Subvertical,3281932.5,3281932.5,0.0,2021-09-25,2025-08-08,2025.0,8.0,1413.0,38073.462877030164
Sophia Distrito,Jurica,86.2,94.9,0.0,8.7,1.0,Subvertical,3279479.0,3279479.0,0.0,2021-09-25,2025-04-02,2025.0,4.0,1285.0,38045.0
Sophia Distrito,Jurica,86.2,94.9,0.0,8.7,1.0,Subvertical,3312837.0,3296272.82,0.5,2021-09-25,2024-03-15,2024.0,3.0,902.0,38239.82389791183
Amara Grand,Altos Juriquilla,207.2,232.7,25.5,0.0,2.0,Horizontal,4250000.0,4250000.0,0.0,2018-07-09,2023-10-20,2023.0,10.0,1929.0,20511.583011583014
Alegra Towers,Juriquilla Santa Fe,97.7,105.6,0.0,7.9,1.0,Vertical,3305594.0,3107258.36,6.0,2018-08-29,2023-10-26,2023.0,10.0,1884.0,31804.077379733877
Alegra Towers,Juriquilla Santa Fe,133.3,145.19,0.0,11.89,2.0,Vertical,4802036.0,4701193.24,2.1,2018-08-29,2023-10-27,2023.0,10.0,1885.0,35267.76624156039
Alondra,Altos Juriquilla,134.1,157.7,23.6,0.0,2.0,Horizontal,3503485.53,3433415.82,2.0,2022-02-17,2023-10-31,2023.0,10.0,621.0,25603.399105145414
Nazca Lofts & Apartments,Zibatá II,145.7,198.91,0.0,53.21,2.0,Subvertical,4074867.56,4054493.22,0.5,2022-05-24,2024-10-20,2024.0,10.0,880.0,27827.68167467399
Alegra Towers,Juriquilla Santa Fe,97.6,106.06,0.0,8.46,2.0,Vertical,3561286.0,3454447.42,3.0,2017-04-27,2023-10-30,2023.0,10.0,2377.0,35393.928483606556
Sinfonía,Rancho Cerro Prieto,134.0,159.4,25.4,0.0,2.0,Horizontal,3166706.16,3166706.16,0.0,2021-11-10,2023-10-31,2023.0,10.0,720.0,23632.13552238806
Nazca Lofts & Apartments,Zibatá II,148.1,148.1,0.0,0.0,2.0,Subvertical,3793222.84,3774290.61,1.0,2022-05-24,2025-07-31,2025.0,7.0,1164.0,25484.74415935179
Nazca Nea,Zibatá II,165.3,191.3,26.0,0.0,2.0,Horizontal,3993440.9,4019940.9,0.0,2022-03-17,2024-05-27,2024.0,5.0,802.0,24319.06170598911
Melodía,Nuevo Refugio,121.5,149.2,27.7,0.0,2.0,Horizontal,3273799.0,3273799.0,0.0,2023-03-15,2023-11-15,2023.0,11.0,245.0,26944.847736625514
Oasis High Residence,Fraccionamiento Zarú,83.1,83.1,0.0,0.0,1.0,Subvertical,2728184.0,2728184.0,0.0,2023-09-07,2025-02-20,2025.0,2.0,532.0,32830.13237063779
Sophia Distrito,Jurica,215.8,258.2,42.4,0.0,2.0,Horizontal,5563929.08,5563929.08,0.0,2021-09-25,2023-11-21,2023.0,11.0,787.0,25782.803892493048
Oasis High Residence,Fraccionamiento Zarú,87.9,87.9,0.0,0.0,1.0,Subvertical,2969342.0,2969342.0,0.0,2023-09-07,2023-11-02,2023.0,11.0,56.0,33780.9101251422
Sophia Distrito,Jurica,86.2,94.9,0.0,8.7,1.0,Subvertical,3408036.0,3380595.82,0.5,2021-09-25,2024-06-15,2024.0,6.0,994.0,39218.04895591647
Alondra,Altos Juriquilla,180.6,209.4,28.8,0.0,2.0,Horizontal,4233162.03,4233162.03,0.0,2022-02-17,2023-11-11,2023.0,11.0,632.0,23439.435382059804
Sophia Distrito,Jurica,86.2,94.9,0.0,8.7,1.0,Subvertical,3374019.0,3384148.91,0.5,2021-09-25,2025-06-28,2025.0,6.0,1372.0,39259.2680974478
Sophia Distrito,Jurica,219.5,257.7,38.2,0.0,2.0,Horizontal,5512120.0,5512120.0,0.0,2021-09-25,2023-11-21,2023.0,11.0,787.0,25112.164009111617
Alondra,Altos Juriquilla,134.1,195.5,61.4,0.0,2.0,Horizontal,3747196.7,3747196.7,0.0,2022-02-17,2023-11-07,2023.0,11.0,628.0,27943.301267710667
Nazca Lofts & Apartments,Zibatá II,74.2,101.3,27.1,0.0,2.0,Subvertical,2720040.7,2638439.48,3.0,2022-05-24,2024-09-04,2024.0,9.0,834.0,35558.483557951484
Sophia Distrito,Jurica,219.5,258.3,38.8,0.0,2.0,Horizontal,5017939.23,5044939.23,0.0,2021-09-25,2023-11-13,2023.0,11.0,779.0,22983.777813211847
Nazca Nea,Zibatá II,121.0,152.0,31.0,0.0,2.0,Horizontal,3686916.0,3529004.78,4.5,2022-03-17,2023-11-10,2023.0,11.0,603.0,29165.328760330576
Gran Motivo,Zarú,115.2,266.6,151.4,0.0,2.0,Horizontal,3449664.83,3499964.83,0.0,2022-08-03,2023-11-17,2023.0,11.0,471.0,30381.639149305556
Sinfonía,Rancho Cerro Prieto,73.8,134.3,60.5,0.0,2.0,Horizontal,2632500.92,2641500.92,0.0,2022-05-12,2023-11-29,2023.0,11.0,566.0,35792.69539295393
Sophia Distrito,Jurica,250.3,284.4,34.1,0.0,2.0,Horizontal,6118279.0,6104779.0,0.0,2021-09-25,2023-11-27,2023.0,11.0,793.0,24389.84818218138
Sophia Distrito,Jurica,215.8,258.2,42.4,0.0,2.0,Horizontal,5563929.08,5551929.08,0.0,2021-09-25,2023-11-27,2023.0,11.0,793.0,25727.196848934196
Alondra,Altos Juriquilla,165.4,196.5,31.1,0.0,2.0,Horizontal,3709192.8,3817792.8,0.0,2022-02-17,2023-11-14,2023.0,11.0,635.0,23082.18137847642
Gran Motivo,Zarú,110.4,201.9,91.5,0.0,2.0,Horizontal,3238743.47,3237243.47,0.0,2022-08-03,2023-11-25,2023.0,11.0,479.0,29322.857518115943
Gran Motivo,Zarú,136.1,136.1,0.0,0.0,2.0,Horizontal,3034776.0,3046776.0,0.0,2022-08-03,2023-11-29,2023.0,11.0,483.0,22386.304188096987
Sophia Distrito,Jurica,250.3,284.4,34.1,0.0,2.0,Horizontal,6053350.0,6011143.25,0.5,2021-09-25,2023-11-30,2023.0,11.0,796.0,24015.754095085897
Oasis High Residence,Fraccionamiento Zarú,114.5,114.5,0.0,0.0,2.0,Subvertical,3301363.0,3306163.0,0.0,2023-09-07,2024-09-30,2024.0,9.0,389.0,28874.786026200873
Oasis High Residence,Fraccionamiento Zarú,102.0,102.0,0.0,0.0,2.0,Subvertical,2966961.0,2966961.0,0.0,2023-09-07,2025-10-11,2025.0,10.0,765.0,29087.852941176472
Alegra Towers,Juriquilla Santa Fe,173.7,190.34,0.0,16.64,2.0,Vertical,5231333.0,5231333.0,0.0,2018-08-29,2023-11-30,2023.0,11.0,1919.0,30117.058146229134
Sophia Distrito,Jurica,215.8,258.2,42.4,0.0,2.0,Horizontal,5563929.08,5534129.08,0.0,2021-09-25,2023-11-30,2023.0,11.0,796.0,25644.713067655237
Nazca Lofts & Apartments,Zibatá II,148.1,148.1,0.0,0.0,2.0,Subvertical,3726392.44,3595968.7,3.5,2022-05-24,2024-03-15,2024.0,3.0,661.0,24280.679945982447
Sophia Distrito,Jurica,215.8,258.2,42.4,0.0,2.0,Horizontal,5563929.08,5654929.08,0.0,2021-09-25,2023-12-17,2023.0,12.0,813.0,26204.490639481
Alondra,Altos Juriquilla,222.0,288.6,66.6,0.0,2.0,Horizontal,5290079.4,5194277.81,2.0,2022-02-17,2023-12-13,2023.0,12.0,664.0,23397.64779279279
Sinfonía,Rancho Cerro Prieto,73.8,73.8,0.0,0.0,1.0,Horizontal,2118443.0,2086666.36,1.5,2022-05-12,2023-12-29,2023.0,12.0,596.0,28274.611924119243
Nazca Nea,Zibatá II,165.3,191.3,26.0,0.0,2.0,Horizontal,3925829.87,3957929.87,0.0,2022-03-17,2023-12-27,2023.0,12.0,650.0,23943.91935874168
Alondra,Altos Juriquilla,215.0,256.9,41.9,0.0,2.0,Horizontal,5038236.69,5023163.14,1.5,2022-02-17,2023-12-26,2023.0,12.0,677.0,23363.549488372093
Nazca Nea,Zibatá II,174.0,202.4,28.4,0.0,2.0,Horizontal,4067934.0,4067934.0,0.0,2022-03-17,2023-12-27,2023.0,12.0,650.0,23378.931034482757
Sophia Distrito,Jurica,86.2,94.9,0.0,8.7,1.0,Subvertical,3340003.0,3340003.0,0.0,2021-09-25,2025-02-13,2025.0,2.0,1237.0,38747.13457076566
Oasis High Residence,Fraccionamiento Zarú,114.5,114.5,0.0,0.0,2.0,Subvertical,3295193.0,3245765.11,1.5,2023-09-07,2025-02-20,2025.0,2.0,532.0,28347.2935371179
Gran Motivo,Zarú,146.7,146.7,0.0,0.0,2.0,Horizontal,3265324.0,3265324.0,0.0,2022-08-03,2024-01-06,2024.0,1.0,521.0,22258.513974096797
Sinfonía,Rancho Cerro Prieto,92.4,111.18,0.0,18.78,2.0,Horizontal,2398819.0,2278878.05,5.0,2022-05-12,2024-01-12,2024.0,1.0,610.0,24663.182359307357
Oasis High Residence,Fraccionamiento Zarú,83.1,83.1,0.0,0.0,1.0,Subvertical,2682059.0,2649828.12,1.5,2023-09-07,2025-02-20,2025.0,2.0,532.0,31887.221660649822
Sinfonía,Rancho Cerro Prieto,134.0,159.4,25.4,0.0,2.0,Horizontal,3166718.98,3016383.03,5.0,2021-11-10,2024-01-03,2024.0,1.0,784.0,22510.321119402983
Sinfonía,Rancho Cerro Prieto,134.0,159.4,25.4,0.0,2.0,Horizontal,3281511.0,3232288.34,1.5,2021-11-10,2024-01-27,2024.0,1.0,808.0,24121.554776119403
Sophia Distrito,Jurica,135.2,145.51,0.0,10.31,2.0,Subvertical,4427497.0,4427497.0,0.0,2021-09-25,2024-10-04,2024.0,10.0,1105.0,32747.758875739648
Alondra,Altos Juriquilla,165.4,204.4,39.0,0.0,2.0,Horizontal,4363141.0,4275878.18,2.0,2022-02-17,2024-01-03,2024.0,1.0,685.0,25851.742321644495
Sophia Distrito,Jurica,250.3,284.4,34.1,0.0,2.0,Horizontal,6073350.0,5951883.0,2.0,2021-09-25,2024-01-30,2024.0,1.0,857.0,23778.99720335597
Alondra,Altos Juriquilla,222.0,288.6,66.6,0.0,2.0,Horizontal,5355340.0,5259233.2,2.0,2022-02-17,2024-01-06,2024.0,1.0,688.0,23690.23963963964
Sophia Distrito,Jurica,250.3,285.4,35.1,0.0,2.0,Horizontal,6016788.0,6025788.0,0.0,2021-09-25,2024-01-31,2024.0,1.0,858.0,24074.26288453855
Oasis High Residence,Fraccionamiento Zarú,114.5,114.5,0.0,0.0,2.0,Subvertical,3379948.45,3339249.22,1.5,2023-09-07,,,,,29163.74864628821
Gran Motivo,Zarú,146.7,162.4,15.7,0.0,2.0,Horizontal,3265324.0,3321324.0,0.0,2022-08-03,2024-01-30,2024.0,1.0,545.0,22640.245398773008
Sinfonía,Rancho Cerro Prieto,73.8,73.8,0.0,0.0,1.0,Horizontal,2111138.0,2111138.0,0.0,2022-05-12,,,,,28606.205962059623
Alondra,Altos Juriquilla,121.5,155.5,34.0,0.0,2.0,Horizontal,3303525.0,3270489.75,1.0,2022-02-17,2024-01-19,2024.0,1.0,701.0,26917.61111111111
Sophia Distrito,Jurica,262.5,285.6,23.1,0.0,2.0,Horizontal,6429462.0,6457462.0,0.0,2021-09-25,2024-01-26,2024.0,1.0,853.0,24599.85523809524
Alondra,Altos Juriquilla,158.0,178.2,20.2,0.0,2.0,Horizontal,3633947.74,3579438.52,1.5,2022-02-17,2024-01-20,2024.0,1.0,702.0,22654.67417721519
Sophia Distrito,Jurica,250.3,284.4,34.1,0.0,2.0,Horizontal,5984850.0,5993850.0,0.0,2021-09-25,2024-01-29,2024.0,1.0,856.0,23946.664003196165
Oasis High Residence,Fraccionamiento Zarú,102.0,102.0,0.0,0.0,2.0,Subvertical,2921736.0,2877909.96,1.5,2023-09-07,2025-02-20,2025.0,2.0,532.0,28214.803529411765
Nazca Nea,Zibatá II,165.3,191.3,26.0,0.0,2.0,Horizontal,4147096.0,4147096.0,0.0,2022-03-17,2024-02-17,2024.0,2.0,702.0,25088.300060496065
Sophia Distrito,Jurica,250.3,284.4,34.1,0.0,2.0,Horizontal,6073350.0,6042983.25,0.5,2021-09-25,2024-01-27,2024.0,1.0,854.0,24142.961446264482
Emma,Cumbres del Lago,138.8,192.2,53.4,0.0,2.0,Horizontal,3936920.29,3858181.88,2.0,2022-12-08,2024-01-28,2024.0,1.0,416.0,27796.699423631122
Ambrosía,Lomas de Juriquilla,167.3,227.3,60.0,0.0,2.0,Horizontal,3038600.71,3038600.71,0.0,2017-01-09,2024-02-22,2024.0,2.0,2600.0,18162.58643156007
Emma,Cumbres del Lago,115.2,192.6,77.4,0.0,2.0,Horizontal,3707008.83,3614333.61,2.5,2022-12-08,2024-02-06,2024.0,2.0,425.0,31374.423697916664
Emma,Cumbres del Lago,115.2,192.6,77.4,0.0,2.0,Horizontal,3829941.0,3765842.18,2.0,2022-12-08,2024-01-30,2024.0,1.0,418.0,32689.602256944447
Oasis High Residence,Fraccionamiento Zarú,114.5,114.5,0.0,0.0,2.0,Subvertical,3351692.0,3361692.0,0.0,2023-09-07,2024-12-04,2024.0,12.0,454.0,29359.755458515283
Nazca Nea,Zibatá II,174.0,202.4,28.4,0.0,2.0,Horizontal,4056910.0,3963487.25,2.5,2022-03-17,2024-02-20,2024.0,2.0,705.0,22778.662356321838
Emma,Cumbres del Lago,110.4,166.7,56.3,0.0,2.0,Horizontal,3596492.65,3416668.02,5.0,2022-12-08,2024-02-09,2024.0,2.0,428.0,30948.079891304347
Sophia Distrito,Jurica,165.3,175.65,0.0,10.35,2.0,Subvertical,5189703.0,4826423.79,7.0,2021-09-25,2024-02-08,2024.0,2.0,866.0,29197.96606170599
Nazca Munay,Zibatá II,110.5,183.9,73.4,0.0,2.0,Horizontal,3524690.0,3524690.0,0.0,2022-03-17,2024-02-10,2024.0,2.0,695.0,31897.647058823528
Nazca Nea,Zibatá II,121.0,152.0,31.0,0.0,2.0,Horizontal,3235239.0,3235239.0,0.0,2022-03-17,2024-02-17,2024.0,2.0,702.0,26737.512396694216
Nazca Munay,Zibatá II,146.7,214.7,0.0,68.0,2.0,Horizontal,3397592.0,3397592.0,0.0,2022-03-17,2024-02-11,2024.0,2.0,696.0,23160.136332651673
Gran Motivo,Zarú,136.1,154.5,18.4,0.0,2.0,Horizontal,3034776.0,3004428.24,1.0,2022-08-03,2024-02-24,2024.0,2.0,570.0,22075.15238795004
Gran Motivo,Zarú,136.1,136.1,0.0,0.0,2.0,Horizontal,2975850.52,2990092.01,1.0,2022-08-03,2024-02-18,2024.0,2.0,564.0,21969.81638501102
Alondra,Altos Juriquilla,123.1,153.6,30.5,0.0,2.0,Horizontal,3528887.0,3528887.0,0.0,2022-02-17,2024-02-07,2024.0,2.0,720.0,28666.831844029246
Nazca Nea,Zibatá II,165.3,191.3,26.0,0.0,2.0,Horizontal,3867812.68,3825595.49,1.5,2022-03-17,2024-02-14,2024.0,2.0,699.0,23143.348396854206
Oasis High Residence,Fraccionamiento Zarú,114.5,114.5,0.0,0.0,2.0,Subvertical,3335994.0,3302634.06,1.0,2023-09-07,2025-03-18,2025.0,3.0,558.0,28843.965589519652
Gran Motivo,Zarú,148.6,148.6,0.0,0.0,2.0,Horizontal,3278129.0,3257347.71,1.0,2022-08-03,2024-02-18,2024.0,2.0,564.0,21920.240309555855
Nazca Lofts & Apartments,Zibatá II,148.1,148.1,0.0,0.0,2.0,Subvertical,3710970.04,3507311.84,6.0,2022-05-24,2024-02-15,2024.0,2.0,632.0,23682.051586765698
Sophia Distrito,Jurica,262.5,285.6,23.1,0.0,2.0,Horizontal,6266788.0,5970448.6,5.0,2021-09-25,2024-02-23,2024.0,2.0,881.0,22744.566095238093
Alegra Towers,Juriquilla Santa Fe,133.5,145.46,0.0,11.96,2.0,Vertical,4827536.0,4755122.96,1.5,2017-04-27,2024-02-22,2024.0,2.0,2492.0,35618.89857677903
Sophia Distrito,Jurica,219.5,260.5,41.0,0.0,2.0,Horizontal,5259134.52,5172951.83,2.0,2021-09-25,2024-02-25,2024.0,2.0,883.0,23566.978724373577
Alondra,Altos Juriquilla,121.5,191.0,69.5,0.0,2.0,Horizontal,3395928.0,3378948.36,0.5,2022-02-17,2024-02-22,2024.0,2.0,735.0,27810.274567901233
Nazca Lofts & Apartments,Zibatá II,74.2,74.2,0.0,0.0,1.0,Subvertical,2664531.0,2664531.0,0.0,2022-05-24,2024-02-21,2024.0,2.0,638.0,35910.12129380054
Nazca Nea,Zibatá II,121.0,152.0,31.0,0.0,2.0,Horizontal,3534140.0,3534140.0,0.0,2022-03-17,2024-02-29,2024.0,2.0,714.0,29207.76859504132
Nazca Nea,Zibatá II,154.4,169.5,15.1,0.0,2.0,Horizontal,3573731.51,3403044.93,5.0,2022-03-17,2024-03-06,2024.0,3.0,720.0,22040.446437823834
Sinfonía,Rancho Cerro Prieto,73.8,73.8,0.0,0.0,1.0,Horizontal,2111138.0,2111138.0,0.0,2022-05-12,2024-02-29,2024.0,2.0,658.0,28606.205962059623
Sophia Distrito,Jurica,86.2,94.9,0.0,8.7,1.0,Subvertical,3617961.4,3364704.1,7.0,2021-09-25,2024-03-06,2024.0,3.0,893.0,39033.69025522042
Emma,Cumbres del Lago,138.8,192.2,53.4,0.0,2.0,Horizontal,3995975.0,3808676.25,5.0,2022-12-08,2024-03-20,2024.0,3.0,468.0,27440.03061959654
Nazca Lofts & Apartments,Zibatá II,74.2,74.2,0.0,0.0,2.0,Subvertical,2649306.0,2636059.47,0.5,2022-05-24,2024-03-09,2024.0,3.0,655.0,35526.407951482484
Paseo Miró,Zibatá,142.5,157.9,15.4,0.0,2.0,Horizontal,3433474.0,3433474.0,0.0,2017-02-07,2024-03-13,2024.0,3.0,2591.0,24094.55438596491
Nazca Nea,Zibatá II,165.3,205.9,40.6,0.0,2.0,Horizontal,4015973.0,3995893.14,0.5,2022-03-17,2024-03-06,2024.0,3.0,720.0,24173.58221415608
Sinfonía,Rancho Cerro Prieto,92.4,111.18,0.0,18.78,2.0,Horizontal,2438860.0,2438860.0,0.0,2022-05-12,2024-03-22,2024.0,3.0,680.0,26394.588744588742
Emma,Cumbres del Lago,110.4,202.4,92.0,0.0,2.0,Horizontal,3785410.0,3797910.0,0.0,2022-12-08,2024-03-21,2024.0,3.0,469.0,34401.35869565217
Melodía,Nuevo Refugio,151.1,176.4,25.3,0.0,2.0,Horizontal,3783940.0,3584623.3,5.5,2023-03-15,2024-03-25,2024.0,3.0,376.0,23723.51621442753
Sinfonía,Rancho Cerro Prieto,91.9,112.1,20.2,0.0,2.0,Horizontal,2609076.0,2609076.0,0.0,2022-05-12,2024-03-31,2024.0,3.0,689.0,28390.38084874864
Sophia Distrito,Jurica,262.5,285.6,23.1,0.0,3.0,Horizontal,6593223.0,6602223.0,0.0,2021-09-25,2024-03-31,2024.0,3.0,918.0,25151.325714285715
Dos Motivos,Zakia,148.7,194.7,0.0,46.0,2.0,Horizontal,3356475.0,3272563.13,2.5,2019-10-22,2024-03-29,2024.0,3.0,1620.0,22007.82199058507
Dos Motivos,Zakia,110.5,228.8,118.3,0.0,2.0,Horizontal,3380651.0,3313037.98,2.0,2019-10-22,2024-03-26,2024.0,3.0,1617.0,29982.244162895928
Sinfonía,Rancho Cerro Prieto,91.9,112.1,20.2,0.0,2.0,Horizontal,2609076.0,2609076.0,0.0,2022-05-12,2024-04-11,2024.0,4.0,700.0,28390.38084874864
Alondra,Altos Juriquilla,222.0,288.6,66.6,0.0,2.0,Horizontal,5395922.0,5405922.0,0.0,2022-02-17,2024-04-10,2024.0,4.0,783.0,24351.0
Sinfonía,Rancho Cerro Prieto,92.4,111.18,0.0,18.78,2.0,Horizontal,2565899.0,2565899.0,0.0,2022-05-12,2024-04-09,2024.0,4.0,698.0,27769.469696969696
Alondra,Altos Juriquilla,134.1,159.0,24.9,0.0,2.0,Horizontal,3592561.0,3412932.95,5.0,2022-02-17,2024-04-05,2024.0,4.0,778.0,25450.65585384042
Nazca Nea,Zibatá II,205.8,237.2,31.4,0.0,2.0,Horizontal,4669154.0,4435696.3,5.0,2022-03-17,2024-03-31,2024.0,3.0,745.0,21553.431972789112
Emma,Cumbres del Lago,146.7,210.03,0.0,63.33,2.0,Horizontal,3755472.8,3790422.8,0.0,2022-12-08,2024-03-31,2024.0,3.0,479.0,25837.919563735515
Melodía,Nuevo Refugio,151.1,176.2,25.1,0.0,2.0,Horizontal,3750000.0,3712500.0,1.0,2023-03-15,2024-04-13,2024.0,4.0,395.0,24569.82131039047
Nazca Nea,Zibatá II,165.3,191.3,26.0,0.0,2.0,Horizontal,3925829.87,3957929.87,0.0,2022-03-17,2024-04-07,2024.0,4.0,752.0,23943.91935874168
Nazca Lofts & Apartments,Zibatá II,74.2,74.2,0.0,0.0,2.0,Subvertical,2675016.0,2661640.92,0.5,2022-05-24,2024-04-13,2024.0,4.0,690.0,35871.171428571426
Nazca Lofts & Apartments,Zibatá II,74.2,74.2,0.0,0.0,2.0,Subvertical,2649306.0,2622812.94,1.0,2022-05-24,2024-04-16,2024.0,4.0,693.0,35347.8832884097
Nazca Lofts & Apartments,Zibatá II,112.4,112.4,0.0,0.0,2.0,Subvertical,3352275.0,3352275.0,0.0,2022-05-24,,,,,29824.51067615658
Nazca Nea,Zibatá II,121.0,152.0,31.0,0.0,2.0,Horizontal,3295720.0,3245427.0,2.5,2022-03-17,2024-04-07,2024.0,4.0,752.0,26821.710743801654
Nazca Nea,Zibatá II,165.3,191.3,26.0,0.0,2.0,Horizontal,4000480.0,4021980.0,0.0,2022-03-17,2024-04-19,2024.0,4.0,764.0,24331.397459165153
Emma,Cumbres del Lago,136.1,188.2,0.0,52.1,2.0,Horizontal,3262733.0,3099596.35,5.0,2022-12-08,2024-04-18,2024.0,4.0,497.0,22774.403747244676
Sophia Distrito,Jurica,215.8,272.8,57.0,0.0,2.0,Horizontal,5869423.0,5584951.85,5.0,2021-09-25,2024-05-15,2024.0,5.0,963.0,25880.22173308619
Nazca Nea,Zibatá II,121.0,151.9,30.9,0.0,2.0,Horizontal,3275346.0,3275346.0,0.0,2022-03-17,2024-04-20,2024.0,4.0,765.0,27068.97520661157
Gran Motivo,Zarú,138.8,183.7,44.9,0.0,2.0,Horizontal,3478050.0,3486050.0,0.0,2022-08-03,2024-04-21,2024.0,4.0,627.0,25115.634005763688
Alegra Towers,Juriquilla Santa Fe,173.6,190.24,0.0,16.64,2.0,Vertical,5461237.0,5461237.0,0.0,2018-08-29,,,,,31458.738479262673
Nazca Lofts & Apartments,Zibatá II,112.4,112.4,0.0,0.0,2.0,Subvertical,3352275.0,3318752.25,1.0,2022-05-24,2024-04-12,2024.0,4.0,689.0,29526.265569395015
Sophia Distrito,Jurica,135.0,135.0,0.0,0.0,2.0,Subvertical,4913018.96,4913018.96,0.0,2024-04-11,2024-04-26,2024.0,4.0,15.0,36392.73303703704
Alegra Towers,Juriquilla Santa Fe,133.3,145.19,0.0,11.89,2.0,Vertical,4714009.0,4666868.91,1.0,2018-08-29,2024-05-06,2024.0,5.0,2077.0,35010.269392348084
Dos Motivos,Zakia,136.1,194.1,0.0,58.0,2.0,Horizontal,3055747.0,2933517.12,4.0,2019-10-22,2024-04-26,2024.0,4.0,1648.0,21554.130198383544
Sophia Distrito,Jurica,135.0,135.0,0.0,0.0,2.0,Subvertical,4941908.96,4694813.51,5.0,2024-04-11,2024-04-20,2024.0,4.0,9.0,34776.39637037037
Sophia Distrito,Jurica,135.0,135.0,0.0,0.0,2.0,Subvertical,4970798.96,4722259.01,5.0,2024-04-11,2024-04-20,2024.0,4.0,9.0,34979.696370370366
Alegra Towers,Juriquilla Santa Fe,173.6,190.24,0.0,16.64,2.0,Vertical,5461237.0,5406624.63,1.0,2018-08-29,2024-04-27,2024.0,4.0,2068.0,31144.151094470046
Nazca Munay,Zibatá II,146.7,214.7,0.0,68.0,2.0,Horizontal,3437969.0,3437969.0,0.0,2022-03-17,2024-04-20,2024.0,4.0,765.0,23435.371506475803
Alondra,Altos Juriquilla,134.1,162.1,28.0,0.0,2.0,Horizontal,3814462.0,3825462.0,0.0,2022-02-17,2024-04-24,2024.0,4.0,797.0,28526.935123042505
Nazca Nea,Zibatá II,205.8,237.2,31.4,0.0,2.0,Horizontal,4665648.0,4673648.0,0.0,2022-03-17,2024-05-14,2024.0,5.0,789.0,22709.659863945577
Sophia Distrito,Jurica,215.8,258.2,42.4,0.0,2.0,Horizontal,5855538.0,5542483.41,5.5,2021-09-25,2024-04-29,2024.0,4.0,947.0,25683.426367006487
Sophia Distrito,Jurica,165.0,165.0,0.0,0.0,2.0,Subvertical,5797311.01,5507445.46,5.0,2024-04-11,2024-04-27,2024.0,4.0,16.0,33378.45733333333
Sophia Distrito,Jurica,165.0,165.0,0.0,0.0,2.0,Subvertical,5855571.0,5562792.45,5.0,2024-04-11,2024-05-14,2024.0,5.0,33.0,33713.89363636364
Oasis High Residence,Fraccionamiento Zarú,83.1,117.4,34.3,0.0,2.0,Subvertical,2988561.0,2869018.56,4.0,2023-09-07,2024-04-30,2024.0,4.0,236.0,34524.892418772564
Nazca Nea,Zibatá II,174.0,202.4,28.4,0.0,2.0,Horizontal,4085461.0,4100461.0,0.0,2022-03-17,2024-05-06,2024.0,5.0,781.0,23565.867816091955
Loretta,Altos Juriquilla,115.2,201.5,86.3,0.0,2.0,Horizontal,3788185.0,3750303.15,1.0,2020-11-13,2024-05-24,2024.0,5.0,1288.0,32554.71484375
Sophia Distrito,Jurica,219.5,260.5,41.0,0.0,2.0,Horizontal,5345911.0,5345911.0,0.0,2021-09-25,2024-05-06,2024.0,5.0,954.0,24354.947608200455
Sophia Distrito,Jurica,165.0,165.0,0.0,0.0,2.0,Subvertical,5885571.0,5955899.0,0.0,2024-04-11,2024-05-09,2024.0,5.0,28.0,36096.357575757575
Sophia Distrito,Jurica,250.3,284.4,34.1,0.0,2.0,Horizontal,6373630.0,6191421.1,3.0,2021-09-25,2024-05-13,2024.0,5.0,961.0,24736.001198561724
Sinfonía,Rancho Cerro Prieto,151.3,197.4,46.1,0.0,2.0,Horizontal,3558959.0,3381011.05,5.0,2021-11-10,2024-05-20,2024.0,5.0,922.0,22346.404824851285
Dos Motivos,Zakia,138.8,218.9,80.1,0.0,2.0,Horizontal,3499896.0,3464897.04,1.0,2019-10-22,2024-05-20,2024.0,5.0,1672.0,24963.23515850144
Emma,Cumbres del Lago,138.8,199.1,60.3,0.0,2.0,Horizontal,4154693.0,4154693.0,0.0,2022-12-08,2024-05-17,2024.0,5.0,526.0,29932.94668587896
Emma,Cumbres del Lago,146.7,210.03,0.0,63.33,2.0,Horizontal,3657675.0,3657675.0,0.0,2022-12-08,2024-05-17,2024.0,5.0,526.0,24933.02658486708
Nazca Lofts & Apartments,Zibatá II,74.2,74.2,0.0,0.0,1.0,Subvertical,2592899.0,2594934.51,0.5,2022-05-24,2024-05-16,2024.0,5.0,723.0,34972.163207547164
Sophia Distrito,Jurica,165.0,165.0,0.0,0.0,2.0,Subvertical,5855571.0,5562792.45,5.0,2024-04-11,2024-05-11,2024.0,5.0,30.0,33713.89363636364
El Capricho,"Cascatta II, Lomas de Angelópolis",233.6,246.8,13.2,0.0,0.0,Horizontal,4334683.0,4334683.0,0.0,2019-07-16,2024-05-26,2024.0,5.0,1776.0,18556.005993150684
Alondra,Altos Juriquilla,180.6,214.6,34.0,0.0,2.0,Horizontal,4652892.97,4660892.97,0.0,2022-02-17,2024-05-24,2024.0,5.0,827.0,25807.82375415282
Sophia Distrito,Jurica,135.0,135.0,0.0,0.0,2.0,Subvertical,5176785.0,5146985.0,0.0,2024-04-11,2024-05-27,2024.0,5.0,46.0,38125.81481481482
Nazca Nea,Zibatá II,174.0,202.4,28.4,0.0,2.0,Horizontal,3961116.0,3902314.46,1.5,2022-03-17,2024-05-31,2024.0,5.0,806.0,22427.09459770115
Sinfonía,Rancho Cerro Prieto,91.9,91.9,0.0,0.0,2.0,Horizontal,2353889.0,2340389.0,0.0,2022-05-12,2024-05-31,2024.0,5.0,750.0,25466.69205658324
Sophia Distrito,Jurica,165.0,319.6,154.6,0.0,2.0,Subvertical,6618750.0,6354000.0,4.0,2021-09-25,2024-05-31,2024.0,5.0,979.0,38509.09090909091
Emma,Cumbres del Lago,110.4,243.3,132.9,0.0,2.0,Horizontal,3799568.0,3647585.28,4.0,2022-12-08,2024-05-31,2024.0,5.0,540.0,33039.72173913043
Sinfonía,Rancho Cerro Prieto,91.9,91.9,0.0,0.0,2.0,Horizontal,2353889.0,2306811.22,2.0,2022-05-12,2024-05-31,2024.0,5.0,750.0,25101.319042437433
Sinfonía,Rancho Cerro Prieto,91.9,215.9,124.0,0.0,2.0,Horizontal,2993944.0,3006944.0,0.0,2022-05-12,2024-06-15,2024.0,6.0,765.0,32719.73884657236
Oasis High Residence,Fraccionamiento Zarú,135.1,191.9,56.8,0.0,2.0,Subvertical,4192982.0,4172017.09,0.5,2023-09-07,2024-06-17,2024.0,6.0,284.0,30880.955514433754
Nazca Lofts & Apartments,Zibatá II,149.4,149.4,0.0,0.0,2.0,Subvertical,3852358.0,3833096.21,0.5,2022-05-24,2024-06-14,2024.0,6.0,752.0,25656.60113788487
Alondra,Altos Juriquilla,165.4,196.5,31.1,0.0,2.0,Horizontal,4189449.0,4084712.78,2.5,2022-02-17,2024-06-24,2024.0,6.0,858.0,24695.966021765416
Nazca Nea,Zibatá II,165.3,191.3,26.0,0.0,2.0,Horizontal,4124937.0,4112312.32,0.5,2022-03-17,2024-06-29,2024.0,6.0,835.0,24877.872474289168
Sinfonía,Rancho Cerro Prieto,123.0,152.6,29.6,0.0,2.0,Horizontal,3063874.0,3063874.0,0.0,2021-11-10,2024-07-31,2024.0,7.0,994.0,24909.544715447155
Nazca Nea,Zibatá II,174.0,202.4,28.4,0.0,2.0,Horizontal,4158162.0,4158162.0,0.0,2022-03-17,2024-06-29,2024.0,6.0,835.0,23897.48275862069
Alondra,Altos Juriquilla,121.5,159.8,38.3,0.0,2.0,Horizontal,3478874.0,3393507.78,3.0,2022-02-17,2024-06-27,2024.0,6.0,861.0,27930.105185185184
Nazca Nea,Zibatá II,174.0,202.4,28.4,0.0,2.0,Horizontal,4108856.0,4108856.0,0.0,2022-03-17,2024-07-03,2024.0,7.0,839.0,23614.114942528737
Nazca Nea,Zibatá II,121.0,152.0,31.0,0.0,2.0,Horizontal,3427118.0,3451218.0,0.0,2022-03-17,2024-06-29,2024.0,6.0,835.0,28522.462809917357
Nazca Lofts & Apartments,Zibatá II,112.4,112.4,0.0,0.0,2.0,Subvertical,3617156.0,3617156.0,0.0,2022-05-24,2024-06-29,2024.0,6.0,767.0,32181.103202846974
Nazca Lofts & Apartments,Zibatá II,149.4,149.4,0.0,0.0,2.0,Subvertical,4180292.0,4159390.54,0.5,2022-05-24,2024-06-29,2024.0,6.0,767.0,27840.6327978581
Oasis High Residence,Fraccionamiento Zarú,114.5,114.5,0.0,0.0,2.0,Subvertical,3509289.0,3424196.11,1.0,2023-09-07,2025-10-31,2025.0,10.0,785.0,29905.64288209607
Sophia Distrito,Jurica,219.5,260.5,41.0,0.0,2.0,Horizontal,5600847.83,5292801.19,5.5,2021-09-25,2024-06-30,2024.0,6.0,1009.0,24112.989476082006
Sophia Distrito,Jurica,165.0,165.0,0.0,0.0,2.0,Subvertical,5943953.14,5971093.14,0.0,2024-04-11,2024-06-29,2024.0,6.0,79.0,36188.44327272727
Sophia Distrito,Jurica,219.5,257.7,38.2,0.0,2.0,Horizontal,5775708.29,5813208.29,0.0,2021-09-25,2024-06-29,2024.0,6.0,1008.0,26483.86464692483
Nazca Lofts & Apartments,Zibatá II,149.4,149.4,0.0,0.0,2.0,Subvertical,4214105.0,4230034.48,0.5,2022-05-24,2024-06-29,2024.0,6.0,767.0,28313.483801874165
Sophia Distrito,Jurica,250.3,296.6,46.3,0.0,2.0,Horizontal,6399490.2,6303497.85,1.5,2021-09-25,2024-07-26,2024.0,7.0,1035.0,25183.770874950056
Oasis High Residence,Fraccionamiento Zarú,102.0,102.0,0.0,0.0,2.0,Subvertical,2996631.0,2966664.69,1.0,2023-09-07,2024-06-28,2024.0,6.0,295.0,29084.94794117647
Alegra Towers,Juriquilla Santa Fe,133.4,145.29,0.0,11.89,2.0,Vertical,4724009.0,4650000.0,1.5,2018-08-29,2024-06-30,2024.0,6.0,2132.0,34857.5712143928
Melodía,Nuevo Refugio,96.4,141.56,0.0,45.16,2.0,Horizontal,2813814.0,2763814.0,0.0,2023-03-15,2024-07-15,2024.0,7.0,488.0,28670.269709543565
Nazca Munay,Zibatá II,146.7,230.8,16.1,68.0,2.0,Horizontal,3579425.86,3412454.57,5.0,2022-03-17,2024-08-31,2024.0,8.0,898.0,23261.449011588276
Nazca Nea,Zibatá II,205.8,237.2,31.4,0.0,2.0,Horizontal,4897643.0,4881154.79,0.5,2022-03-17,2024-07-15,2024.0,7.0,851.0,23717.953304178813
Alegra Towers,Juriquilla Santa Fe,132.2,144.1,0.0,11.9,2.0,Vertical,4800554.0,4464515.22,7.0,2016-06-29,2024-07-05,2024.0,7.0,2928.0,33770.916944024204
Melodía,Nuevo Refugio,96.5,141.66,0.0,45.16,2.0,Horizontal,2758641.0,2708641.0,0.0,2023-03-15,2024-07-19,2024.0,7.0,492.0,28068.818652849743
Nazca Nea,Zibatá II,165.3,191.3,26.0,0.0,2.0,Horizontal,3871740.79,3879740.79,0.0,2022-03-17,2024-07-06,2024.0,7.0,842.0,23470.906170598908
Sophia Distrito,Jurica,135.0,135.0,0.0,0.0,2.0,Subvertical,5211119.81,5211119.81,0.0,2024-04-11,2024-07-21,2024.0,7.0,101.0,38600.88748148148
Sophia Distrito,Jurica,135.0,135.0,0.0,0.0,2.0,Subvertical,5382737.0,5167427.52,4.0,2024-04-11,2024-07-16,2024.0,7.0,96.0,38277.24088888888
Nazca Nea,Zibatá II,205.8,237.2,31.4,0.0,2.0,Horizontal,5009207.0,4861821.5,3.98,2022-03-17,2024-07-15,2024.0,7.0,851.0,23624.01117589893
Loretta,Altos Juriquilla,136.1,194.1,0.0,58.0,2.0,Horizontal,3390547.0,3273925.12,4.0,2020-11-13,2024-07-18,2024.0,7.0,1343.0,24055.291109478327
Melodía,Nuevo Refugio,95.0,101.32,0.0,6.32,1.0,Horizontal,2549551.0,2524055.49,1.0,2023-03-15,2024-07-28,2024.0,7.0,501.0,26569.00515789474
Nazca Lofts & Apartments,Zibatá II,148.1,200.4,52.3,0.0,2.0,Subvertical,4437939.0,4456939.0,0.0,2022-05-24,2024-07-22,2024.0,7.0,790.0,30094.118838622555
Nazca Lofts & Apartments,Zibatá II,149.4,202.3,52.9,0.0,2.0,Subvertical,4530328.0,4439721.44,2.0,2022-05-24,2024-07-29,2024.0,7.0,797.0,29717.010977242306
Paseo Miró B,Zibatá,186.3,203.83,0.0,17.53,2.0,Subvertical,4544325.6,4271666.06,6.0,2019-07-25,2024-07-29,2024.0,7.0,1831.0,22928.964358561458
Emma,Cumbres del Lago,136.1,188.2,0.0,52.1,2.0,Horizontal,3387310.0,3387310.0,0.0,2022-12-08,2024-08-28,2024.0,8.0,629.0,24888.390889052167
Sophia Distrito,Jurica,165.0,165.0,0.0,0.0,2.0,Subvertical,6177710.74,6184200.74,0.0,2024-04-11,2024-07-24,2024.0,7.0,104.0,37480.00448484848
Alondra,Altos Juriquilla,222.0,367.0,145.0,0.0,2.0,Horizontal,5804267.0,5514053.65,5.0,2022-02-17,2024-07-30,2024.0,7.0,894.0,24838.079504504505
Nazca Nea,Zibatá II,154.4,169.5,15.1,0.0,2.0,Horizontal,3478600.0,3312670.0,5.0,2022-03-17,2024-07-20,2024.0,7.0,856.0,21455.11658031088
Melodía,Nuevo Refugio,94.9,101.22,0.0,6.32,1.0,Horizontal,2600542.0,2518300.32,4.0,2023-03-15,2024-08-14,2024.0,8.0,518.0,26536.357428872496
Sinfonía,Rancho Cerro Prieto,92.4,111.18,0.0,18.78,2.0,Horizontal,2565899.0,2437604.05,5.0,2022-05-12,2024-07-31,2024.0,7.0,811.0,26380.99621212121
Nazca Nea,Zibatá II,154.4,169.5,15.1,0.0,2.0,Horizontal,3573731.51,3563862.85,0.5,2022-03-17,2024-07-31,2024.0,7.0,867.0,23082.013277202073
Sophia Distrito,Jurica,219.5,273.3,53.8,0.0,2.0,Horizontal,5798203.2,5798203.2,0.0,2021-09-25,2024-07-30,2024.0,7.0,1039.0,26415.504328018225
Sinfonía,Rancho Cerro Prieto,73.8,111.0,37.2,0.0,2.0,Horizontal,2434614.0,2312883.3,5.0,2022-05-12,2024-07-31,2024.0,7.0,811.0,31339.882113821135
Nazca Lofts & Apartments,Zibatá II,112.4,112.4,0.0,0.0,2.0,Subvertical,3617156.0,3617156.0,0.0,2022-05-24,2024-08-05,2024.0,8.0,804.0,32181.103202846974
Nazca Lofts & Apartments,Zibatá II,81.2,109.1,27.9,0.0,2.0,Subvertical,3035348.0,2838050.38,6.5,2022-05-24,2024-08-10,2024.0,8.0,809.0,34951.35935960591
Sinfonía,Rancho Cerro Prieto,110.4,184.0,73.6,0.0,2.0,Horizontal,3242178.0,3088069.1,5.0,2021-11-10,2024-08-12,2024.0,8.0,1006.0,27971.640398550724
Nazca Nea,Zibatá II,154.4,169.5,15.1,0.0,2.0,Horizontal,3359994.0,3359994.0,0.0,2022-03-17,2024-08-03,2024.0,8.0,870.0,21761.619170984453
Nazca Lofts & Apartments,Zibatá II,112.4,141.7,29.3,0.0,2.0,Subvertical,3820908.0,3855408.0,0.0,2022-05-24,2024-08-15,2024.0,8.0,814.0,34300.78291814947
Nazca Nea,Zibatá II,165.3,191.3,26.0,0.0,2.0,Horizontal,4000480.0,3921968.0,2.5,2022-03-17,2024-08-17,2024.0,8.0,884.0,23726.364186327886
Nazca Lofts & Apartments,Zibatá II,74.2,101.3,27.1,0.0,2.0,Subvertical,2925035.0,2940035.0,0.0,2022-05-24,2024-08-21,2024.0,8.0,820.0,39623.11320754717
Nazca Nea,Zibatá II,205.8,245.1,39.3,0.0,2.0,Horizontal,4843951.39,4730852.61,2.5,2022-03-17,2024-08-11,2024.0,8.0,878.0,22987.62201166181
Sophia Distrito,Jurica,165.0,165.0,0.0,0.0,2.0,Subvertical,6173431.14,6173431.14,0.0,2024-04-11,2024-08-23,2024.0,8.0,134.0,37414.73418181818
Oasis High Residence,Fraccionamiento Zarú,102.0,102.0,0.0,0.0,2.0,Subvertical,3170300.0,3138597.0,1.0,2023-09-07,2024-08-13,2024.0,8.0,341.0,30770.558823529413
Melodía,Nuevo Refugio,113.8,190.2,76.4,0.0,2.0,Horizontal,3638772.0,3602384.28,1.0,2023-03-15,2024-08-15,2024.0,8.0,519.0,31655.397891036904
Paseo Miró B,Zibatá,186.3,203.83,0.0,17.53,2.0,Subvertical,4529325.6,4279325.6,0.0,2019-07-25,2024-08-19,2024.0,8.0,1852.0,22970.078368223294
Alondra,Altos Juriquilla,134.1,162.1,28.0,0.0,2.0,Horizontal,3883122.0,3894122.0,0.0,2022-02-17,2024-08-19,2024.0,8.0,914.0,29038.941088739746
Nazca Lofts & Apartments,Zibatá II,214.3,277.95,0.0,63.65,2.0,Subvertical,5523246.0,5523246.0,0.0,2022-05-24,2024-08-23,2024.0,8.0,822.0,25773.429771348576
Nazca Nea,Zibatá II,121.0,152.0,31.0,0.0,2.0,Horizontal,3492270.0,3492270.0,0.0,2022-03-17,2024-09-13,2024.0,9.0,911.0,28861.73553719008
Sinfonía,Rancho Cerro Prieto,92.4,111.18,0.0,18.78,2.0,Horizontal,2591319.0,2441319.0,0.0,2022-05-12,2024-08-29,2024.0,8.0,840.0,26421.201298701297
Nazca Lofts & Apartments,Zibatá II,112.4,112.4,0.0,0.0,2.0,Subvertical,3634359.0,3649359.0,0.0,2022-05-24,2024-08-22,2024.0,8.0,821.0,32467.606761565836
Alondra,Altos Juriquilla,158.0,178.2,20.2,0.0,2.0,Horizontal,3688457.0,3688457.0,0.0,2022-02-17,2024-08-31,2024.0,8.0,926.0,23344.664556962027
Nazca Lofts & Apartments,Zibatá II,74.2,74.2,0.0,0.0,2.0,Subvertical,2817495.0,2832495.0,0.0,2022-05-24,2024-08-30,2024.0,8.0,829.0,38173.787061994604
Nazca Nea,Zibatá II,205.8,316.4,110.6,0.0,2.0,Horizontal,5219311.0,5264511.0,0.0,2022-03-17,2024-09-11,2024.0,9.0,909.0,25580.714285714283
Nazca Nea,Zibatá II,121.0,152.0,31.0,0.0,2.0,Horizontal,3107636.39,3115636.39,0.0,2022-03-17,2024-08-31,2024.0,8.0,898.0,25749.061074380166
Nazca Nea,Zibatá II,154.4,169.5,15.1,0.0,2.0,Horizontal,3694093.19,3694093.19,0.0,2022-03-17,2024-08-31,2024.0,8.0,898.0,23925.474028497407
Nazca Lofts & Apartments,Zibatá II,148.1,148.1,0.0,0.0,2.0,Subvertical,4425757.0,4425757.0,0.0,2022-05-24,2024-08-31,2024.0,8.0,830.0,29883.571910871033
Emma,Cumbres del Lago,136.1,188.2,0.0,52.1,2.0,Horizontal,3325885.0,3125885.0,0.0,2022-12-08,2024-09-13,2024.0,9.0,645.0,22967.56061719324
Alegra Towers,Juriquilla Santa Fe,133.5,145.46,0.0,11.96,2.0,Vertical,4977913.0,4679238.22,6.0,2017-04-27,2024-09-17,2024.0,9.0,2700.0,35050.473558052436
Nazca Lofts & Apartments,Zibatá II,112.4,112.4,0.0,0.0,2.0,Subvertical,3617156.0,3617156.0,0.0,2022-05-24,2024-09-23,2024.0,9.0,853.0,32181.103202846974
Loretta,Altos Juriquilla,148.6,194.6,0.0,46.0,2.0,Horizontal,3686042.0,3486042.0,0.0,2020-11-13,2024-09-30,2024.0,9.0,1417.0,23459.232839838493
Emma,Cumbres del Lago,136.1,188.2,0.0,52.1,2.0,Horizontal,3379311.0,3179311.0,0.0,2022-12-08,2024-09-14,2024.0,9.0,646.0,23360.11021307862
Oasis High Residence,Fraccionamiento Zarú,114.5,160.5,46.0,0.0,2.0,Subvertical,3687303.0,3650429.97,1.0,2023-09-07,2024-09-11,2024.0,9.0,370.0,31881.484454148474
Sinfonía,Rancho Cerro Prieto,91.9,112.1,20.2,0.0,2.0,Horizontal,2731810.5,2531810.5,0.0,2022-05-12,2024-09-23,2024.0,9.0,865.0,27549.624591947766
Nazca Munay,Zibatá II,148.7,194.7,0.0,46.0,2.0,Horizontal,3408040.0,3220040.0,0.0,2022-03-17,2024-09-17,2024.0,9.0,915.0,21654.606590450574
Alondra,Altos Juriquilla,240.3,287.7,47.4,0.0,2.0,Horizontal,5796511.08,5528185.53,5.0,2022-02-17,2024-09-30,2024.0,9.0,956.0,23005.34968789014
Paseo Miró,Zibatá,142.5,157.9,15.4,0.0,2.0,Horizontal,3433474.0,3233474.0,0.0,2017-02-07,2024-09-12,2024.0,9.0,2774.0,22691.045614035087
Nazca Lofts & Apartments,Zibatá II,74.2,74.2,0.0,0.0,2.0,Subvertical,2845670.0,2776843.21,4.0,2022-05-24,2024-09-18,2024.0,9.0,848.0,37423.76293800539
Alondra,Altos Juriquilla,158.0,178.2,20.2,0.0,2.0,Horizontal,3754849.0,3736074.76,0.5,2022-02-17,2024-09-13,2024.0,9.0,939.0,23646.042784810124
Alondra,Altos Juriquilla,215.0,250.4,35.4,0.0,2.0,Horizontal,5084862.0,5069437.69,0.5,2022-02-17,2024-09-24,2024.0,9.0,950.0,23578.779953488374
Nazca Nea,Zibatá II,154.4,169.5,15.1,0.0,2.0,Horizontal,3651320.0,3651320.0,0.0,2022-03-17,2024-09-26,2024.0,9.0,924.0,23648.445595854922
Nazca Lofts & Apartments,Zibatá II,112.4,141.7,29.3,0.0,2.0,Subvertical,3818433.0,3833433.0,0.0,2022-05-24,2024-09-25,2024.0,9.0,855.0,34105.275800711745
Nazca Lofts & Apartments,Zibatá II,149.4,202.3,52.9,0.0,2.0,Subvertical,4530328.0,4439721.44,2.0,2022-05-24,2024-09-24,2024.0,9.0,854.0,29717.010977242306
Nazca Nea,Zibatá II,154.4,169.5,15.1,0.0,2.0,Horizontal,3651320.0,3659320.0,0.0,2022-03-17,2024-09-22,2024.0,9.0,920.0,23700.25906735751
El Capricho,"Cascatta II, Lomas de Angelópolis",233.6,246.5,12.9,0.0,0.0,Horizontal,4334683.0,4084683.0,0.0,2019-07-16,2024-09-24,2024.0,9.0,1897.0,17485.800513698632
Nazca Nea,Zibatá II,121.0,152.0,31.0,0.0,2.0,Horizontal,3534140.0,3534140.0,0.0,2022-03-17,2024-09-30,2024.0,9.0,928.0,29207.76859504132
Nazca Lofts & Apartments,Zibatá II,149.4,149.4,0.0,0.0,2.0,Subvertical,4290647.0,4290647.0,0.0,2022-05-24,2024-09-29,2024.0,9.0,859.0,28719.190093708166
Sinfonía,Rancho Cerro Prieto,91.9,91.9,0.0,0.0,2.0,Horizontal,2437194.0,2237194.0,0.0,2022-05-12,2024-09-30,2024.0,9.0,872.0,24343.78672470076
Oasis High Residence,Fraccionamiento Zarú,102.0,147.4,45.4,0.0,2.0,Subvertical,3317072.3,3291901.58,1.0,2023-09-07,2025-07-30,2025.0,7.0,692.0,32273.544901960784
Gran Motivo,Zarú,136.1,150.7,14.6,0.0,2.0,Horizontal,3243143.0,3122417.28,4.0,2022-08-03,2024-10-04,2024.0,10.0,793.0,22942.081410727405
Nazca Nea,Zibatá II,165.3,191.3,26.0,0.0,2.0,Horizontal,4000479.83,3840460.64,4.0,2022-03-17,2024-12-11,2024.0,12.0,1000.0,23233.276709013913
Nazca Nea,Zibatá II,165.3,191.3,26.0,0.0,2.0,Horizontal,4136449.0,4136449.0,0.0,2022-03-17,2024-10-14,2024.0,10.0,942.0,25023.88989715668
Emma,Cumbres del Lago,148.6,192.29,0.0,43.69,2.0,Horizontal,3700069.0,3522569.0,0.0,2022-12-08,2024-10-30,2024.0,10.0,692.0,23705.040376850608
Alondra,Altos Juriquilla,158.0,178.2,20.2,0.0,2.0,Horizontal,3631200.0,3458640.0,5.0,2022-02-17,2024-10-16,2024.0,10.0,972.0,21890.12658227848
Nazca Nea,Zibatá II,154.4,169.5,15.1,0.0,2.0,Horizontal,3588474.0,3588474.0,0.0,2022-03-17,2024-10-17,2024.0,10.0,945.0,23241.411917098445
El Capricho,"Cascatta II, Lomas de Angelópolis",215.2,232.9,17.7,0.0,0.0,Horizontal,3927460.0,3727460.0,0.0,2019-07-16,2024-12-16,2024.0,12.0,1980.0,17320.910780669146
Paseo Miró,Zibatá,142.5,157.9,15.4,0.0,2.0,Horizontal,3433474.0,3233474.0,0.0,2017-02-07,2024-10-27,2024.0,10.0,2819.0,22691.045614035087
Alondra,Altos Juriquilla,165.4,194.7,29.3,0.0,2.0,Horizontal,4331534.0,4122957.3,5.0,2022-02-17,2024-10-16,2024.0,10.0,972.0,24927.19044740024
Emma,Cumbres del Lago,115.2,192.6,77.4,0.0,2.0,Horizontal,3972951.0,3853762.47,3.0,2022-12-08,2024-10-25,2024.0,10.0,687.0,33452.79921875
Loretta,Altos Juriquilla,148.6,194.6,0.0,46.0,2.0,Horizontal,3686042.0,3486042.0,0.0,2020-11-13,2024-10-21,2024.0,10.0,1438.0,23459.232839838493
Gran Motivo,Zarú,136.1,136.1,0.0,0.0,2.0,Horizontal,3034776.0,2846776.0,0.0,2022-08-03,2024-11-06,2024.0,11.0,826.0,20916.796473181486
Sophia Distrito,Jurica,219.5,273.3,53.8,0.0,2.0,Horizontal,5798203.2,5508293.04,5.0,2021-09-25,2024-10-21,2024.0,10.0,1122.0,25094.72911161731
Nazca Lofts & Apartments,Zibatá II,149.4,149.4,0.0,0.0,2.0,Subvertical,3971608.0,3852459.76,3.0,2022-05-24,2024-10-29,2024.0,10.0,889.0,25786.20990629183
Nazca Nea,Zibatá II,174.0,202.4,28.4,0.0,2.0,Horizontal,4158162.0,3950253.9,5.0,2022-03-17,2024-10-24,2024.0,10.0,952.0,22702.608620689654
Emma,Cumbres del Lago,136.1,188.2,0.0,52.1,2.0,Horizontal,3329370.0,3129370.0,0.0,2022-12-08,2024-11-12,2024.0,11.0,705.0,22993.166789125644
Sinfonía,Rancho Cerro Prieto,134.0,159.4,25.4,0.0,2.0,Horizontal,3281511.0,3081511.0,0.0,2021-11-10,2024-10-28,2024.0,10.0,1083.0,22996.350746268658
Emma,Cumbres del Lago,136.1,188.2,0.0,52.1,2.0,Horizontal,3379311.0,3179311.0,0.0,2022-12-08,2024-10-30,2024.0,10.0,692.0,23360.11021307862
Sophia Distrito,Jurica,215.8,287.6,71.8,0.0,2.0,Horizontal,6169295.98,5860831.18,5.0,2021-09-25,2024-10-30,2024.0,10.0,1131.0,27158.62455977757
Nazca Munay,Zibatá II,138.8,382.0,243.2,0.0,2.0,Horizontal,4231608.0,4231608.0,0.0,2022-03-17,2024-10-30,2024.0,10.0,958.0,30487.08933717579
Emma,Cumbres del Lago,138.8,192.2,53.4,0.0,2.0,Horizontal,4067903.0,3888653.0,0.0,2022-12-08,2024-11-14,2024.0,11.0,707.0,28016.23198847262
Gran Motivo,Zarú,115.2,235.1,119.9,0.0,2.0,Horizontal,3340344.8,3140344.8,0.0,2022-08-03,2024-11-19,2024.0,11.0,839.0,27259.937499999996
Sophia Distrito,Jurica,250.3,284.4,34.1,0.0,2.0,Horizontal,5984850.0,5993850.0,0.0,2021-09-25,2024-11-20,2024.0,11.0,1152.0,23946.664003196165
Amara Grand,Altos Juriquilla,207.2,236.4,29.2,0.0,2.0,Horizontal,4061698.52,3919539.07,3.5,2018-07-09,2022-08-26,2022.0,8.0,1509.0,18916.694353281855
Nazca Munay,Zibatá II,146.7,230.8,16.1,68.0,2.0,Horizontal,3579425.86,3391425.86,0.0,2022-03-17,2024-11-18,2024.0,11.0,977.0,23118.104021813226
Nazca Nea,Zibatá II,121.0,152.0,31.0,0.0,2.0,Horizontal,3427972.0,3326073.4,5.0,2022-03-17,2024-11-22,2024.0,11.0,981.0,27488.209917355372
Emma,Cumbres del Lago,138.8,192.7,53.9,0.0,2.0,Horizontal,4069993.0,3882493.0,0.0,2022-12-08,2024-11-21,2024.0,11.0,714.0,27971.851585014407
Sophia Distrito,Jurica,250.3,293.7,43.4,0.0,2.0,Horizontal,6565808.99,6565808.99,0.0,2021-09-25,2024-11-16,2024.0,11.0,1148.0,26231.757850579306
Sinfonía,Rancho Cerro Prieto,134.0,159.4,25.4,0.0,2.0,Horizontal,3281511.0,3081511.0,0.0,2021-11-10,2024-11-16,2024.0,11.0,1102.0,22996.350746268658
Emma,Cumbres del Lago,110.4,194.9,84.5,0.0,2.0,Horizontal,3817360.0,3617360.0,0.0,2022-12-08,2024-12-09,2024.0,12.0,732.0,32765.942028985504
Melodía,Nuevo Refugio,165.3,187.6,22.3,0.0,2.0,Horizontal,3727672.4,3536472.4,0.0,2023-03-15,,,,,21394.267392619477
Melodía,Nuevo Refugio,165.3,187.6,22.3,0.0,2.0,Horizontal,4122355.0,3922355.0,0.0,2023-03-15,2024-11-28,2024.0,11.0,624.0,23728.705384150027
Sinfonía,Rancho Cerro Prieto,134.0,158.3,24.3,0.0,2.0,Horizontal,3281511.0,3081511.0,0.0,2021-11-10,2024-11-29,2024.0,11.0,1115.0,22996.350746268658
Nazca Nea,Zibatá II,154.4,169.5,15.1,0.0,2.0,Horizontal,3588474.0,3588474.0,0.0,2022-03-17,2024-11-21,2024.0,11.0,980.0,23241.411917098445
Alondra,Altos Juriquilla,215.0,253.3,38.3,0.0,2.0,Horizontal,5160064.0,4886260.48,5.5,2022-02-17,2024-11-25,2024.0,11.0,1012.0,22726.79293023256
Nazca Lofts & Apartments,Zibatá II,112.4,112.4,0.0,0.0,2.0,Subvertical,3642311.0,3657311.0,0.0,2022-05-24,2024-12-11,2024.0,12.0,932.0,32538.35409252669
Alondra,Altos Juriquilla,215.0,250.4,35.4,0.0,2.0,Horizontal,4604717.0,4443551.91,3.5,2022-02-17,2024-12-19,2024.0,12.0,1036.0,20667.683302325582
Sinfonía,Rancho Cerro Prieto,134.0,157.5,23.5,0.0,2.0,Horizontal,3334211.96,3134211.96,0.0,2021-11-10,2024-11-30,2024.0,11.0,1116.0,23389.641492537314
Nazca Lofts & Apartments,Zibatá II,149.4,149.4,0.0,0.0,2.0,Subvertical,4189396.0,4168449.02,0.5,2022-05-24,2024-12-02,2024.0,12.0,923.0,27901.265194109772
Melodía,Nuevo Refugio,96.5,141.66,0.0,45.16,2.0,Horizontal,2758641.0,2703468.18,2.0,2023-03-15,2024-12-15,2024.0,12.0,641.0,28015.214300518135
Sophia Distrito,Jurica,165.0,165.0,0.0,0.0,2.0,Subvertical,6238431.0,6265571.0,0.0,2024-11-25,2024-12-06,2024.0,12.0,11.0,37973.15757575758
Emma,Cumbres del Lago,115.2,217.1,101.9,0.0,2.0,Horizontal,4152822.0,3945180.9,5.0,2022-12-08,2024-12-17,2024.0,12.0,740.0,34246.361979166664
Nazca Nea,Zibatá II,121.0,152.0,31.0,0.0,2.0,Horizontal,3540939.0,3540939.0,0.0,2022-03-17,2024-12-19,2024.0,12.0,1008.0,29263.95867768595
Nazca Munay,Zibatá II,146.7,223.1,8.4,68.0,2.0,Horizontal,3515407.87,3315407.87,0.0,2022-03-17,2024-12-23,2024.0,12.0,1012.0,22599.917314246766
Nazca Munay,Zibatá II,148.7,194.7,0.0,46.0,2.0,Horizontal,3408040.0,3220040.0,0.0,2022-03-17,2024-12-23,2024.0,12.0,1012.0,21654.606590450574
Nazca Lofts & Apartments,Zibatá II,112.39,112.39,0.0,0.0,2.0,Subvertical,3653951.0,3668951.0,0.0,2022-05-24,2024-12-23,2024.0,12.0,944.0,32644.817154551118
Emma,Cumbres del Lago,146.7,210.03,0.0,63.33,2.0,Horizontal,3611032.0,3411032.0,0.0,2022-12-08,2024-12-20,2024.0,12.0,743.0,23251.75187457396
Gran Motivo,Zarú,136.1,154.5,18.4,0.0,2.0,Horizontal,3034776.0,2834776.0,0.0,2022-08-03,2024-12-27,2024.0,12.0,877.0,20828.626010286556
Oasis High Residence,Fraccionamiento Zarú,102.0,102.0,0.0,0.0,2.0,Subvertical,2924036.0,2880175.46,1.5,2023-09-07,2024-12-31,2024.0,12.0,481.0,28237.01431372549
Nazca Nea,Zibatá II,121.0,152.0,31.0,0.0,2.0,Horizontal,3492270.0,3492270.0,0.0,2022-03-17,2024-12-30,2024.0,12.0,1019.0,28861.73553719008
Sinfonía,Rancho Cerro Prieto,134.0,159.4,25.4,0.0,2.0,Horizontal,3202000.0,3002000.0,0.0,2021-11-10,2024-12-30,2024.0,12.0,1146.0,22402.985074626864
Gran Motivo,Zarú,115.2,192.6,77.4,0.0,2.0,Horizontal,3473366.0,3350516.0,0.0,2022-08-03,2024-12-31,2024.0,12.0,881.0,29084.340277777777
Oasis High Residence,Fraccionamiento Zarú,102.0,102.0,0.0,0.0,2.0,Subvertical,2966180.0,2936518.2,1.0,2023-09-07,2024-12-31,2024.0,12.0,481.0,28789.39411764706
Sinfonía,Rancho Cerro Prieto,165.3,221.3,56.0,0.0,2.0,Horizontal,3856512.0,3664512.0,0.0,2021-11-10,2025-01-31,2025.0,1.0,1178.0,22168.85662431942
Nazca Lofts & Apartments,Zibatá II,149.4,149.4,0.0,0.0,2.0,Subvertical,4162146.0,4181146.0,0.0,2022-05-24,2025-01-18,2025.0,1.0,970.0,27986.251673360108
Nazca Lofts & Apartments,Zibatá II,148.1,148.1,0.0,0.0,2.0,Subvertical,4207498.78,4207498.78,0.0,2022-05-24,2025-01-17,2025.0,1.0,969.0,28409.84996623903
Melodía,Nuevo Refugio,113.8,178.2,64.4,0.0,2.0,Horizontal,3563017.0,3491756.66,2.0,2023-03-15,2025-01-21,2025.0,1.0,678.0,30683.274692442883
Nazca Lofts & Apartments,Zibatá II,148.1,148.1,0.0,0.0,2.0,Subvertical,4220987.94,4218883.0,0.5,2022-05-24,2025-01-10,2025.0,1.0,962.0,28486.718433490885
Melodía,Nuevo Refugio,95.0,134.12,31.9,7.22,1.0,Horizontal,2860183.0,2860183.0,0.0,2023-03-15,2025-01-24,2025.0,1.0,681.0,30107.18947368421
Nazca Nea,Zibatá II,174.0,202.4,28.4,0.0,2.0,Horizontal,4212218.0,4001607.1,5.0,2022-03-17,2025-01-24,2025.0,1.0,1044.0,22997.74195402299
Gran Motivo,Zarú,136.1,136.1,0.0,0.0,2.0,Horizontal,3115618.0,2915618.0,0.0,2022-08-03,2025-01-15,2025.0,1.0,896.0,21422.61572373255
Nazca Nea,Zibatá II,121.0,152.0,31.0,0.0,2.0,Horizontal,3540939.0,3540939.0,0.0,2022-03-17,2025-01-24,2025.0,1.0,1044.0,29263.95867768595
Melodía,Nuevo Refugio,94.9,101.22,0.0,6.32,1.0,Horizontal,2697690.0,2697690.0,0.0,2023-03-15,2025-01-20,2025.0,1.0,677.0,28426.659641728133
Gran Motivo,Zarú,136.1,136.1,0.0,0.0,2.0,Horizontal,3034776.0,2843776.0,0.0,2022-08-03,2025-01-17,2025.0,1.0,898.0,20894.753857457752
Paseo Miró B,Zibatá,213.1,275.71,0.0,62.61,2.0,Subvertical,5096914.0,4846914.0,0.0,2019-11-20,2025-03-10,2025.0,3.0,1937.0,22744.786485218207
Nazca Munay,Zibatá II,136.1,194.1,0.0,58.0,2.0,Horizontal,3233705.0,3045705.0,0.0,2022-03-17,2025-01-15,2025.0,1.0,1035.0,22378.434974283617
Sophia Distrito,Jurica,165.0,165.0,0.0,0.0,2.0,Subvertical,6173431.14,6173431.14,0.0,2024-04-11,2025-01-31,2025.0,1.0,295.0,37414.73418181818
Sophia Distrito,Jurica,262.5,363.9,101.4,0.0,2.0,Horizontal,7199477.49,7208477.49,0.0,2021-09-25,2025-02-11,2025.0,2.0,1235.0,27460.866628571428
Alegra Towers,Juriquilla Santa Fe,133.5,145.46,0.0,11.96,0.0,Vertical,4718052.0,4576510.44,3.0,2017-04-27,2025-02-05,2025.0,2.0,2841.0,34280.97707865169
Melodía,Nuevo Refugio,95.2,124.82,22.4,7.22,1.0,Horizontal,2896920.0,2723104.8,6.0,2023-03-15,2025-01-31,2025.0,1.0,688.0,28604.04201680672
Nazca Nea,Zibatá II,154.4,169.5,15.1,0.0,2.0,Horizontal,3742603.0,3742603.0,0.0,2022-03-17,2025-02-07,2025.0,2.0,1058.0,24239.656735751294
Nazca Nea,Zibatá II,205.8,237.2,31.4,0.0,2.0,Horizontal,4897643.0,4905643.0,0.0,2022-03-17,2025-02-11,2025.0,2.0,1062.0,23836.943634596693
Nazca Lofts & Apartments,Zibatá II,214.3,277.95,0.0,63.65,2.0,Subvertical,6150259.54,6138508.24,0.5,2022-05-24,2025-02-26,2025.0,2.0,1009.0,28644.462155856276
Nazca Nea,Zibatá II,165.3,191.3,26.0,0.0,2.0,Horizontal,4119710.0,4146210.0,0.0,2022-03-17,2025-02-15,2025.0,2.0,1066.0,25082.94010889292
Nazca Nea,Zibatá II,154.4,169.5,15.1,0.0,2.0,Horizontal,3694093.19,3694093.19,0.0,2022-03-17,2025-02-09,2025.0,2.0,1060.0,23925.474028497407
Alondra,Altos Juriquilla,158.0,178.2,20.2,0.0,2.0,Horizontal,4146783.26,3972379.76,3.0,2022-02-17,2025-02-17,2025.0,2.0,1096.0,25141.64405063291
Amaia,Fraccionamiento Altos Juriquilla,95.26,108.9,13.64,0.0,2.0,Horizontal,3019742.0,3004643.29,0.5,2025-02-04,2025-02-22,2025.0,2.0,18.0,31541.5
El Capricho,"Cascatta II, Lomas de Angelópolis",219.2,237.0,17.8,0.0,0.0,Horizontal,4346061.0,4196061.0,0.0,2019-07-16,2025-02-15,2025.0,2.0,2041.0,19142.61405109489
Amaia,Fraccionamiento Altos Juriquilla,95.26,95.26,0.0,0.0,2.0,Horizontal,2848274.0,2848274.0,0.0,2025-02-04,2025-02-22,2025.0,2.0,18.0,29900.0
Nazca Nea,Zibatá II,205.8,237.2,31.4,0.0,2.0,Horizontal,5009207.0,5061307.0,0.0,2022-03-17,2025-02-15,2025.0,2.0,1066.0,24593.32847424684
Amaia,Fraccionamiento Altos Juriquilla,95.26,108.9,13.64,0.0,2.0,Horizontal,3235334.26,3219157.59,0.5,2025-02-04,2025-02-20,2025.0,2.0,16.0,33793.38221709007
Nazca Nea,Zibatá II,205.8,316.4,110.6,0.0,2.0,Horizontal,5219311.0,5238414.45,0.5,2022-03-17,2025-02-15,2025.0,2.0,1066.0,25453.90889212828
Sophia Distrito,Jurica,135.0,135.0,0.0,0.0,2.0,Subvertical,5309928.0,5283378.36,0.5,2024-04-11,2025-02-15,2025.0,2.0,310.0,39136.136000000006
Amaia,Fraccionamiento Altos Juriquilla,170.61,204.04,33.43,0.0,2.0,Horizontal,4365898.0,4191262.08,4.0,2025-02-04,2025-02-28,2025.0,2.0,24.0,24566.333040267276
Sophia Distrito,Jurica,165.0,165.0,0.0,0.0,2.0,Subvertical,6208431.0,6208431.0,0.0,2024-11-25,2025-02-24,2025.0,2.0,91.0,37626.854545454546
Melodía,Nuevo Refugio,180.6,202.1,21.5,0.0,2.0,Horizontal,4961777.0,4961777.0,0.0,2023-03-15,,,,,27473.848283499447
Gran Motivo,Zarú,110.4,183.9,73.5,0.0,2.0,Horizontal,3423394.0,3200000.0,0.0,2022-08-03,2025-03-04,2025.0,3.0,944.0,28985.50724637681
Nazca Munay,Zibatá II,115.2,192.43,77.23,0.0,2.0,Horizontal,4127246.0,3977246.0,0.0,2022-03-17,2025-02-28,2025.0,2.0,1079.0,34524.70486111111
Melodía,Nuevo Refugio,121.5,149.3,27.8,0.0,2.0,Horizontal,3340836.0,3190836.0,0.0,2023-03-15,2025-02-21,2025.0,2.0,709.0,26262.024691358023
Nazca Nea,Zibatá II,165.3,191.3,26.0,0.0,2.0,Horizontal,4147096.0,3939741.2,5.0,2022-03-17,2025-02-27,2025.0,2.0,1078.0,23833.885057471263
Amaia,Fraccionamiento Altos Juriquilla,97.04,97.04,0.0,0.0,2.0,Horizontal,3204138.0,3204138.0,0.0,2025-02-04,2025-03-18,2025.0,3.0,42.0,33018.73454245672
Alondra,Altos Juriquilla,165.4,204.4,39.0,0.0,2.0,Horizontal,4363141.0,4166799.66,4.5,2022-02-17,2025-02-28,2025.0,2.0,1107.0,25192.259129383314
Alondra,Altos Juriquilla,215.0,250.4,35.4,0.0,2.0,Horizontal,4604717.0,4604717.0,0.0,2022-02-17,2025-03-19,2025.0,3.0,1126.0,21417.288372093022
Gran Motivo,Zarú,138.8,210.6,71.8,0.0,2.0,Horizontal,3342823.76,3342823.76,0.0,2022-08-03,2025-02-27,2025.0,2.0,939.0,24083.744668587893
Nazca Munay,Zibatá II,148.7,194.7,0.0,46.0,2.0,Horizontal,3357817.0,3218817.0,0.0,2022-03-17,2025-03-01,2025.0,3.0,1080.0,21646.381977135174
Dos Motivos,Zakia,138.8,218.9,80.1,0.0,2.0,Horizontal,3499896.0,3399896.0,0.0,2019-10-22,2025-03-03,2025.0,3.0,1959.0,24494.92795389049
Nazca Munay,Zibatá II,138.8,192.1,53.3,0.0,2.0,Horizontal,4325129.0,4120872.55,5.0,2022-03-17,2025-03-07,2025.0,3.0,1086.0,29689.283501440917
Nazca Lofts & Apartments,Zibatá II,74.2,74.2,0.0,0.0,2.0,Subvertical,2675016.0,2661640.92,0.5,2022-05-24,2025-03-20,2025.0,3.0,1031.0,35871.171428571426
Alondra,Altos Juriquilla,222.0,288.6,66.6,0.0,2.0,Horizontal,5355340.0,5266340.0,0.0,2022-02-17,2025-03-12,2025.0,3.0,1119.0,23722.252252252252
Emma,Cumbres del Lago,115.2,192.6,77.4,0.0,2.0,Horizontal,3813533.0,3622856.35,5.0,2022-12-08,2025-03-22,2025.0,3.0,835.0,31448.405815972223
Sophia Distrito,Jurica,219.5,261.7,42.2,0.0,2.0,Horizontal,5702923.11,5531835.42,3.0,2021-09-25,2025-03-08,2025.0,3.0,1260.0,25201.983690205012
El Capricho,"Cascatta II, Lomas de Angelópolis",215.2,237.7,22.5,0.0,0.0,Horizontal,3870011.0,3720011.0,0.0,2019-07-16,2025-03-19,2025.0,3.0,2073.0,17286.296468401488
El Capricho,"Cascatta II, Lomas de Angelópolis",233.6,247.3,13.7,0.0,0.0,Horizontal,4443050.0,4243050.0,0.0,2019-07-16,2025-03-24,2025.0,3.0,2078.0,18163.741438356166
Melodía,Nuevo Refugio,113.8,178.2,64.4,0.0,2.0,Horizontal,3563017.0,3563017.0,0.0,2023-03-15,2025-03-08,2025.0,3.0,724.0,31309.463971880494
Melodía,Nuevo Refugio,180.6,202.2,21.6,0.0,2.0,Horizontal,4140000.0,4040000.0,0.0,2023-03-15,2025-03-14,2025.0,3.0,730.0,22369.87818383167
Amaia,Fraccionamiento Altos Juriquilla,95.26,108.9,13.64,0.0,2.0,Horizontal,3235681.0,3219502.6,0.5,2025-02-04,2025-03-14,2025.0,3.0,38.0,33797.003989082514
Emma,Cumbres del Lago,110.4,192.2,81.8,0.0,2.0,Horizontal,3880596.0,3923996.0,0.0,2022-12-08,2025-03-20,2025.0,3.0,833.0,35543.442028985504
Emma,Cumbres del Lago,136.1,188.2,0.0,52.1,2.0,Horizontal,3526334.0,3350017.3,5.0,2022-12-08,2025-03-23,2025.0,3.0,836.0,24614.38133725202
Sophia Distrito,Jurica,135.0,135.0,0.0,0.0,2.0,Subvertical,5263637.0,5263637.0,0.0,2024-04-11,2025-03-20,2025.0,3.0,343.0,38989.903703703705
Alondra,Altos Juriquilla,165.4,194.7,29.3,0.0,2.0,Horizontal,4051102.61,3980102.61,0.0,2022-02-17,2025-03-11,2025.0,3.0,1118.0,24063.498246674728
Nazca Nea,Zibatá II,165.3,225.6,60.3,0.0,2.0,Horizontal,4516986.75,4541086.75,0.0,2022-03-17,2025-03-19,2025.0,3.0,1098.0,27471.78917120387
Sophia Distrito,Jurica,219.5,271.2,51.7,0.0,2.0,Horizontal,5757085.66,5440445.95,5.5,2021-09-25,2025-03-24,2025.0,3.0,1276.0,24785.630751708428
Amaia,Fraccionamiento Altos Juriquilla,95.26,95.26,0.0,0.0,2.0,Horizontal,2848274.0,2848274.0,0.0,2025-02-04,2025-04-07,2025.0,4.0,62.0,29900.0
Amaia,Fraccionamiento Altos Juriquilla,114.17,149.32,35.15,0.0,2.0,Horizontal,3880386.36,3725170.91,4.0,2025-02-04,2025-04-30,2025.0,4.0,85.0,32628.281597617588
Gran Motivo,Zarú,110.4,181.6,71.2,0.0,2.0,Horizontal,3094460.48,3006460.48,0.0,2022-08-03,2025-03-21,2025.0,3.0,961.0,27232.43188405797
Sophia Distrito,Jurica,165.0,165.0,0.0,0.0,2.0,Subvertical,6208431.0,6208431.0,0.0,2024-11-25,2025-04-25,2025.0,4.0,151.0,37626.854545454546
Melodía,Nuevo Refugio,165.34,187.74,22.4,0.0,2.0,Horizontal,3727672.4,3663472.4,0.0,2023-03-15,2025-03-31,2025.0,3.0,747.0,22157.205757832344
Emma,Cumbres del Lago,148.6,192.29,0.0,43.69,2.0,Horizontal,3737069.69,3550216.21,5.0,2022-12-08,2025-03-24,2025.0,3.0,837.0,23891.091588156123
Gran Motivo,Zarú,115.2,192.6,77.4,0.0,2.0,Horizontal,3156562.08,3064562.08,0.0,2022-08-03,2025-03-28,2025.0,3.0,968.0,26602.10138888889
Amara Grand,Altos Juriquilla,207.2,266.5,59.3,0.0,2.0,Horizontal,4717617.0,4617617.0,0.0,2018-07-09,2025-03-21,2025.0,3.0,2447.0,22285.796332046335
Gran Motivo,Zarú,138.8,192.2,53.4,0.0,2.0,Horizontal,3289505.44,3252705.44,0.0,2022-08-03,2025-03-25,2025.0,3.0,965.0,23434.477233429392
Nazca Lofts & Apartments,Zibatá II,112.4,112.4,0.0,0.0,2.0,Subvertical,3771646.0,3771646.0,0.0,2022-05-24,2025-03-30,2025.0,3.0,1041.0,33555.56939501779
Gran Motivo,Zarú,138.8,210.9,72.1,0.0,2.0,Horizontal,3835152.0,3735152.0,0.0,2022-08-03,2025-03-26,2025.0,3.0,966.0,26910.317002881842
Melodía,Nuevo Refugio,121.5,149.7,28.2,0.0,2.0,Horizontal,3152412.09,3052412.09,0.0,2023-03-15,2025-03-28,2025.0,3.0,744.0,25122.733251028807
Sinfonía,Rancho Cerro Prieto,91.9,91.9,0.0,0.0,2.0,Horizontal,2461000.0,2311000.0,0.0,2022-05-12,2025-03-31,2025.0,3.0,1054.0,25146.898803046788
Alondra,Altos Juriquilla,165.4,207.3,41.9,0.0,2.0,Horizontal,4082918.03,3982918.03,0.0,2022-02-17,2025-05-12,2025.0,5.0,1180.0,24080.52013301088
Nazca Munay,Zibatá II,136.1,194.1,0.0,58.0,2.0,Horizontal,3615312.17,3518312.17,0.0,2022-03-17,2025-03-31,2025.0,3.0,1110.0,25850.93438648053
Gran Motivo,Zarú,115.2,192.6,77.4,0.0,2.0,Horizontal,3156562.08,3068562.08,0.0,2022-08-03,2025-03-31,2025.0,3.0,971.0,26636.82361111111
Nazca Munay,Zibatá II,148.7,194.7,0.0,46.0,2.0,Horizontal,3783009.54,3633009.54,0.0,2022-03-17,2025-04-13,2025.0,4.0,1123.0,24431.80591795562
Melodía,Nuevo Refugio,113.8,190.2,76.4,0.0,2.0,Horizontal,3638772.0,3511414.98,3.5,2023-03-15,2025-04-10,2025.0,4.0,757.0,30856.019156414764
Emma,Cumbres del Lago,136.1,188.2,0.0,52.1,2.0,Horizontal,3526334.0,3385280.64,4.0,2022-12-08,2025-05-06,2025.0,5.0,880.0,24873.480088170465
Paseo Miró B,Zibatá,213.1,275.71,0.0,62.61,2.0,Subvertical,5096914.0,4846914.0,0.0,2019-11-20,2025-04-26,2025.0,4.0,1984.0,22744.786485218207
Sinfonía,Rancho Cerro Prieto,134.0,159.4,25.4,0.0,2.0,Horizontal,3202000.0,3052000.0,0.0,2021-11-10,2025-04-15,2025.0,4.0,1252.0,22776.119402985074
Nazca Munay,Zibatá II,146.7,230.8,16.1,68.0,2.0,Horizontal,3579425.86,3412454.57,5.0,2022-03-17,2025-04-25,2025.0,4.0,1135.0,23261.449011588276
Alondra,Altos Juriquilla,215.0,264.6,49.6,0.0,2.0,Horizontal,4862745.67,4772745.67,0.0,2022-02-17,2025-04-30,2025.0,4.0,1168.0,22198.817069767443
Gran Motivo,Zarú,115.2,235.1,119.9,0.0,2.0,Horizontal,3340344.8,3240344.8,0.0,2022-08-03,2025-04-30,2025.0,4.0,1001.0,28127.993055555555
Gran Motivo,Zarú,138.8,192.2,53.4,0.0,2.0,Horizontal,3703027.0,3529875.65,5.0,2022-08-03,2025-04-30,2025.0,4.0,1001.0,25431.380763688758
Alondra,Altos Juriquilla,121.5,159.8,38.3,0.0,2.0,Horizontal,3541364.0,3441364.0,0.0,2022-02-17,2025-05-11,2025.0,5.0,1179.0,28323.98353909465
Sophia Distrito,Jurica,219.5,257.5,38.0,0.0,2.0,Horizontal,5732030.58,5560069.66,3.0,2021-09-25,2025-04-30,2025.0,4.0,1313.0,25330.613485193622
Emma,Cumbres del Lago,136.1,188.2,0.0,52.1,2.0,Horizontal,3526334.2,3499334.2,0.0,2022-12-08,2025-04-26,2025.0,4.0,870.0,25711.493019838355
Gran Motivo,Zarú,115.2,192.4,77.2,0.0,2.0,Horizontal,3462432.12,3289310.51,5.0,2022-08-03,2025-04-29,2025.0,4.0,1000.0,28553.042621527777
Oasis High Residence,Fraccionamiento Zarú,87.9,87.9,0.0,0.0,1.0,Subvertical,2969342.0,2869342.0,0.0,2023-09-07,2025-04-29,2025.0,4.0,600.0,32643.25369738339
Nazca Lofts & Apartments,Zibatá II,112.39,112.39,0.0,0.0,2.0,Subvertical,3741770.0,3756770.0,0.0,2022-05-24,2025-04-30,2025.0,4.0,1072.0,33426.19450129015
Emma,Cumbres del Lago,146.7,210.03,0.0,63.33,2.0,Horizontal,3889132.26,3733566.97,4.0,2022-12-08,2025-04-24,2025.0,4.0,868.0,25450.35426039537
Oasis High Residence,Fraccionamiento Zarú,114.5,114.5,0.0,0.0,2.0,Subvertical,3379948.45,3289948.45,0.0,2023-09-07,2025-04-29,2025.0,4.0,600.0,28733.174235807863
Melodía,Nuevo Refugio,165.3,187.6,22.3,0.0,2.0,Horizontal,3727672.4,3578565.5,4.0,2023-03-15,2025-04-30,2025.0,4.0,777.0,21648.914095583787
Amaia,Fraccionamiento Altos Juriquilla,95.26,95.26,0.0,0.0,2.0,Horizontal,2848274.0,2848274.0,0.0,2025-02-04,2025-04-30,2025.0,4.0,85.0,29900.0
Gran Motivo,Zarú,146.7,146.7,0.0,0.0,2.0,Horizontal,3249965.0,3146215.18,0.5,2022-08-03,2025-05-09,2025.0,5.0,1010.0,21446.592910702115
Alondra,Altos Juriquilla,165.4,239.1,73.7,0.0,2.0,Horizontal,4235197.43,4108141.51,0.0,2022-02-17,2025-04-30,2025.0,4.0,1168.0,24837.614933494555
Amaia,Fraccionamiento Altos Juriquilla,97.04,97.04,0.0,0.0,2.0,Horizontal,3204138.0,3204138.0,0.0,2025-02-04,2025-05-09,2025.0,5.0,94.0,33018.73454245672
Nazca Munay,Zibatá II,110.5,252.1,141.6,0.0,2.0,Horizontal,3667586.79,3559407.45,5.0,2022-03-17,2025-04-30,2025.0,4.0,1140.0,32211.832126696834
Gran Motivo,Zarú,138.8,210.9,72.1,0.0,2.0,Horizontal,3835152.0,3735152.0,0.0,2022-08-03,2025-05-07,2025.0,5.0,1008.0,26910.317002881842
Melodía,Nuevo Refugio,151.1,176.2,25.1,0.0,2.0,Horizontal,3625000.0,3598000.0,0.0,2023-03-15,2025-05-15,2025.0,5.0,792.0,23812.045003309067
Sinfonía,Rancho Cerro Prieto,91.9,91.9,0.0,0.0,2.0,Horizontal,2461000.0,2311000.0,0.0,2022-05-12,2025-05-22,2025.0,5.0,1106.0,25146.898803046788
Sophia Distrito,Jurica,219.5,255.7,36.2,0.0,2.0,Horizontal,5716925.58,5431079.3,5.0,2021-09-25,2025-05-16,2025.0,5.0,1329.0,24742.958086560364
Sophia Distrito,Jurica,219.5,255.8,36.3,0.0,2.0,Horizontal,5716925.58,5431079.3,5.0,2021-09-25,2025-05-16,2025.0,5.0,1329.0,24742.958086560364
Melodía,Nuevo Refugio,151.1,179.2,28.1,0.0,2.0,Horizontal,3625000.0,3525000.0,0.0,2023-03-15,2025-05-17,2025.0,5.0,794.0,23328.921244209134
Nazca Munay,Zibatá II,146.7,214.7,0.0,68.0,2.0,Horizontal,3701748.6,3563748.6,0.0,2022-03-17,2025-05-19,2025.0,5.0,1159.0,24292.764826175873
Gran Motivo,Zarú,115.2,191.6,76.4,0.0,2.0,Horizontal,3507505.0,3407505.0,0.0,2022-08-03,2025-05-19,2025.0,5.0,1020.0,29579.036458333332
Emma,Cumbres del Lago,148.6,192.29,0.0,43.69,2.0,Horizontal,3857066.78,3789566.78,0.0,2022-12-08,2025-06-06,2025.0,6.0,911.0,25501.79528936743
Emma,Cumbres del Lago,148.6,192.29,0.0,43.69,2.0,Horizontal,3737069.69,3624957.6,3.0,2022-12-08,2025-05-29,2025.0,5.0,903.0,24394.06191117093
Nazca Nea,Zibatá II,121.0,151.1,30.1,0.0,2.0,Horizontal,3650412.68,3658412.68,0.0,2022-03-17,2025-05-26,2025.0,5.0,1166.0,30234.815537190083
Amaia,Fraccionamiento Altos Juriquilla,95.26,95.26,0.0,0.0,2.0,Horizontal,2998896.0,2893934.64,3.5,2025-02-04,2025-05-30,2025.0,5.0,115.0,30379.32647491077
Melodía,Nuevo Refugio,121.5,185.3,63.8,0.0,2.0,Horizontal,3374694.99,3274694.99,0.0,2023-03-15,2025-05-31,2025.0,5.0,808.0,26952.222139917696
Gran Motivo,Zarú,115.2,192.4,77.2,0.0,2.0,Horizontal,3462432.12,3362432.12,0.0,2022-08-03,2025-05-30,2025.0,5.0,1031.0,29187.778819444444
Gran Motivo,Zarú,146.7,146.7,0.0,0.0,2.0,Horizontal,3387957.02,3262559.17,5.0,2022-08-03,2025-05-31,2025.0,5.0,1032.0,22239.66714383095
Melodía,Nuevo Refugio,121.5,145.0,23.5,0.0,2.0,Horizontal,3268101.0,3168101.0,0.0,2023-03-15,2025-05-31,2025.0,5.0,808.0,26074.90534979424
Gran Motivo,Zarú,110.4,183.0,72.6,0.0,2.0,Horizontal,3094437.6,3002437.6,0.0,2022-08-03,2025-06-12,2025.0,6.0,1044.0,27195.992753623188
Loretta,Altos Juriquilla,146.7,214.7,0.0,68.0,2.0,Horizontal,3387231.0,3262741.76,4.0,2020-11-13,2025-05-31,2025.0,5.0,1660.0,22240.91179277437
Nazca Lofts & Apartments,Zibatá II,74.2,74.2,0.0,0.0,2.0,Subvertical,2675016.0,2568015.36,4.0,2022-05-24,2025-05-30,2025.0,5.0,1102.0,34609.37142857142
Sophia Distrito,Jurica,215.8,258.2,42.4,0.0,2.0,Horizontal,5663900.0,5380705.0,5.0,2021-09-25,2025-06-13,2025.0,6.0,1357.0,24933.75810936052
Gran Motivo,Zarú,136.1,136.1,0.0,0.0,2.0,Horizontal,2956686.56,2856686.56,0.0,2022-08-03,2025-06-10,2025.0,6.0,1042.0,20989.61469507715
Emma,Cumbres del Lago,148.6,192.29,0.0,43.69,2.0,Horizontal,3857066.78,3777066.78,0.0,2022-12-08,2025-06-16,2025.0,6.0,921.0,25417.67685060565
Alondra,Altos Juriquilla,165.4,217.8,52.4,0.0,2.0,Horizontal,4295012.56,4195012.56,0.0,2022-02-17,2025-06-14,2025.0,6.0,1213.0,25362.83288996372
Nazca Lofts & Apartments,Zibatá II,74.2,74.2,0.0,0.0,1.0,Subvertical,2703786.16,2758786.16,0.0,2022-05-24,2025-06-13,2025.0,6.0,1116.0,37180.40646900269
Nazca Lofts & Apartments,Zibatá II,148.1,148.1,0.0,0.0,2.0,Subvertical,4425757.0,4425757.0,0.0,2022-05-24,2025-06-20,2025.0,6.0,1123.0,29883.571910871033
Amara Grand,Altos Juriquilla,207.2,234.6,27.4,0.0,2.0,Horizontal,4000000.0,4000000.0,0.0,2018-07-09,2025-07-10,2025.0,7.0,2558.0,19305.019305019305
Sinfonía,Rancho Cerro Prieto,151.3,182.8,31.5,0.0,2.0,Horizontal,3434305.24,3316505.24,0.0,2021-11-10,2025-06-24,2025.0,6.0,1322.0,21920.06107072042
Emma,Cumbres del Lago,138.8,192.2,53.4,0.0,2.0,Horizontal,4414562.85,4414562.85,0.0,2022-12-08,2025-06-30,2025.0,6.0,935.0,31805.20785302593
Emma,Cumbres del Lago,146.7,210.03,0.0,63.33,2.0,Horizontal,3755472.8,3677758.62,3.0,2022-12-08,2025-06-30,2025.0,6.0,935.0,25069.929243353785
El Motivo,Zakia,156.8,242.0,85.2,0.0,2.0,Horizontal,3640883.0,3440883.0,0.0,2017-08-01,2025-06-30,2025.0,6.0,2890.0,21944.4068877551
Alondra,Altos Juriquilla,165.4,238.3,72.9,0.0,2.0,Horizontal,4462790.0,4362790.0,0.0,2022-02-17,2025-06-30,2025.0,6.0,1229.0,26377.20677146312
Gran Motivo,Zarú,136.1,136.1,0.0,0.0,2.0,Horizontal,2946687.0,2890687.0,0.0,2022-08-03,2025-06-30,2025.0,6.0,1062.0,21239.434239529757
Sinfonía,Rancho Cerro Prieto,91.9,112.1,20.2,0.0,2.0,Horizontal,2731810.5,2501810.5,0.0,2022-05-12,2025-07-28,2025.0,7.0,1173.0,27223.182807399346
Nazca Munay,Zibatá II,136.1,204.5,10.4,58.0,2.0,Horizontal,3641805.0,3503805.0,0.0,2022-03-17,2025-06-30,2025.0,6.0,1201.0,25744.342395297575
Gran Motivo,Zarú,148.6,148.6,0.0,0.0,2.0,Horizontal,3122346.0,3022346.0,0.0,2022-08-03,2025-06-30,2025.0,6.0,1062.0,20338.802153432032
Melodía,Nuevo Refugio,113.8,178.2,64.4,0.0,2.0,Horizontal,3563017.0,3349235.98,6.0,2023-03-15,2025-07-11,2025.0,7.0,849.0,29430.896133567665
Emma,Cumbres del Lago,148.6,192.29,0.0,43.69,2.0,Horizontal,3857066.78,3777066.78,0.0,2022-12-08,2025-07-07,2025.0,7.0,942.0,25417.67685060565
Sinfonía,Rancho Cerro Prieto,134.0,159.4,25.4,0.0,2.0,Horizontal,3202000.0,3052000.0,0.0,2021-11-10,2025-07-18,2025.0,7.0,1346.0,22776.119402985074
Gran Motivo,Zarú,138.8,210.9,72.1,0.0,2.0,Horizontal,3835152.0,3735152.0,0.0,2022-08-03,2025-07-12,2025.0,7.0,1074.0,26910.317002881842
Alegra Towers,Juriquilla Santa Fe,172.4,189.3,0.0,16.9,0.0,Vertical,5882756.65,5588618.82,5.0,2016-07-04,2025-07-17,2025.0,7.0,3300.0,32416.58248259861
Nazca Nea,Zibatá II,165.3,191.3,26.0,0.0,2.0,Horizontal,4251188.0,4029188.0,0.0,2022-03-17,2025-08-15,2025.0,8.0,1247.0,24375.003024803387
Gran Motivo,Zarú,138.8,192.2,53.4,0.0,2.0,Horizontal,3703027.0,3615027.0,0.0,2022-08-03,2025-07-23,2025.0,7.0,1085.0,26044.86311239193
Gran Motivo,Zarú,146.7,146.7,0.0,0.0,2.0,Horizontal,3219965.0,3131965.0,0.0,2022-08-03,2025-07-30,2025.0,7.0,1092.0,21349.454669393323
Sinfonía,Rancho Cerro Prieto,134.0,157.2,23.2,0.0,2.0,Horizontal,3202000.0,3002000.0,0.0,2021-11-10,2025-08-21,2025.0,8.0,1380.0,22402.985074626864
Sinfonía,Rancho Cerro Prieto,148.6,148.6,0.0,0.0,2.0,Horizontal,3124184.28,2884184.28,0.0,2021-11-10,2025-08-14,2025.0,8.0,1373.0,19409.046298788693
Sinfonía,Rancho Cerro Prieto,121.5,158.4,36.9,0.0,2.0,Horizontal,3088533.88,2925033.88,0.0,2021-11-10,2025-07-30,2025.0,7.0,1358.0,24074.3529218107
Sinfonía,Rancho Cerro Prieto,138.8,193.97,53.5,1.67,2.0,Horizontal,3464490.27,3214490.27,0.0,2021-11-10,2025-07-30,2025.0,7.0,1358.0,23159.151801152737
Gran Motivo,Zarú,136.1,152.0,15.9,0.0,2.0,Horizontal,3167618.0,2987618.0,0.0,2022-08-03,2025-07-30,2025.0,7.0,1092.0,21951.63850110213
Alondra,Altos Juriquilla,121.5,159.8,38.3,0.0,2.0,Horizontal,3541364.0,3441364.0,0.0,2022-02-17,2025-07-25,2025.0,7.0,1254.0,28323.98353909465
Naara,Fraccionamiento Zibatá II,77.41,77.41,0.0,0.0,2.0,Horizontal,2088077.0,2088077.0,0.0,2025-07-24,2025-07-30,2025.0,7.0,6.0,26974.253972354993
Naara,Fraccionamiento Zibatá II,95.07,130.48,35.42,0.0,2.0,Horizontal,2781550.0,2781550.0,0.0,2025-07-24,2025-07-31,2025.0,7.0,7.0,29257.915220363946
Naara,Fraccionamiento Zibatá II,69.13,90.01,20.87,0.0,2.0,Horizontal,2048011.87,2037771.81,0.5,2025-07-24,2025-07-31,2025.0,7.0,7.0,29477.387675394188
Naara,Fraccionamiento Zibatá II,96.62,96.62,0.0,0.0,2.0,Horizontal,3014330.92,3014330.92,0.0,2025-07-24,2025-07-31,2025.0,7.0,7.0,31197.794659490788
Naara,Fraccionamiento Zibatá II,68.87,68.87,0.0,0.0,2.0,Horizontal,1889674.86,1814087.87,4.0,2025-07-24,2025-07-31,2025.0,7.0,7.0,26340.756062146073
Naara,Fraccionamiento Zibatá II,75.75,100.55,24.81,0.0,2.0,Horizontal,2208961.69,2208961.69,0.0,2025-07-24,2025-07-31,2025.0,7.0,7.0,29161.210429042905
Naara,Fraccionamiento Zibatá II,69.13,88.78,19.65,0.0,2.0,Horizontal,2028011.87,2017871.81,0.5,2025-07-24,2025-07-31,2025.0,7.0,7.0,29189.52422971214
Naara,Fraccionamiento Zibatá II,114.13,149.1,34.97,0.0,2.0,Horizontal,3632650.0,3632650.0,0.0,2025-07-24,2025-07-31,2025.0,7.0,7.0,31829.05458687462
Loretta,Altos Juriquilla,110.4,196.3,85.9,0.0,2.0,Horizontal,3531792.0,3281792.0,0.0,2020-11-13,2025-07-31,2025.0,7.0,1721.0,29726.3768115942
Naara,Fraccionamiento Zibatá II,88.33,88.33,0.0,0.0,2.0,Horizontal,2271388.71,2271388.71,0.0,2025-07-24,2025-08-05,2025.0,8.0,12.0,25714.804822823502
Sinfonía,Rancho Cerro Prieto,110.4,184.0,73.6,0.0,2.0,Horizontal,3035538.42,2795538.42,0.0,2021-11-10,2025-08-15,2025.0,8.0,1374.0,25321.905978260867
Naara,Fraccionamiento Zibatá II,68.87,93.54,24.67,0.0,2.0,Horizontal,2028012.0,2028012.0,0.0,2025-07-24,2025-07-31,2025.0,7.0,7.0,29446.95803688108
Naara,Fraccionamiento Zibatá II,123.06,155.67,32.61,0.0,2.0,Horizontal,3588780.0,3588780.0,0.0,2025-07-24,2025-07-31,2025.0,7.0,7.0,29162.847391516334
Naara,Fraccionamiento Zibatá II,123.06,156.11,33.04,0.0,2.0,Horizontal,3588780.0,3588780.0,0.0,2025-07-24,2025-07-31,2025.0,7.0,7.0,29162.847391516334
Naara,Fraccionamiento Zibatá II,96.62,96.62,0.0,0.0,2.0,Horizontal,2711550.0,2711550.0,0.0,2025-07-24,2025-07-31,2025.0,7.0,7.0,28064.065410888015
Naara,Fraccionamiento Zibatá II,70.61,70.61,0.0,0.0,2.0,Horizontal,1976218.0,1976218.0,0.0,2025-07-24,2025-07-31,2025.0,7.0,7.0,27987.792097436624
Naara,Fraccionamiento Zibatá II,95.07,95.07,0.0,0.0,2.0,Horizontal,2500950.0,2500950.0,0.0,2025-07-24,2025-07-31,2025.0,7.0,7.0,26306.40580624803
Naara,Fraccionamiento Zibatá II,88.33,88.33,0.0,0.0,2.0,Horizontal,2271388.71,2271388.71,0.0,2025-07-24,2025-08-06,2025.0,8.0,13.0,25714.804822823502
Gran Motivo,Zarú,115.2,192.4,77.2,0.0,2.0,Horizontal,3512505.0,3336879.75,5.0,2022-08-03,2025-07-31,2025.0,7.0,1093.0,28965.970052083332
Naara,Fraccionamiento Zibatá II,75.75,103.9,28.16,0.0,2.0,Horizontal,2208961.69,2208961.69,0.0,2025-07-24,2025-08-06,2025.0,8.0,13.0,29161.210429042905
Naara,Fraccionamiento Zibatá II,95.07,125.47,30.4,0.0,2.0,Horizontal,2801550.0,2801550.0,0.0,2025-07-24,2025-08-07,2025.0,8.0,14.0,29468.286525717893
Naara,Fraccionamiento Zibatá II,143.79,143.79,0.0,0.0,2.0,Horizontal,3635550.0,3626872.25,0.5,2025-07-24,2025-07-31,2025.0,7.0,7.0,25223.396967800265
Naara,Fraccionamiento Zibatá II,68.87,89.75,20.87,0.0,2.0,Horizontal,2048012.0,2048012.0,0.0,2025-07-24,2025-07-31,2025.0,7.0,7.0,29737.360243937852
Nazca Nea,Zibatá II,174.0,202.4,28.4,0.0,2.0,Horizontal,4398000.0,4128000.0,0.0,2022-03-17,2025-08-20,2025.0,8.0,1252.0,23724.137931034482
Naara,Fraccionamiento Zibatá II,75.75,75.75,0.0,0.0,2.0,Horizontal,1982457.0,1982457.0,0.0,2025-07-24,2025-07-30,2025.0,7.0,6.0,26171.049504950493
Naara,Fraccionamiento Zibatá II,70.61,70.61,0.0,0.0,2.0,Horizontal,1996217.28,1966217.28,0.0,2025-07-24,2025-07-31,2025.0,7.0,7.0,27846.158901005525
Naara,Fraccionamiento Zibatá II,88.26,113.59,25.33,0.0,2.0,Horizontal,2499894.23,2499894.23,0.0,2025-07-24,2025-07-31,2025.0,7.0,7.0,28324.20382959438
Naara,Fraccionamiento Zibatá II,143.79,143.79,0.0,0.0,2.0,Horizontal,3635550.0,3635550.0,0.0,2025-07-24,2025-07-31,2025.0,7.0,7.0,25283.74713123305
Naara,Fraccionamiento Zibatá II,69.13,69.13,0.0,0.0,2.0,Horizontal,1869675.0,1869675.0,0.0,2025-07-24,2025-07-31,2025.0,7.0,7.0,27045.783306813253
Naara,Fraccionamiento Zibatá II,95.07,130.48,35.42,0.0,2.0,Horizontal,2801550.0,2801550.0,0.0,2025-07-24,2025-07-28,2025.0,7.0,4.0,29468.286525717893
Sinfonía,Rancho Cerro Prieto,91.9,91.9,0.0,0.0,2.0,Horizontal,2461000.0,2281000.0,0.0,2022-05-12,2025-07-31,2025.0,7.0,1176.0,24820.457018498368
Naara,Fraccionamiento Zibatá II,95.07,95.07,0.0,0.0,2.0,Horizontal,2480950.0,2480950.0,0.0,2025-07-24,2025-07-31,2025.0,7.0,7.0,26096.03450089408
Naara,Fraccionamiento Zibatá II,68.87,89.75,20.87,0.0,2.0,Horizontal,2048012.0,2048012.0,0.0,2025-07-24,2025-07-31,2025.0,7.0,7.0,29737.360243937852
Naara,Fraccionamiento Zibatá II,95.07,130.48,35.42,0.0,2.0,Horizontal,2801550.0,2801550.0,0.0,2025-07-24,2025-07-31,2025.0,7.0,7.0,29468.286525717893
Naara,Fraccionamiento Zibatá II,88.26,110.68,22.43,0.0,2.0,Horizontal,2509795.0,2497246.03,0.5,2025-07-24,2025-08-08,2025.0,8.0,15.0,28294.19929753002
Naara,Fraccionamiento Zibatá II,95.07,95.07,0.0,0.0,2.0,Horizontal,2500950.0,2500950.0,0.0,2025-07-24,2025-07-31,2025.0,7.0,7.0,26306.40580624803
Naara,Fraccionamiento Zibatá II,95.07,95.07,0.0,0.0,2.0,Horizontal,2480950.0,2480950.0,0.0,2025-07-24,2025-07-30,2025.0,7.0,6.0,26096.03450089408
Naara,Fraccionamiento Zibatá II,68.87,88.52,19.65,0.0,2.0,Horizontal,2028012.0,2028012.0,0.0,2025-07-24,2025-07-31,2025.0,7.0,7.0,29446.95803688108
Naara,Fraccionamiento Zibatá II,75.75,75.75,0.0,0.0,2.0,Horizontal,1982456.17,1982456.17,0.0,2025-07-24,2025-07-31,2025.0,7.0,7.0,26171.038547854783
Naara,Fraccionamiento Zibatá II,96.62,96.62,0.0,0.0,2.0,Horizontal,2819559.5,2829059.5,0.0,2025-07-24,2025-07-31,2025.0,7.0,7.0,29280.26806044297
Naara,Fraccionamiento Zibatá II,95.07,95.07,0.0,0.0,2.0,Horizontal,2500950.0,2498945.25,0.5,2025-07-24,2025-07-31,2025.0,7.0,7.0,26285.318712527613
Naara,Fraccionamiento Zibatá II,123.06,155.97,32.91,0.0,2.0,Horizontal,3592080.0,3592080.0,0.0,2025-07-24,2025-07-31,2025.0,7.0,7.0,29189.66357874208
Naara,Fraccionamiento Zibatá II,95.07,95.07,0.0,0.0,2.0,Horizontal,2561755.0,2561755.0,0.0,2025-07-24,2025-07-31,2025.0,7.0,7.0,26945.987167350377
Naara,Fraccionamiento Zibatá II,96.62,96.62,0.0,0.0,2.0,Horizontal,2799559.5,2785561.7,0.5,2025-07-24,2025-07-31,2025.0,7.0,7.0,28830.073483750777
Naara,Fraccionamiento Zibatá II,96.62,96.62,0.0,0.0,2.0,Horizontal,2711550.0,2711550.0,0.0,2025-07-24,2025-07-31,2025.0,7.0,7.0,28064.065410888015
Naara,Fraccionamiento Zibatá II,69.13,69.13,0.0,0.0,2.0,Horizontal,1869674.86,1822932.99,2.5,2025-07-24,2025-08-08,2025.0,8.0,15.0,26369.63677130045
Naara,Fraccionamiento Zibatá II,69.13,69.13,0.0,0.0,2.0,Horizontal,1889675.0,1738501.0,8.0,2025-07-24,2025-07-31,2025.0,7.0,7.0,25148.285838275715
Naara,Fraccionamiento Zibatá II,69.13,88.78,19.65,0.0,2.0,Horizontal,2062746.0,2062746.0,0.0,2025-07-24,2025-07-31,2025.0,7.0,7.0,29838.651815420224
Naara,Fraccionamiento Zibatá II,68.87,68.87,0.0,0.0,2.0,Horizontal,1901955.0,1901955.0,0.0,2025-07-24,2025-07-31,2025.0,7.0,7.0,27616.596486133294
Naara,Fraccionamiento Zibatá II,95.07,95.07,0.0,0.0,2.0,Horizontal,2581755.5,2581755.5,0.0,2025-07-24,2025-08-11,2025.0,8.0,18.0,27156.36373198696
Naara,Fraccionamiento Zibatá II,68.87,68.87,0.0,0.0,2.0,Horizontal,1889674.86,1880226.49,0.5,2025-07-24,2025-07-31,2025.0,7.0,7.0,27301.096123130534
Naara,Fraccionamiento Zibatá II,114.13,154.12,39.99,0.0,2.0,Horizontal,3632650.0,3614486.75,0.5,2025-07-24,2025-07-31,2025.0,7.0,7.0,31669.909313940247
Naara,Fraccionamiento Zibatá II,70.86,70.86,0.0,0.0,2.0,Horizontal,2030148.65,2030148.65,0.0,2025-07-24,2025-07-31,2025.0,7.0,7.0,28650.136184024836
Naara,Fraccionamiento Zibatá II,90.25,90.25,0.0,0.0,2.0,Horizontal,2377010.0,2377010.0,0.0,2025-07-24,2025-07-31,2025.0,7.0,7.0,26338.060941828255
Naara,Fraccionamiento Zibatá II,114.13,154.12,39.99,0.0,2.0,Horizontal,3749434.89,3749434.89,0.0,2025-07-24,2025-07-31,2025.0,7.0,7.0,32852.31656882503
Naara,Fraccionamiento Zibatá II,114.13,149.1,34.97,0.0,2.0,Horizontal,3632650.0,3632650.0,0.0,2025-07-24,2025-08-30,2025.0,8.0,37.0,31829.05458687462
Naara,Fraccionamiento Zibatá II,95.07,125.47,30.4,0.0,2.0,Horizontal,2891747.0,2891747.0,0.0,2025-07-24,2025-07-31,2025.0,7.0,7.0,30417.029557168404
Naara,Fraccionamiento Zibatá II,68.87,68.87,0.0,0.0,2.0,Horizontal,1901954.82,1901954.82,0.0,2025-07-24,2025-07-31,2025.0,7.0,7.0,27616.59387251343
Naara,Fraccionamiento Zibatá II,69.13,69.13,0.0,0.0,2.0,Horizontal,1901954.82,1901954.82,0.0,2025-07-24,2025-07-31,2025.0,7.0,7.0,27512.727036019096
Naara,Fraccionamiento Zibatá II,95.07,130.48,35.42,0.0,2.0,Horizontal,2781550.0,2781550.0,0.0,2025-07-24,2025-08-05,2025.0,8.0,12.0,29257.915220363946
Naara,Fraccionamiento Zibatá II,149.85,149.85,0.0,0.0,2.0,Horizontal,3696150.0,3696150.0,0.0,2025-07-24,2025-08-11,2025.0,8.0,18.0,24665.665665665667
Naara,Fraccionamiento Zibatá II,69.13,93.8,24.67,0.0,2.0,Horizontal,2062746.05,2062746.05,0.0,2025-07-24,2025-07-31,2025.0,7.0,7.0,29838.652538695216
Naara,Fraccionamiento Zibatá II,68.87,88.52,19.65,0.0,2.0,Horizontal,2062746.05,2062746.05,0.0,2025-07-24,2025-07-31,2025.0,7.0,7.0,29951.300275882095
Emma,Cumbres del Lago,110.4,192.2,81.8,0.0,2.0,Horizontal,3880596.0,3723996.0,0.0,2022-12-08,2025-08-10,2025.0,8.0,976.0,33731.84782608695
Naara,Fraccionamiento Zibatá II,95.07,146.25,51.18,0.0,2.0,Horizontal,3065257.24,3065257.24,0.0,2025-07-24,2025-08-20,2025.0,8.0,27.0,32242.10834122226
Naara,Fraccionamiento Zibatá II,70.86,70.86,0.0,0.0,2.0,Horizontal,2041254.81,2041254.81,0.0,2025-07-24,2025-08-12,2025.0,8.0,19.0,28806.870025402204
Naara,Fraccionamiento Zibatá II,70.86,70.86,0.0,0.0,2.0,Horizontal,2010148.65,2010148.65,0.0,2025-07-24,2025-07-31,2025.0,7.0,7.0,28367.889500423367
Sinfonía,Rancho Cerro Prieto,73.8,134.3,60.5,0.0,2.0,Horizontal,2632500.92,2421500.92,0.0,2022-05-12,2025-08-09,2025.0,8.0,1185.0,32811.66558265583
Naara,Fraccionamiento Zibatá II,96.62,96.62,0.0,0.0,2.0,Horizontal,2862901.52,2848587.01,0.5,2025-07-24,2025-07-31,2025.0,7.0,7.0,29482.374353135994
Naara,Fraccionamiento Zibatá II,95.07,130.48,35.42,0.0,2.0,Horizontal,2936207.24,2956207.24,0.0,2025-07-24,2025-08-17,2025.0,8.0,24.0,31095.05879877985
Naara,Fraccionamiento Zibatá II,70.61,70.61,0.0,0.0,2.0,Horizontal,2010148.65,2010148.65,0.0,2025-07-24,2025-07-31,2025.0,7.0,7.0,28468.328140490015
Naara,Fraccionamiento Zibatá II,75.75,75.75,0.0,0.0,2.0,Horizontal,2027063.8,2027063.8,0.0,2025-07-24,2025-08-11,2025.0,8.0,18.0,26759.91815181518
Naara,Fraccionamiento Zibatá II,95.07,95.07,0.0,0.0,2.0,Horizontal,2621411.56,2621411.56,0.0,2025-07-24,2025-08-09,2025.0,8.0,16.0,27573.488587356685
Naara,Fraccionamiento Zibatá II,121.48,159.6,38.12,0.0,2.0,Horizontal,3532830.0,3532830.0,0.0,2025-07-24,2025-07-31,2025.0,7.0,7.0,29081.57721435627
Naara,Fraccionamiento Zibatá II,88.33,88.33,0.0,0.0,2.0,Horizontal,2325022.65,2313397.54,0.5,2025-07-24,2025-08-11,2025.0,8.0,18.0,26190.39442997849
Naara,Fraccionamiento Zibatá II,114.13,149.1,34.97,0.0,2.0,Horizontal,3807500.0,3807500.0,0.0,2025-07-24,2025-08-22,2025.0,8.0,29.0,33361.07947077894
Naara,Fraccionamiento Zibatá II,96.62,96.62,0.0,0.0,2.0,Horizontal,2862901.52,2862901.52,0.0,2025-07-24,2025-08-10,2025.0,8.0,17.0,29630.527013040777
Naara,Fraccionamiento Zibatá II,70.61,70.61,0.0,0.0,2.0,Horizontal,2041254.81,2041254.81,0.0,2025-07-24,2025-08-12,2025.0,8.0,19.0,28908.86290893641
Naara,Fraccionamiento Zibatá II,75.75,75.75,0.0,0.0,2.0,Horizontal,2027063.8,2016928.48,0.5,2025-07-24,2025-08-31,2025.0,8.0,38.0,26626.118547854785
Naara,Fraccionamiento Zibatá II,75.75,98.88,23.14,0.0,2.0,Horizontal,2260645.4,2260645.4,0.0,2025-07-24,2025-10-18,2025.0,10.0,86.0,29843.503630363037
Naara,Fraccionamiento Zibatá II,77.41,77.41,0.0,0.0,2.0,Horizontal,2135983.73,2050544.38,4.0,2025-07-24,2025-08-09,2025.0,8.0,16.0,26489.399044051155
Naara,Fraccionamiento Zibatá II,90.25,90.25,0.0,0.0,2.0,Horizontal,2453942.59,2453942.59,0.0,2025-07-24,2025-08-09,2025.0,8.0,16.0,27190.499612188363
Naara,Fraccionamiento Zibatá II,68.87,68.87,0.0,0.0,2.0,Horizontal,1961269.0,1961269.0,0.0,2025-07-24,2025-08-15,2025.0,8.0,22.0,28477.842311601566
Gran Motivo,Zarú,138.8,192.2,53.4,0.0,2.0,Horizontal,3703027.0,3548390.79,4.5,2022-08-03,2025-08-15,2025.0,8.0,1108.0,25564.77514409222
Gran Motivo,Zarú,146.7,146.7,0.0,0.0,2.0,Horizontal,3219965.0,3087066.58,4.5,2022-08-03,2025-08-15,2025.0,8.0,1108.0,21043.398636673486
Naara,Fraccionamiento Zibatá II,77.41,77.41,0.0,0.0,2.0,Horizontal,2169040.0,2169040.0,0.0,2025-07-24,2025-08-16,2025.0,8.0,23.0,28020.152435085907
Naara,Fraccionamiento Zibatá II,134.12,161.07,26.95,0.0,2.0,Horizontal,3754480.0,3763280.0,0.0,2025-07-24,2025-08-25,2025.0,8.0,32.0,28059.051595586043
Alondra,Altos Juriquilla,222.0,287.4,65.4,0.0,2.0,Horizontal,5217525.0,5127525.0,0.0,2022-02-17,2025-08-19,2025.0,8.0,1279.0,23096.95945945946
Naara,Fraccionamiento Zibatá II,75.75,98.88,23.14,0.0,2.0,Horizontal,2260645.0,2260645.0,0.0,2025-07-24,2025-08-15,2025.0,8.0,22.0,29843.498349834983
Nazca Lofts & Apartments,Zibatá II,148.1,148.1,0.0,0.0,2.0,Subvertical,4425757.0,4115954.01,7.0,2022-05-24,2025-08-23,2025.0,8.0,1187.0,27791.72187711006
Naara,Fraccionamiento Zibatá II,114.13,154.12,39.99,0.0,2.0,Horizontal,3866465.0,3866465.0,0.0,2025-07-24,2025-08-18,2025.0,8.0,25.0,33877.7271532463
Gran Motivo,Zarú,148.6,161.5,12.9,0.0,2.0,Horizontal,3122017.0,3033017.0,0.0,2022-08-03,2025-08-16,2025.0,8.0,1109.0,20410.612382234187
Gran Motivo,Zarú,136.1,136.1,0.0,0.0,2.0,Horizontal,3115618.0,2944618.0,0.0,2022-08-03,2025-09-10,2025.0,9.0,1134.0,21635.694342395298
Melodía,Nuevo Refugio,165.3,191.3,26.0,0.0,2.0,Horizontal,3747672.0,3566472.0,0.0,2023-03-15,2025-08-21,2025.0,8.0,890.0,21575.753176043556
Naara,Fraccionamiento Zibatá II,96.62,96.62,0.0,0.0,2.0,Horizontal,2906915.0,2906915.0,0.0,2025-07-24,2025-08-18,2025.0,8.0,25.0,30086.05878700062
Naara,Fraccionamiento Zibatá II,96.62,96.62,0.0,0.0,2.0,Horizontal,2906915.0,2906915.0,0.0,2025-07-24,2025-08-28,2025.0,8.0,35.0,30086.05878700062
El Capricho,"Cascatta II, Lomas de Angelópolis",219.2,237.2,18.0,0.0,0.0,Horizontal,4243043.33,3923043.33,0.0,2019-07-16,2025-08-27,2025.0,8.0,2234.0,17897.095483576642
Naara,Fraccionamiento Zibatá II,88.33,88.33,0.0,0.0,2.0,Horizontal,2361009.0,2361009.0,0.0,2025-07-24,2025-08-29,2025.0,8.0,36.0,26729.41243065776
Loretta,Altos Juriquilla,110.4,219.6,109.2,0.0,2.0,Horizontal,3656792.0,3406792.0,0.0,2020-11-13,2025-08-29,2025.0,8.0,1750.0,30858.623188405796
Alondra,Altos Juriquilla,158.0,178.2,20.2,0.0,2.0,Horizontal,3881200.0,3611200.0,0.0,2022-02-17,2025-08-31,2025.0,8.0,1291.0,22855.696202531646
Sophia Distrito,Jurica,219.5,257.7,38.2,0.0,2.0,Horizontal,5487120.0,5187120.0,0.0,2021-09-25,2025-08-30,2025.0,8.0,1435.0,23631.526195899773
Gran Motivo,Zarú,148.6,148.6,0.0,0.0,2.0,Horizontal,3122346.0,3022346.0,0.0,2022-08-03,2025-08-23,2025.0,8.0,1116.0,20338.802153432032
Naara,Fraccionamiento Zibatá II,90.25,90.25,0.0,0.0,2.0,Horizontal,2471618.0,2471618.0,0.0,2025-07-24,2025-08-29,2025.0,8.0,36.0,27386.349030470916
Naara,Fraccionamiento Zibatá II,77.41,77.41,0.0,0.0,2.0,Horizontal,2169040.0,2158194.8,0.5,2025-07-24,2025-08-22,2025.0,8.0,29.0,27880.051672910475
Naara,Fraccionamiento Zibatá II,95.07,95.07,0.0,0.0,2.0,Horizontal,2661682.0,2661682.0,0.0,2025-07-24,2025-08-27,2025.0,8.0,34.0,27997.07583885558
Sinfonía,Rancho Cerro Prieto,134.0,159.4,25.4,0.0,2.0,Horizontal,3202000.0,3002000.0,0.0,2021-11-10,2025-09-05,2025.0,9.0,1395.0,22402.985074626864
Naara,Fraccionamiento Zibatá II,90.25,90.25,0.0,0.0,2.0,Horizontal,2471618.0,2471618.0,0.0,2025-07-24,2025-08-31,2025.0,8.0,38.0,27386.349030470916
Naara,Fraccionamiento Zibatá II,95.07,125.47,30.4,0.0,2.0,Horizontal,2961357.3,2961357.3,0.0,2025-07-24,2025-09-05,2025.0,9.0,43.0,31149.230041022405
Sophia Distrito,Jurica,165.3,175.65,0.0,10.35,2.0,Subvertical,5849750.0,5699750.0,0.0,2021-09-25,2025-09-02,2025.0,9.0,1438.0,34481.246218995766
Gran Motivo,Zarú,110.4,184.0,73.6,0.0,2.0,Horizontal,3435796.0,3277796.0,0.0,2022-08-03,2025-09-05,2025.0,9.0,1129.0,29690.181159420288
Sophia Distrito,Jurica,250.3,284.4,34.1,0.0,2.0,Horizontal,5984850.0,5843850.0,0.0,2021-09-25,2025-09-12,2025.0,9.0,1448.0,23347.38314023172
Sinfonía,Rancho Cerro Prieto,73.8,134.3,60.5,0.0,2.0,Horizontal,2632500.92,2421500.92,0.0,2022-05-12,2025-08-29,2025.0,8.0,1205.0,32811.66558265583
Naara,Fraccionamiento Zibatá II,121.48,159.06,37.58,0.0,2.0,Horizontal,3532830.0,3532830.0,0.0,2025-07-24,2025-09-03,2025.0,9.0,41.0,29081.57721435627
Nazca Lofts & Apartments,Zibatá II,199.1,268.24,0.0,69.14,2.0,Subvertical,5537436.0,5437436.0,0.0,2022-05-24,2025-09-05,2025.0,9.0,1200.0,27310.075339025618
Sophia Distrito,Jurica,165.0,165.0,0.0,0.0,2.0,Subvertical,6177710.74,6184200.74,0.0,2024-04-11,2025-09-04,2025.0,9.0,511.0,37480.00448484848
Naara,Fraccionamiento Zibatá II,68.87,88.52,19.65,0.0,2.0,Horizontal,2160002.0,2149201.99,0.5,2025-07-24,2025-09-18,2025.0,9.0,56.0,31206.6500653405
Sinfonía,Rancho Cerro Prieto,180.0,211.3,31.3,0.0,2.0,Horizontal,3969484.88,3729484.88,0.0,2021-11-10,2025-09-05,2025.0,9.0,1395.0,20719.360444444443
Naara,Fraccionamiento Zibatá II,68.87,68.87,0.0,0.0,2.0,Horizontal,1991618.0,1991618.0,0.0,2025-07-24,2025-09-11,2025.0,9.0,49.0,28918.513140699866
Armonía,Zakia,121.5,165.0,43.5,0.0,2.0,Horizontal,3317189.0,3217189.0,0.0,2019-01-17,2025-09-06,2025.0,9.0,2424.0,26478.921810699587
Naara,Fraccionamiento Zibatá II,69.13,69.13,0.0,0.0,2.0,Horizontal,1991618.0,1991618.0,0.0,2025-07-24,2025-09-15,2025.0,9.0,53.0,28809.749746853755
Naara,Fraccionamiento Zibatá II,69.13,88.78,19.65,0.0,2.0,Horizontal,2160002.0,2160002.0,0.0,2025-07-24,2025-09-11,2025.0,9.0,49.0,31245.508462317375
Naara,Fraccionamiento Zibatá II,70.86,70.86,0.0,0.0,2.0,Horizontal,2104921.0,2104921.0,0.0,2025-07-24,2025-09-04,2025.0,9.0,42.0,29705.348574654246
Naara,Fraccionamiento Zibatá II,70.61,70.61,0.0,0.0,2.0,Horizontal,2104921.0,2104921.0,0.0,2025-07-24,2025-09-05,2025.0,9.0,43.0,29810.522588868433
Nazca Nea,Zibatá II,205.8,280.4,74.6,0.0,2.0,Horizontal,5225804.0,4975804.0,0.0,2022-03-17,2025-09-17,2025.0,9.0,1280.0,24177.862001943635
Naara,Fraccionamiento Zibatá II,88.33,88.33,0.0,0.0,2.0,Horizontal,2417553.85,2417553.85,0.0,2025-07-24,2025-09-12,2025.0,9.0,50.0,27369.566964791127
Naara,Fraccionamiento Zibatá II,88.26,113.59,25.33,0.0,2.0,Horizontal,2660559.52,2660559.52,0.0,2025-07-24,2025-09-12,2025.0,9.0,50.0,30144.567414457284
Sophia Distrito,Jurica,219.5,257.7,38.2,0.0,2.0,Horizontal,5512120.0,5362120.0,0.0,2021-09-25,2025-09-20,2025.0,9.0,1456.0,24428.79271070615
Alondra,Altos Juriquilla,158.0,178.2,20.2,0.0,2.0,Horizontal,3881200.0,3611200.0,0.0,2022-02-17,2025-09-06,2025.0,9.0,1297.0,22855.696202531646
Sinfonía,Rancho Cerro Prieto,146.7,146.7,0.0,0.0,2.0,Horizontal,3296691.98,3046691.98,0.0,2021-11-10,2025-09-26,2025.0,9.0,1416.0,20768.179822767554
Armonía,Zakia,165.3,204.6,39.3,0.0,2.0,Horizontal,3882072.0,3782072.0,0.0,2019-01-17,2025-09-27,2025.0,9.0,2445.0,22880.048396854203
Alondra,Altos Juriquilla,215.0,253.3,38.3,0.0,2.0,Horizontal,4556852.0,4456852.0,0.0,2022-02-17,2025-09-30,2025.0,9.0,1321.0,20729.54418604651
Alondra,Altos Juriquilla,158.0,178.2,20.2,0.0,2.0,Horizontal,3631200.0,3540200.0,0.0,2022-02-17,2025-09-18,2025.0,9.0,1309.0,22406.32911392405
Nazca Nea,Zibatá II,121.0,152.0,31.0,0.0,2.0,Horizontal,3686916.0,3547439.36,4.0,2022-03-17,2025-09-19,2025.0,9.0,1282.0,29317.680661157025
Alondra,Altos Juriquilla,158.0,178.2,20.2,0.0,2.0,Horizontal,3631200.0,3531200.0,0.0,2022-02-17,2025-10-22,2025.0,10.0,1343.0,22349.367088607596
Naara,Fraccionamiento Zibatá II,114.13,154.12,39.99,0.0,2.0,Horizontal,3886465.0,3886465.0,0.0,2025-07-24,2025-09-30,2025.0,9.0,68.0,34052.96591606063
Naara,Fraccionamiento Zibatá II,114.13,154.12,39.99,0.0,2.0,Horizontal,3866465.0,3847132.68,0.5,2025-07-24,2025-09-25,2025.0,9.0,63.0,33708.33856128976
Loretta,Altos Juriquilla,146.7,214.7,0.0,68.0,2.0,Horizontal,3387231.0,3148231.0,0.0,2020-11-13,2025-09-30,2025.0,9.0,1782.0,21460.33401499659
Emma,Cumbres del Lago,110.4,191.7,81.3,0.0,2.0,Horizontal,3730596.0,3630596.0,0.0,2022-12-08,2025-09-23,2025.0,9.0,1020.0,32885.83333333333
Nazca Munay,Zibatá II,146.7,214.7,0.0,68.0,2.0,Horizontal,3579425.86,3423425.86,0.0,2022-03-17,2025-09-26,2025.0,9.0,1289.0,23336.236264485346
Naara,Fraccionamiento Zibatá II,114.13,154.12,39.99,0.0,2.0,Horizontal,3886465.0,3886465.0,0.0,2025-07-24,2025-09-28,2025.0,9.0,66.0,34052.96591606063
Melodía,Nuevo Refugio,121.5,152.8,31.3,0.0,2.0,Horizontal,3353301.0,3173301.0,0.0,2023-03-15,2025-10-01,2025.0,10.0,931.0,26117.703703703704
Sophia Distrito,Jurica,250.3,281.6,31.3,0.0,3.0,Horizontal,5970850.0,5829850.0,0.0,2021-09-25,2025-09-30,2025.0,9.0,1466.0,23291.450259688372
Nazca Nea,Zibatá II,154.4,169.5,15.1,0.0,2.0,Horizontal,3929709.36,3772520.98,4.0,2022-03-17,2025-10-02,2025.0,10.0,1295.0,24433.42603626943
Alondra,Altos Juriquilla,123.1,156.7,33.6,0.0,2.0,Horizontal,3414682.0,3323682.0,0.0,2022-02-17,2025-09-25,2025.0,9.0,1316.0,26999.853777416734
Naara,Fraccionamiento Zibatá II,88.26,108.57,20.31,0.0,2.0,Horizontal,2710941.0,2494065.72,8.0,2025-07-24,2025-10-03,2025.0,10.0,71.0,28258.165873555405
Sinfonía,Rancho Cerro Prieto,148.6,148.6,0.0,0.0,2.0,Horizontal,3124184.28,2884184.28,0.0,2021-11-10,2025-10-06,2025.0,10.0,1426.0,19409.046298788693
Alondra,Altos Juriquilla,123.1,156.7,33.6,0.0,2.0,Horizontal,3414682.0,3314682.0,0.0,2022-02-17,2025-10-02,2025.0,10.0,1323.0,26926.742485783918
Alondra,Altos Juriquilla,165.4,200.2,34.8,0.0,2.0,Horizontal,4280803.0,4189603.0,0.0,2022-02-17,2025-10-03,2025.0,10.0,1324.0,25330.126964933494
Gran Motivo,Zarú,136.1,136.1,0.0,0.0,2.0,Horizontal,3115618.0,2935618.0,0.0,2022-08-03,2025-10-03,2025.0,10.0,1157.0,21569.566495224102
Naara,Fraccionamiento Zibatá II,68.87,88.52,19.65,0.0,2.0,Horizontal,2160002.31,2160002.31,0.0,2025-07-24,2025-09-30,2025.0,9.0,68.0,31363.471903586465
Naara,Fraccionamiento Zibatá II,149.85,149.85,0.0,0.0,2.0,Horizontal,3994920.0,3994920.0,0.0,2025-07-24,2025-10-05,2025.0,10.0,73.0,26659.45945945946
Naara,Fraccionamiento Zibatá II,70.86,70.86,0.0,0.0,2.0,Horizontal,2104921.02,2094396.41,0.5,2025-07-24,2025-09-30,2025.0,9.0,68.0,29556.82204346599
Naara,Fraccionamiento Zibatá II,69.13,88.78,19.65,0.0,2.0,Horizontal,2160002.31,2160002.31,0.0,2025-07-24,2025-09-30,2025.0,9.0,68.0,31245.512946622308
Naara,Fraccionamiento Zibatá II,70.61,70.61,0.0,0.0,2.0,Horizontal,2104921.02,2104921.02,0.0,2025-07-24,2025-09-30,2025.0,9.0,68.0,29810.52287211443
Naara,Fraccionamiento Zibatá II,94.89,94.89,0.0,0.0,2.0,Horizontal,2709277.21,2695730.82,0.5,2025-07-24,2025-09-30,2025.0,9.0,68.0,28409.00853619981
Alondra,Altos Juriquilla,215.0,250.4,35.4,0.0,2.0,Horizontal,4604717.0,4504717.0,0.0,2022-02-17,2025-10-20,2025.0,10.0,1341.0,20952.172093023255
Sinfonía,Rancho Cerro Prieto,110.4,184.0,73.6,0.0,2.0,Horizontal,3035538.42,2795538.42,0.0,2021-11-10,2025-09-30,2025.0,9.0,1420.0,25321.905978260867
Naara,Fraccionamiento Zibatá II,94.89,141.31,46.42,0.0,2.0,Horizontal,3083457.19,3083457.19,0.0,2025-07-24,2025-10-15,2025.0,10.0,83.0,32495.069975761406
Naara,Fraccionamiento Zibatá II,96.47,96.47,0.0,0.0,2.0,Horizontal,2958311.38,2943519.82,0.5,2025-07-24,2025-10-12,2025.0,10.0,80.0,30512.2817456204
Naara,Fraccionamiento Zibatá II,68.87,68.87,0.0,0.0,2.0,Horizontal,2029331.7,2029331.7,0.0,2025-07-24,2025-10-05,2025.0,10.0,73.0,29466.120226513718
Nazca Lofts & Apartments,Zibatá II,199.1,268.24,0.0,69.14,2.0,Subvertical,5385436.0,5343436.0,0.0,2022-05-24,2025-10-27,2025.0,10.0,1252.0,26837.950778503266
Naara,Fraccionamiento Zibatá II,69.13,69.13,0.0,0.0,2.0,Horizontal,1991617.79,1931869.26,3.0,2025-07-24,2025-10-13,2025.0,10.0,81.0,27945.454361348187
Sinfonía,Rancho Cerro Prieto,148.6,148.6,0.0,0.0,2.0,Horizontal,3009185.0,2769185.0,0.0,2021-11-10,2025-10-08,2025.0,10.0,1428.0,18635.161507402423
Amaia,Fraccionamiento Altos Juriquilla,200.06,208.56,8.5,0.0,2.0,Horizontal,4837887.88,4499235.73,7.0,2025-02-04,2025-10-18,2025.0,10.0,256.0,22489.431820453865
Armonía,Zakia,180.0,217.8,37.8,0.0,2.0,Horizontal,4371000.0,4271000.0,0.0,2019-01-17,2025-10-16,2025.0,10.0,2464.0,23727.777777777777
Sinfonía,Rancho Cerro Prieto,180.0,211.3,31.3,0.0,2.0,Horizontal,3969484.88,3729484.88,0.0,2021-11-10,2025-10-14,2025.0,10.0,1434.0,20719.360444444443
Alondra,Altos Juriquilla,215.0,253.3,38.3,0.0,2.0,Horizontal,4556852.0,4456852.0,0.0,2022-02-17,2025-10-24,2025.0,10.0,1345.0,20729.54418604651
Nazca Nea,Zibatá II,165.3,191.3,26.0,0.0,2.0,Horizontal,4251188.0,4029188.0,0.0,2022-03-17,2025-10-25,2025.0,10.0,1318.0,24375.003024803387
Gran Motivo,Zarú,136.1,136.1,0.0,0.0,2.0,Horizontal,3115618.0,2935618.0,0.0,2022-08-03,2025-10-11,2025.0,10.0,1165.0,21569.566495224102
Alondra,Altos Juriquilla,215.0,250.4,35.4,0.0,2.0,Horizontal,4541852.0,4441852.0,0.0,2022-02-17,2025-10-30,2025.0,10.0,1351.0,20659.776744186045
Alondra,Altos Juriquilla,123.1,156.7,33.6,0.0,2.0,Horizontal,3414682.0,3314682.0,0.0,2022-02-17,2025-10-20,2025.0,10.0,1341.0,26926.742485783918
Gran Motivo,Zarú,110.4,184.0,73.6,0.0,2.0,Horizontal,3435796.0,3265796.0,0.0,2022-08-03,2025-10-19,2025.0,10.0,1173.0,29581.485507246376
Sinfonía,Rancho Cerro Prieto,121.5,158.4,36.9,0.0,2.0,Horizontal,3088533.88,2925033.88,0.0,2021-11-10,2025-10-22,2025.0,10.0,1442.0,24074.3529218107
Melodía,Nuevo Refugio,165.3,187.6,22.3,0.0,2.0,Horizontal,3727672.4,3546472.4,0.0,2023-03-15,2025-10-20,2025.0,10.0,950.0,21454.763460375074
Oasis High Residence,Fraccionamiento Zarú,102.01,102.01,0.0,0.0,2.0,Subvertical,3074800.0,2974800.0,0.0,2023-09-07,2025-10-30,2025.0,10.0,784.0,29161.84687775708
Emma,Cumbres del Lago,136.1,188.2,0.0,52.1,2.0,Horizontal,3497310.0,3357417.6,4.0,2022-12-08,2025-10-23,2025.0,10.0,1050.0,24668.755326965467
Emma,Cumbres del Lago,110.4,243.3,132.9,0.0,2.0,Horizontal,3799568.0,3699568.0,0.0,2022-12-08,2025-10-25,2025.0,10.0,1052.0,33510.57971014493
Alondra,Altos Juriquilla,123.1,161.9,38.8,0.0,2.0,Horizontal,3574682.0,3474682.0,0.0,2022-02-17,2025-10-27,2025.0,10.0,1348.0,28226.498781478473
Sophia Distrito,Jurica,215.8,258.2,42.4,0.0,2.0,Horizontal,5663900.0,5513900.0,0.0,2021-09-25,2025-10-31,2025.0,10.0,1497.0,25550.97312326228
Melodía,Nuevo Refugio,113.9,158.8,44.9,0.0,2.0,Horizontal,3627495.27,3497495.27,0.0,2023-03-15,2025-10-28,2025.0,10.0,958.0,30706.718788410886
Sinfonía,Rancho Cerro Prieto,92.4,111.18,0.0,18.78,2.0,Horizontal,2621539.0,2449539.0,0.0,2022-05-12,2025-10-31,2025.0,10.0,1268.0,26510.162337662336
Naara,Fraccionamiento Zibatá II,68.87,68.87,0.0,0.0,2.0,Horizontal,2029331.7,2029331.7,0.0,2025-07-24,2025-10-29,2025.0,10.0,97.0,29466.120226513718
Naara,Fraccionamiento Zibatá II,88.33,88.33,0.0,0.0,2.0,Horizontal,2442955.0,2442955.0,0.0,2025-07-24,2025-10-31,2025.0,10.0,99.0,27657.138005207744
Naara,Fraccionamiento Zibatá II,77.41,77.41,0.0,0.0,2.0,Horizontal,2244319.0,2244319.0,0.0,2025-07-24,2025-11-03,2025.0,11.0,102.0,28992.623692029454
Naara,Fraccionamiento Zibatá II,95.07,125.47,30.4,0.0,2.0,Horizontal,3080790.0,3080790.0,0.0,2025-07-24,2025-10-27,2025.0,10.0,95.0,32405.49069106974
Naara,Fraccionamiento Zibatá II,75.75,75.75,0.0,0.0,2.0,Horizontal,2129869.0,2129869.0,0.0,2025-07-24,2025-10-30,2025.0,10.0,98.0,28117.082508250824
Naara,Fraccionamiento Zibatá II,96.62,96.62,0.0,0.0,2.0,Horizontal,2991763.0,2991763.0,0.0,2025-07-24,2025-10-30,2025.0,10.0,98.0,30964.220658248807
Gran Motivo,Zarú,146.7,146.7,0.0,0.0,2.0,Horizontal,3399099.0,3263135.04,4.0,2022-08-03,2025-11-04,2025.0,11.0,1189.0,22243.59263803681
Sophia Distrito,Jurica,250.3,289.7,39.4,0.0,3.0,Horizontal,6079850.0,5929850.0,0.0,2021-09-25,2025-11-21,2025.0,11.0,1518.0,23690.970834998003
Naara,Fraccionamiento Zibatá II,90.25,90.25,0.0,0.0,2.0,Horizontal,2557404.0,2557404.0,0.0,2025-07-24,2025-11-04,2025.0,11.0,103.0,28336.8864265928
Oasis High Residence,Fraccionamiento Zarú,102.01,102.01,0.0,0.0,2.0,Subvertical,2981405.0,2951590.95,1.0,2023-09-07,2025-10-31,2025.0,10.0,785.0,28934.329477502208
Melodía,Nuevo Refugio,121.47,152.24,30.77,0.0,2.0,Horizontal,3558564.0,3378564.0,0.0,2023-03-15,2025-10-31,2025.0,10.0,961.0,27813.9787601877
Alondra,Altos Juriquilla,165.4,205.8,40.4,0.0,2.0,Horizontal,4335803.0,4210803.0,0.0,2022-02-17,2025-11-12,2025.0,11.0,1364.0,25458.30108827086
Naara,Fraccionamiento Zibatá II,95.07,95.07,0.0,0.0,2.0,Horizontal,2785013.0,2785013.0,0.0,2025-07-24,2025-11-10,2025.0,11.0,109.0,29294.34101188598
Gran Motivo,Zarú,148.6,148.6,0.0,0.0,2.0,Horizontal,3423108.0,3298108.0,0.0,2022-08-03,2025-11-15,2025.0,11.0,1200.0,22194.535666218035
Nazca Lofts & Apartments,Zibatá II,74.2,74.2,0.0,0.0,2.0,Subvertical,2810003.0,2810003.0,0.0,2022-05-24,2025-11-14,2025.0,11.0,1270.0,37870.66037735849
Naara,Fraccionamiento Zibatá II,114.13,149.1,34.97,0.0,2.0,Horizontal,3893044.14,3893044.14,0.0,2025-07-24,2025-11-10,2025.0,11.0,109.0,34110.61193375975
Sophia Distrito,Jurica,215.8,258.1,42.3,0.0,2.0,Horizontal,5638900.0,5513900.0,0.0,2021-09-25,2025-11-11,2025.0,11.0,1508.0,25550.97312326228
Alondra,Altos Juriquilla,121.5,164.7,43.2,0.0,2.0,Horizontal,3674455.0,3674455.0,0.0,2022-02-17,2025-11-08,2025.0,11.0,1360.0,30242.427983539095
Gran Motivo,Zarú,146.7,146.7,0.0,0.0,2.0,Horizontal,3399099.0,3274099.0,0.0,2022-08-03,2025-11-16,2025.0,11.0,1201.0,22318.329925017042
Oasis High Residence,Fraccionamiento Zarú,102.0,102.0,0.0,0.0,2.0,Subvertical,2944836.0,2844836.0,0.0,2023-09-07,2025-11-10,2025.0,11.0,795.0,27890.549019607843
Nazca Nea,Zibatá II,174.0,202.4,28.4,0.0,2.0,Horizontal,4253000.0,4253000.0,0.0,2022-03-17,2025-11-17,2025.0,11.0,1341.0,24442.528735632182
Alondra,Altos Juriquilla,215.0,250.4,35.4,0.0,2.0,Horizontal,4604717.0,4479717.0,0.0,2022-02-17,2025-11-19,2025.0,11.0,1371.0,20835.893023255812
Melodía,Nuevo Refugio,121.47,152.8,31.33,0.0,2.0,Horizontal,3558564.0,3345050.16,6.0,2023-03-15,2025-12-08,2025.0,12.0,999.0,27538.076562114104
El Capricho,"Cascatta II, Lomas de Angelópolis",215.2,280.8,65.6,0.0,0.0,Horizontal,4026413.0,3901413.0,0.0,2019-07-16,2025-11-14,2025.0,11.0,2313.0,18129.242565055763
Nazca Nea,Zibatá II,165.3,191.3,26.0,0.0,2.0,Horizontal,4136449.0,4011449.0,0.0,2022-03-17,2025-11-18,2025.0,11.0,1342.0,24267.689050211735
Emma,Cumbres del Lago,115.2,192.6,77.4,0.0,2.0,Horizontal,3813533.0,3688533.0,0.0,2022-12-08,,,,,32018.515625
Melodía,Nuevo Refugio,94.9,101.22,0.0,6.32,1.0,Horizontal,2697689.0,2572689.0,0.0,2023-03-15,2025-11-24,2025.0,11.0,985.0,27109.473129610113
Nazca Lofts & Apartments,Zibatá II,74.2,74.2,0.0,0.0,1.0,Subvertical,2766467.0,2641467.0,0.0,2022-05-24,2025-11-24,2025.0,11.0,1280.0,35599.28571428571
